/*M!999999\- enable the sandbox mode */ 
-- MariaDB dump 10.19  Distrib 10.11.11-MariaDB, for Linux (x86_64)
--
-- Host: localhost    Database: elliasbco_db_erp
-- ------------------------------------------------------
-- Server version	10.11.11-MariaDB

/*!40101 SET @OLD_CHARACTER_SET_CLIENT=@@CHARACTER_SET_CLIENT */;
/*!40101 SET @OLD_CHARACTER_SET_RESULTS=@@CHARACTER_SET_RESULTS */;
/*!40101 SET @OLD_COLLATION_CONNECTION=@@COLLATION_CONNECTION */;
/*!40101 SET NAMES utf8mb4 */;
/*!40103 SET @OLD_TIME_ZONE=@@TIME_ZONE */;
/*!40103 SET TIME_ZONE='+00:00' */;
/*!40014 SET @OLD_UNIQUE_CHECKS=@@UNIQUE_CHECKS, UNIQUE_CHECKS=0 */;
/*!40014 SET @OLD_FOREIGN_KEY_CHECKS=@@FOREIGN_KEY_CHECKS, FOREIGN_KEY_CHECKS=0 */;
/*!40101 SET @OLD_SQL_MODE=@@SQL_MODE, SQL_MODE='NO_AUTO_VALUE_ON_ZERO' */;
/*!40111 SET @OLD_SQL_NOTES=@@SQL_NOTES, SQL_NOTES=0 */;

--
-- Table structure for table `failed_jobs`
--

DROP TABLE IF EXISTS `failed_jobs`;
/*!40101 SET @saved_cs_client     = @@character_set_client */;
/*!40101 SET character_set_client = utf8mb4 */;
CREATE TABLE `failed_jobs` (
  `id` bigint(20) unsigned NOT NULL AUTO_INCREMENT,
  `uuid` varchar(191) NOT NULL,
  `connection` text NOT NULL,
  `queue` text NOT NULL,
  `payload` longtext NOT NULL,
  `exception` longtext NOT NULL,
  `failed_at` timestamp NOT NULL DEFAULT current_timestamp(),
  PRIMARY KEY (`id`),
  UNIQUE KEY `failed_jobs_uuid_unique` (`uuid`)
) ENGINE=InnoDB DEFAULT CHARSET=utf8mb4 COLLATE=utf8mb4_unicode_ci ROW_FORMAT=DYNAMIC;
/*!40101 SET character_set_client = @saved_cs_client */;

--
-- Dumping data for table `failed_jobs`
--

LOCK TABLES `failed_jobs` WRITE;
/*!40000 ALTER TABLE `failed_jobs` DISABLE KEYS */;
/*!40000 ALTER TABLE `failed_jobs` ENABLE KEYS */;
UNLOCK TABLES;

--
-- Table structure for table `migrations`
--

DROP TABLE IF EXISTS `migrations`;
/*!40101 SET @saved_cs_client     = @@character_set_client */;
/*!40101 SET character_set_client = utf8mb4 */;
CREATE TABLE `migrations` (
  `id` int(10) unsigned NOT NULL AUTO_INCREMENT,
  `migration` varchar(191) NOT NULL,
  `batch` int(11) NOT NULL,
  PRIMARY KEY (`id`)
) ENGINE=InnoDB AUTO_INCREMENT=59 DEFAULT CHARSET=utf8mb4 COLLATE=utf8mb4_unicode_ci ROW_FORMAT=DYNAMIC;
/*!40101 SET character_set_client = @saved_cs_client */;

--
-- Dumping data for table `migrations`
--

LOCK TABLES `migrations` WRITE;
/*!40000 ALTER TABLE `migrations` DISABLE KEYS */;
INSERT INTO `migrations` VALUES
(1,'2014_10_12_000000_create_users_table',1),
(2,'2014_10_12_100000_create_password_reset_tokens_table',1),
(3,'2019_08_19_000000_create_failed_jobs_table',1),
(4,'2019_12_14_000001_create_personal_access_tokens_table',1),
(5,'2024_10_12_115510_create_prm_roles_table',1),
(6,'2024_10_12_120105_create_prm_menuses_table',1),
(7,'2024_10_12_132220_create_prm_role_menuses_table',1),
(8,'2024_10_12_132451_create_prm_companies_table',1),
(9,'2024_10_12_132928_create_ms_products_table',1),
(10,'2024_10_12_133243_create_ms_suppliers_table',1),
(11,'2024_10_12_134439_create_ms_customers_table',1),
(12,'2024_10_12_134757_create_prm_configs_table',1),
(13,'2024_11_26_170947_add_create_by_updated_by_table_users',1),
(14,'2024_11_26_195302_add_create_by_updated_by_table_prm_company',1),
(15,'2024_11_26_212908_add_create_by_updated_by_table_ms_suppliers',1),
(16,'2024_11_26_221432_add_create_by_updated_by_table_ms_customers',1),
(17,'2024_11_28_110535_create_tr_purchase',1),
(18,'2024_11_28_111923_create_tr_purchase_non',1),
(19,'2024_11_28_112802_create_tr_purchase_details_table',1),
(20,'2024_11_28_113317_create_tr_purchase_non_details_table',1),
(21,'2024_11_29_084312_create_tr_sales_table',1),
(22,'2024_11_29_084327_create_tr_sales_nons_table',1),
(23,'2024_11_29_084422_create_tr_sales_details_table',1),
(24,'2024_11_29_084431_create_tr_sales_non_details_table',1),
(25,'2024_11_29_163541_create_tr_general_ledgers_table',1),
(26,'2024_11_29_163806_create_tr_general_ledger_details_table',1),
(27,'2024_11_30_061724_create_ms_accounts_table',1),
(28,'2024_11_30_193445_create_prm_category_accounts_table',1),
(29,'2024_12_02_194729_create_tr_purchase_files_table',1),
(30,'2024_12_02_194952_create_tr_purchase_non_files_table',1),
(31,'2024_12_03_121905_create_tr_sales_files_table',1),
(32,'2024_12_03_121915_create_tr_sales_non_files_table',1),
(33,'2024_12_06_235259_create_ms_payment_methods_table',1),
(34,'2024_12_07_200455_create_tr_payments_table',1),
(35,'2024_12_07_215809_create_tr_receives_table',1),
(36,'2024_12_26_004825_add_is_sales_is_approve_prm_menus',2),
(37,'2024_12_26_005146_add_is_sales_is_approve_prm_role_menus',2),
(38,'2024_12_26_011336_add_sales_id_tr_purchase',2),
(39,'2024_12_26_011355_add_sales_id_tr_purchase_non',2),
(40,'2024_12_26_011433_add_sales_id_tr_sales',2),
(41,'2024_12_26_011442_add_sales_id_tr_sales_non',2),
(42,'2024_12_26_030809_add_npwp_ms_customers',3),
(43,'2024_12_27_170405_add_is_invoice_tr_sales',4),
(44,'2024_12_27_170427_add_is_invoice_tr_sales_non',4),
(45,'2024_12_27_171713_create_tr_invoices_table',4),
(46,'2024_12_27_172902_create_tr_invoices_nons_table',4),
(47,'2025_01_01_011508_add_product_code_tr_sales_details',5),
(48,'2025_01_01_011528_add_product_code_tr_sales_non_details',5),
(49,'2025_01_12_103901_create_ms_intensive_user',6),
(50,'2025_01_12_105441_delete_ms_intensive_user',6),
(51,'2025_01_12_105519_create_ms_insentif_sales',6),
(52,'2025_01_12_212806_add_is_posting_tr_purchase',6),
(53,'2025_01_12_212828_add_is_posting_tr_purchase_non',6),
(54,'2025_01_12_213039_add_is_posting_tr_invoices',6),
(55,'2025_01_12_213047_add_is_posting_tr_invoices',6),
(56,'2025_01_30_213332_add_dpp_tr_purchase',7),
(57,'2025_01_30_213352_add_dpp_tr_sales',7),
(58,'2025_01_30_213408_add_dpp_tr_invoices',7);
/*!40000 ALTER TABLE `migrations` ENABLE KEYS */;
UNLOCK TABLES;

--
-- Table structure for table `ms_accounts`
--

DROP TABLE IF EXISTS `ms_accounts`;
/*!40101 SET @saved_cs_client     = @@character_set_client */;
/*!40101 SET character_set_client = utf8mb4 */;
CREATE TABLE `ms_accounts` (
  `id` bigint(20) unsigned NOT NULL AUTO_INCREMENT,
  `code` varchar(20) NOT NULL,
  `name` varchar(100) NOT NULL,
  `category_account_id` bigint(20) NOT NULL,
  `account_type` varchar(2) DEFAULT NULL COMMENT 'db = debit, cr = credit',
  `debit` varchar(1) DEFAULT NULL,
  `credit` varchar(1) DEFAULT NULL,
  `opening_balance` decimal(18,2) NOT NULL DEFAULT 0.00,
  `parent_code` bigint(20) DEFAULT NULL,
  `level` varchar(191) NOT NULL DEFAULT 'G' COMMENT 'G = group, D = detail',
  `is_status` varchar(1) NOT NULL DEFAULT '1',
  `created_at` timestamp NULL DEFAULT NULL,
  `updated_at` timestamp NULL DEFAULT NULL,
  `deleted_at` timestamp NULL DEFAULT NULL,
  `created_by` bigint(20) DEFAULT NULL,
  `updated_by` bigint(20) DEFAULT NULL,
  `deleted_by` bigint(20) DEFAULT NULL,
  PRIMARY KEY (`id`),
  KEY `ms_accounts_id_index` (`id`),
  KEY `ms_accounts_code_index` (`code`),
  KEY `ms_accounts_name_index` (`name`),
  KEY `ms_accounts_category_account_id_index` (`category_account_id`),
  KEY `ms_accounts_account_type_index` (`account_type`),
  KEY `ms_accounts_debit_index` (`debit`),
  KEY `ms_accounts_credit_index` (`credit`),
  KEY `ms_accounts_parent_code_index` (`parent_code`),
  KEY `ms_accounts_level_index` (`level`),
  KEY `ms_accounts_is_status_index` (`is_status`),
  KEY `ms_accounts_created_by_index` (`created_by`)
) ENGINE=InnoDB AUTO_INCREMENT=126 DEFAULT CHARSET=utf8mb4 COLLATE=utf8mb4_unicode_ci ROW_FORMAT=DYNAMIC;
/*!40101 SET character_set_client = @saved_cs_client */;

--
-- Dumping data for table `ms_accounts`
--

LOCK TABLES `ms_accounts` WRITE;
/*!40000 ALTER TABLE `ms_accounts` DISABLE KEYS */;
INSERT INTO `ms_accounts` VALUES
(1,'1000.0000','AKTIVA LANCAR',6,'db',NULL,NULL,0.00,NULL,'G','1','2024-12-19 09:51:26','2024-12-21 08:25:35',NULL,2,2,NULL),
(2,'1100.0000','KAS ATAU SETARA KAS',6,'db',NULL,NULL,0.00,1,'G','1','2024-12-19 09:52:10','2024-12-21 08:27:08',NULL,2,2,NULL),
(3,'1110.0000','KAS BESAR',6,'db',NULL,NULL,0.00,2,'G','1','2024-12-19 09:52:45','2024-12-21 08:26:28',NULL,2,2,NULL),
(4,'1120.0000','KAS KECIL',6,'db',NULL,NULL,0.00,2,'G','1','2024-12-19 09:53:14','2024-12-21 08:28:07',NULL,2,2,NULL),
(5,'1120.0000','BANK',6,'db',NULL,NULL,0.00,1,'G','0','2024-12-19 09:53:59','2024-12-21 08:27:58','2024-12-21 08:27:58',2,2,2),
(6,'1120.0001','BANK BCA A/C 1234567890',6,'db',NULL,NULL,0.00,5,'G','0','2024-12-19 09:54:34','2024-12-21 08:27:54','2024-12-21 08:27:54',2,2,2),
(7,'1120.0002','BANK MANDIRI',6,'db',NULL,NULL,0.00,5,'G','0','2024-12-19 09:54:56','2024-12-21 08:27:50','2024-12-21 08:27:50',2,2,2),
(8,'1200.0000','BANK BANK',6,'db',NULL,NULL,0.00,1,'G','1','2024-12-21 08:28:48','2024-12-21 08:31:40',NULL,2,2,NULL),
(9,'1210.0000','BANK BCA - 5455 678797',6,'db',NULL,NULL,0.00,8,'G','1','2024-12-21 08:29:24','2024-12-29 09:32:16',NULL,2,2,NULL),
(10,'1220.0000','BANK BCA TSP - 5830 398165',6,'db',NULL,NULL,0.00,8,'G','1','2024-12-21 08:29:59','2024-12-29 09:32:52',NULL,2,2,NULL),
(11,'1300.0000','PERSEDIAAN BARANG',6,'db',NULL,NULL,0.00,1,'G','1','2024-12-21 08:31:26','2024-12-21 08:31:26',NULL,2,2,NULL),
(12,'1310.0000','PERSEDIAAN BARANG LAINNYA',6,'db',NULL,NULL,0.00,11,'G','1','2024-12-21 08:32:06','2024-12-21 08:32:06',NULL,2,2,NULL),
(13,'1400.0000','PIUTANG USAHA',6,'db',NULL,NULL,0.00,1,'G','1','2024-12-21 08:32:44','2024-12-21 08:32:44',NULL,2,2,NULL),
(14,'1410.0000','PIUTANG USAHA DAGANG',6,'db',NULL,NULL,0.00,13,'G','1','2024-12-21 08:33:47','2024-12-21 08:33:47',NULL,2,2,NULL),
(15,'1500.0000','PIUTANG USAHA LAINNYA',6,'db',NULL,NULL,0.00,1,'G','1','2024-12-21 08:34:11','2024-12-21 08:36:19',NULL,2,2,NULL),
(16,'1510.0000','PIUTANG DIREKSI',6,'db',NULL,NULL,0.00,15,'G','1','2024-12-21 08:35:02','2024-12-21 08:36:47',NULL,2,2,NULL),
(17,'1520.0000','PIUTANG KARYAWAN',6,'db',NULL,NULL,0.00,15,'G','1','2024-12-21 08:35:24','2024-12-21 08:37:17',NULL,2,2,NULL),
(18,'1600.0000','UANG MUKA PEMBELIAN',6,'cr',NULL,NULL,0.00,1,'G','1','2024-12-21 08:54:37','2024-12-21 08:54:37',NULL,2,2,NULL),
(19,'1610.0000','UANG MUKA PEMBELIAN DAGANG',6,'cr',NULL,NULL,0.00,18,'G','1','2024-12-21 08:55:15','2024-12-21 08:55:15',NULL,2,2,NULL),
(20,'1700.0000','BIAYA DIBAYAR DIMUKA',6,'cr',NULL,NULL,0.00,1,'G','1','2024-12-21 08:56:00','2024-12-21 08:56:00',NULL,2,2,NULL),
(21,'1710.0000','ASURANSI DIBAYAR DIMUKA',6,'cr',NULL,NULL,0.00,20,'G','1','2024-12-21 08:56:52','2024-12-21 08:56:52',NULL,2,2,NULL),
(22,'1800.0000','SEWA DIBAYAR DIMUKA',6,'cr',NULL,NULL,0.00,1,'G','1','2024-12-21 08:57:43','2024-12-21 08:57:43',NULL,2,2,NULL),
(23,'1810.0000','SEWA RUKO XXX DIBAYAR DIMUKA',6,'cr',NULL,NULL,0.00,22,'G','1','2024-12-21 08:58:18','2024-12-21 08:58:18',NULL,2,2,NULL),
(24,'1900.0000','PAJAK DIBAYAR DIMUKA',6,'cr',NULL,NULL,0.00,1,'G','1','2024-12-21 08:58:57','2024-12-21 08:58:57',NULL,2,2,NULL),
(25,'1910.0000','PPN MASUKAN',6,'cr',NULL,NULL,0.00,24,'G','1','2024-12-21 08:59:23','2024-12-21 08:59:23',NULL,2,2,NULL),
(26,'1920.0000','PPH 21 DIBAYAR DIMUKA',6,'cr',NULL,NULL,0.00,1,'G','1','2024-12-21 09:00:23','2024-12-21 09:00:23',NULL,2,2,NULL),
(27,'2000.0000','AKTIVA TETAP',6,'cr',NULL,NULL,0.00,NULL,'G','1','2024-12-21 09:02:03','2024-12-21 09:02:03',NULL,2,2,NULL),
(28,'2100.0000','PROPERTY ATAU TANAH',6,'cr',NULL,NULL,0.00,27,'G','1','2024-12-21 09:02:38','2024-12-21 09:02:38',NULL,2,2,NULL),
(29,'2200.0000','KENDARAAN BERMOTOR',6,'cr',NULL,NULL,0.00,27,'G','1','2024-12-21 09:03:09','2024-12-21 09:03:09',NULL,2,2,NULL),
(30,'2210.0000','HONDA XXXX B XXX XXX',6,'cr',NULL,NULL,0.00,29,'G','1','2024-12-21 09:03:53','2024-12-21 09:03:53',NULL,2,2,NULL),
(31,'2900.0000','AKUMULASI PENYUSUTAN',6,'cr',NULL,NULL,0.00,27,'G','1','2024-12-21 09:04:41','2024-12-21 09:06:23',NULL,2,2,NULL),
(32,'2910.0000','AKM PENYUSUTAN HONDA XXXX B XXXX XXX',6,'cr',NULL,NULL,0.00,31,'G','1','2024-12-21 09:06:12','2024-12-21 09:06:12',NULL,2,2,NULL),
(33,'2300.0000','PERALATAN KANTOR',6,'cr',NULL,NULL,0.00,27,'G','1','2024-12-21 09:06:53','2024-12-21 09:06:53',NULL,2,2,NULL),
(34,'2310.0000','MEJA MEETING',6,'cr',NULL,NULL,0.00,33,'G','1','2024-12-21 09:07:39','2024-12-21 09:07:39',NULL,2,2,NULL),
(35,'3000.0000','KEWAJIBAN DAN MODAL',8,'cr',NULL,NULL,0.00,NULL,'G','1','2024-12-21 09:10:42','2024-12-21 09:13:15',NULL,2,2,NULL),
(36,'4000.0000','KEWAJIBAN ATAU HUTANG',8,'cr',NULL,NULL,0.00,NULL,'G','1','2024-12-21 09:14:17','2024-12-21 09:14:17',NULL,2,2,NULL),
(37,'4200.0000','HUTANG BANK',8,'cr',NULL,NULL,0.00,36,'G','1','2024-12-21 09:14:46','2024-12-21 09:14:46',NULL,2,2,NULL),
(38,'4210.0000','HUTANG BANK BCA A/C 123456',8,'cr',NULL,NULL,0.00,37,'G','1','2024-12-21 09:15:31','2024-12-21 09:15:31',NULL,2,2,NULL),
(39,'4400.0000','HUTANG USAHA',8,'cr',NULL,NULL,0.00,36,'G','1','2024-12-21 09:16:26','2024-12-21 09:16:26',NULL,2,2,NULL),
(40,'4410.0000','HUTANG USAHA DAGANG',8,'cr',NULL,NULL,0.00,39,'G','1','2024-12-21 09:16:54','2024-12-21 09:16:54',NULL,2,2,NULL),
(41,'4500.0000','HUTANG USAHA LAINNYA',8,'cr',NULL,NULL,0.00,36,'G','1','2024-12-21 09:17:43','2024-12-21 09:17:43',NULL,2,2,NULL),
(42,'4510.0000','HUTANG PIHAK ISTIMEWA',8,'cr',NULL,NULL,0.00,41,'G','1','2024-12-21 09:20:25','2024-12-21 09:20:25',NULL,2,2,NULL),
(43,'4510.0001','HUTANG DIREKSI A',8,'cr',NULL,NULL,0.00,42,'G','1','2024-12-21 09:21:06','2024-12-21 09:21:06',NULL,2,2,NULL),
(44,'4600.0000','UANG MUKA PENJUALAN',8,'cr',NULL,NULL,0.00,36,'G','1','2024-12-21 09:23:31','2024-12-21 09:23:31',NULL,2,2,NULL),
(45,'4610.0000','UANG MUKA PENJUALAN DAGANG',8,'cr',NULL,NULL,0.00,44,'G','1','2024-12-21 09:25:17','2024-12-21 09:25:17',NULL,2,2,NULL),
(46,'4800.0000','BIAYA YANG HARUS DIBAYAR',8,'cr',NULL,NULL,0.00,36,'G','1','2024-12-21 09:26:36','2024-12-21 09:26:36',NULL,2,2,NULL),
(47,'4810.0000','GAJI YANG HARUS DIBAYAR',8,'cr',NULL,NULL,0.00,46,'G','1','2024-12-21 09:27:06','2024-12-21 09:27:06',NULL,2,2,NULL),
(48,'4811.0000','BONUS YANG HARUS DIBAYAR',8,'cr',NULL,NULL,0.00,47,'G','1','2024-12-21 09:27:59','2024-12-21 09:27:59',NULL,2,2,NULL),
(49,'4900.0000','HUTANG PAJAK',8,'cr',NULL,NULL,0.00,36,'G','1','2024-12-21 09:28:37','2024-12-21 09:28:37',NULL,2,2,NULL),
(50,'4910.0000','PPN KELUARAN',8,'cr',NULL,NULL,0.00,49,'G','1','2024-12-21 09:29:10','2024-12-21 09:29:10',NULL,2,2,NULL),
(51,'4920.0000','HUTANG PPH 21',8,'cr',NULL,NULL,0.00,49,'G','1','2024-12-21 09:30:13','2024-12-21 09:30:13',NULL,2,2,NULL),
(52,'5000.0000','MODAL DAN EKUITAS',8,'cr',NULL,NULL,0.00,NULL,'G','1','2024-12-21 09:31:31','2024-12-21 09:31:31',NULL,2,2,NULL),
(53,'5100.0000','MODAL DISETOR',8,'cr',NULL,NULL,0.00,52,'G','1','2024-12-21 09:32:28','2024-12-21 09:32:28',NULL,2,2,NULL),
(54,'5110.0000','TAMBAHAN MODAL DISETOR',8,'cr',NULL,NULL,0.00,53,'G','1','2024-12-21 09:33:09','2024-12-21 09:33:09',NULL,2,2,NULL),
(55,'5200.0000','DEVIDEN',8,'db',NULL,NULL,0.00,52,'G','1','2024-12-21 09:34:41','2024-12-21 09:34:41',NULL,2,2,NULL),
(56,'5210.0000','DEVIDEN XXX',8,'cr',NULL,NULL,0.00,55,'G','1','2024-12-21 09:35:20','2024-12-21 09:35:20',NULL,2,2,NULL),
(57,'5700.0000','LABA RUGI DITAHAN',8,'cr',NULL,NULL,0.00,52,'G','1','2024-12-21 09:36:32','2024-12-21 09:36:32',NULL,2,2,NULL),
(58,'5800.0000','LABA RUGI BERJALAN',8,'cr',NULL,NULL,0.00,52,'G','1','2024-12-21 09:36:56','2024-12-21 09:36:56',NULL,2,2,NULL),
(59,'5900.0000','SUMMARY BALANCE',8,'cr',NULL,NULL,0.00,52,'G','1','2024-12-21 09:37:32','2024-12-21 09:37:32',NULL,2,2,NULL),
(60,'6000.0000','PENJUALAN ATAU PENDAPATAN BERSIH',8,'cr',NULL,NULL,0.00,NULL,'G','1','2024-12-21 09:38:36','2024-12-21 09:38:36',NULL,2,2,NULL),
(61,'6100.0000','PENJUALAN ATAU PENDAPATAN KOTOR',8,'cr',NULL,NULL,0.00,60,'G','1','2024-12-21 09:39:05','2024-12-21 09:39:05',NULL,2,2,NULL),
(62,'6110.0000','PENJUALAN TRADING',8,'cr',NULL,NULL,0.00,61,'G','1','2024-12-21 09:39:46','2024-12-21 09:39:46',NULL,2,2,NULL),
(63,'6190.0000','PENJUALAN ATAU PENDAPATAN LAINNYA',8,'cr',NULL,NULL,0.00,61,'G','1','2024-12-21 09:40:33','2024-12-21 09:40:33',NULL,2,2,NULL),
(64,'6200.0000','RETUR PENJUALAN',8,'cr',NULL,NULL,0.00,60,'G','1','2024-12-21 09:41:16','2024-12-21 09:41:16',NULL,2,2,NULL),
(65,'6300.0000','DISKON FAKTUR PENJUALAN',8,'cr',NULL,NULL,0.00,60,'G','1','2024-12-21 09:41:56','2024-12-21 09:41:56',NULL,2,2,NULL),
(66,'7000.0000','HARGA POKOK PENJUALAN BERSIH',8,'cr',NULL,NULL,0.00,NULL,'G','1','2024-12-21 09:42:22','2024-12-21 09:42:22',NULL,2,2,NULL),
(67,'7100.000','HARGA POKOK PENJUALAN KOTOR',8,'cr',NULL,NULL,0.00,66,'G','1','2024-12-21 09:42:54','2024-12-21 09:42:54',NULL,2,2,NULL),
(68,'7110.0000','HPP TRADING',8,'cr',NULL,NULL,0.00,67,'G','1','2024-12-21 09:43:29','2024-12-21 09:43:29',NULL,2,2,NULL),
(69,'7200.0000','HPP RETUR PENJUALAN',8,'cr',NULL,NULL,0.00,66,'G','1','2024-12-21 09:44:12','2024-12-21 09:44:12',NULL,2,2,NULL),
(70,'7300.0000','DISKON FAKTUR PEMBELIAN',8,'cr',NULL,NULL,0.00,66,'G','1','2024-12-21 09:44:51','2024-12-21 09:44:51',NULL,2,2,NULL),
(71,'7500.0000','PENDAPATAN DAN BEBAN LANGSUNG',8,'cr',NULL,NULL,0.00,66,'G','1','2024-12-21 09:45:31','2024-12-21 09:45:31',NULL,2,2,NULL),
(72,'7600.0000','PENDAPATAN LANGSUNG',8,'cr',NULL,NULL,0.00,66,'G','1','2024-12-21 09:45:59','2024-12-21 09:45:59',NULL,2,2,NULL),
(73,'7610.000','DISKON PEMBAYARAN HUTANG',8,'cr',NULL,NULL,0.00,72,'G','1','2024-12-21 09:46:48','2024-12-21 09:46:48',NULL,2,2,NULL),
(74,'7620.0000','PENGHAPUSAN HUTANG DAGANG',8,'cr',NULL,NULL,0.00,72,'G','1','2024-12-21 09:47:21','2024-12-21 09:47:21',NULL,2,2,NULL),
(75,'7630.0000','REFUND PEMBELIAN',8,'cr',NULL,NULL,0.00,72,'G','1','2024-12-21 09:47:56','2024-12-21 09:47:56',NULL,2,2,NULL),
(76,'7700.0000','BEBAN LANGSUNG',8,'cr',NULL,NULL,0.00,66,'G','1','2024-12-21 09:48:27','2024-12-21 09:48:27',NULL,2,2,NULL),
(77,'7701.0000','DISKON PENERMIAAN PIUTANG',8,'cr',NULL,NULL,0.00,76,'G','1','2024-12-21 09:49:13','2024-12-21 09:52:20',NULL,2,2,NULL),
(78,'7702.0000','PENGHAPUSAN PIUTANG DAGANG',8,'cr',NULL,NULL,0.00,76,'G','1','2024-12-21 09:50:05','2024-12-21 09:52:41',NULL,2,2,NULL),
(79,'7703.0000','REFUND HARGA PENJUALAN',8,'cr',NULL,NULL,0.00,76,'G','1','2024-12-21 09:50:41','2024-12-21 09:52:54',NULL,2,2,NULL),
(80,'7720.0000','ONGKOS KIRIM PENJUALAN',8,'db',NULL,NULL,0.00,76,'G','1','2024-12-21 09:54:03','2024-12-21 09:54:03',NULL,2,2,NULL),
(81,'7721.0000','ONGKOS KIRIM PEMBELIAN',8,'db',NULL,NULL,0.00,76,'G','1','2024-12-21 09:55:06','2024-12-21 09:55:06',NULL,2,2,NULL),
(82,'7780.0000','BIAYA BUNGA PINJAMAN BANK',8,'db',NULL,NULL,0.00,76,'G','1','2024-12-21 09:56:08','2024-12-21 09:56:08',NULL,2,2,NULL),
(83,'7800.0000','BIAYA MARKETING',8,'db',NULL,NULL,0.00,66,'G','1','2024-12-21 09:57:19','2024-12-21 09:57:19',NULL,2,2,NULL),
(84,'7801.0000','BIAYA PROMOSI',8,'db',NULL,NULL,0.00,83,'G','1','2024-12-21 09:58:01','2024-12-21 09:58:01',NULL,2,2,NULL),
(85,'7802.0000','BIAYA IKLAN',8,'db',NULL,NULL,0.00,83,'G','1','2024-12-21 09:58:37','2024-12-21 09:58:51',NULL,2,2,NULL),
(86,'7810.0000','BIAYA ENTERTAINMENT',8,'db',NULL,NULL,0.00,83,'G','1','2024-12-21 09:59:57','2024-12-21 09:59:57',NULL,2,2,NULL),
(87,'7820.0000','KOMISI PENJUALAN',8,'db',NULL,NULL,0.00,83,'G','1','2024-12-21 10:00:26','2024-12-21 10:00:26',NULL,2,2,NULL),
(88,'7830.0000','BIAYA PERJALANAN',8,'db',NULL,NULL,0.00,83,'G','1','2024-12-21 10:01:10','2024-12-21 10:01:10',NULL,2,2,NULL),
(89,'8000.0000','BIAYA OPERASIONAL',8,'db',NULL,NULL,0.00,NULL,'G','1','2024-12-21 10:01:36','2024-12-21 10:01:36',NULL,2,2,NULL),
(90,'8100.0000','BIAYA KEPEGAWAIAN',8,'db',NULL,NULL,0.00,89,'G','1','2024-12-21 10:02:13','2024-12-21 10:02:13',NULL,2,2,NULL),
(91,'8101.0000','GAJI',8,'db',NULL,NULL,0.00,90,'G','1','2024-12-21 10:02:54','2024-12-21 10:02:54',NULL,2,2,NULL),
(92,'8102.0000','THR',8,'db',NULL,NULL,0.00,90,'G','1','2024-12-21 10:03:24','2024-12-21 10:03:24',NULL,2,2,NULL),
(93,'8103.0000','LEMBUR',8,'db',NULL,NULL,0.00,90,'G','1','2024-12-21 10:03:54','2024-12-21 10:03:54',NULL,2,2,NULL),
(94,'8200.0000','BIAYA UMUM DAN ADMINISTRASI',8,'db',NULL,NULL,0.00,89,'G','1','2024-12-21 10:04:34','2024-12-21 10:04:34',NULL,2,2,NULL),
(95,'8201.0000','SEWA TOKO DAN KANTOR',8,'db',NULL,NULL,0.00,94,'G','1','2024-12-21 10:05:10','2024-12-21 10:05:10',NULL,2,2,NULL),
(96,'8202.0000','BIAYA PULSA',8,'db',NULL,NULL,0.00,94,'G','1','2024-12-21 10:06:04','2024-12-21 10:06:04',NULL,2,2,NULL),
(97,'8203.0000','BIAYA INTERNET',8,'db',NULL,NULL,0.00,94,'G','1','2024-12-21 10:06:31','2024-12-21 10:06:31',NULL,2,2,NULL),
(98,'8230.0000','BIAYA PEMELIHARAAN ALAT KANTOR',8,'db',NULL,NULL,0.00,94,'G','1','2024-12-21 10:07:48','2024-12-21 10:07:48',NULL,2,2,NULL),
(99,'8231.0000','BIAYA PEMELIHARAAN KENDARAAN',8,'db',NULL,NULL,0.00,98,'G','1','2024-12-21 10:08:22','2024-12-21 10:08:22',NULL,2,2,NULL),
(100,'8231.0001','BIAYA PEMELIHARAAN KENDARAAN HONDA XXXXX BXXX',8,'db',NULL,NULL,0.00,99,'G','1','2024-12-21 10:09:06','2024-12-21 10:09:06',NULL,2,2,NULL),
(101,'8232.0000','BIAYA PEMELIHARAAN KANTOR',8,'db',NULL,NULL,0.00,98,'G','1','2024-12-21 10:10:44','2024-12-21 10:10:44',NULL,2,2,NULL),
(102,'8232.0001','PEMELIHARAAN AC KANTOR',8,'db',NULL,NULL,0.00,101,'G','1','2024-12-21 10:11:25','2024-12-21 10:11:25',NULL,2,2,NULL),
(103,'8233.0000','BIAYA RENOVASI',8,'db',NULL,NULL,0.00,98,'G','1','2024-12-21 10:12:02','2024-12-21 10:12:02',NULL,2,2,NULL),
(104,'8250.0000','BIAYA PROFESIONAL',8,'db',NULL,NULL,0.00,94,'G','1','2024-12-21 10:13:06','2024-12-21 10:13:06',NULL,2,2,NULL),
(105,'8299.0000','BIAYA UMUM DAN ADM LAINNYA',8,'db',NULL,NULL,0.00,94,'G','1','2024-12-21 10:13:52','2024-12-21 10:13:52',NULL,2,2,NULL),
(106,'8300.0000','BIAYA PENYUSUTAN',8,'db',NULL,NULL,0.00,89,'G','1','2024-12-21 10:14:37','2024-12-21 10:14:37',NULL,2,2,NULL),
(107,'8310.000','BIAYA PENYUSUTAN KENDARAAN',8,'db',NULL,NULL,0.00,106,'G','1','2024-12-21 10:15:33','2024-12-21 10:15:33',NULL,2,2,NULL),
(108,'8320.0000','BIAYA PENYUSUTAN PERALATAN KANTOR',8,'db',NULL,NULL,0.00,106,'G','1','2024-12-21 10:16:08','2024-12-21 10:16:08',NULL,2,2,NULL),
(109,'9000.0000','PENDAPATAN DAN BIAYA NON OPERASIONAL',8,'db',NULL,NULL,0.00,NULL,'G','1','2024-12-21 10:17:25','2024-12-21 10:19:39',NULL,2,2,NULL),
(110,'9100.0000','PENDAPATAN NON OPERASIONAL',8,'cr',NULL,NULL,0.00,109,'G','1','2024-12-21 10:20:21','2024-12-21 10:20:21',NULL,2,2,NULL),
(111,'9101.000','JASA GIRO ATAU BUNGA BANK',8,'cr',NULL,NULL,0.00,110,'G','1','2024-12-21 10:20:58','2024-12-21 10:20:58',NULL,2,2,NULL),
(112,'9102.0000','LABA SELISIH KURS',8,'cr',NULL,NULL,0.00,110,'G','1','2024-12-21 10:21:36','2024-12-21 10:21:36',NULL,2,2,NULL),
(113,'9200.0000','BIAYA NON OPERASIONAL',8,'db',NULL,NULL,0.00,109,'G','1','2024-12-21 10:22:38','2024-12-21 10:22:38',NULL,2,2,NULL),
(114,'9201.0000','BIAYA ADMINISTRASI BANK',8,'db',NULL,NULL,0.00,113,'G','1','2024-12-21 10:23:11','2024-12-21 10:23:11',NULL,2,2,NULL),
(115,'9202.0000','RUGI SELISIH KURS',8,'db',NULL,NULL,0.00,113,'G','1','2024-12-21 10:23:45','2024-12-21 10:23:45',NULL,2,2,NULL),
(116,'9203.0000','BIAYA DIREKSI',8,'db',NULL,NULL,0.00,113,'G','1','2024-12-21 10:24:15','2024-12-21 10:24:15',NULL,2,2,NULL),
(117,'9204.0000','BIAYA KERUGIAN',8,'db',NULL,NULL,0.00,113,'G','1','2024-12-21 10:24:49','2024-12-21 10:24:49',NULL,2,2,NULL),
(118,'9500.0000','PAJAK',8,'db',NULL,NULL,0.00,109,'G','1','2024-12-21 10:26:16','2024-12-21 10:26:16',NULL,2,2,NULL),
(119,'9501.0000','PAJAK PENGHASILAN BADAN',8,'db',NULL,NULL,0.00,118,'G','1','2024-12-21 10:26:44','2024-12-21 10:26:44',NULL,2,2,NULL),
(120,'1230.0000','BANK BTN - 01058 01 30 000006 9',6,'db',NULL,NULL,0.00,8,'G','1','2024-12-29 09:33:50','2024-12-29 09:33:50',NULL,2,2,NULL),
(121,'1240.0000','GIRO / CEK BCA - 5455 678797',6,'cr',NULL,NULL,0.00,8,'G','1','2024-12-29 09:35:16','2024-12-29 09:35:16',NULL,2,2,NULL),
(122,'1250.0000','GIRO BTN - 01058 01 30 000006 9',6,'cr',NULL,NULL,0.00,8,'G','1','2024-12-29 09:36:06','2024-12-29 09:36:06',NULL,2,2,NULL),
(123,'9205.0000','BIAYA SELISIH PEMBULATAN INVOICE',8,'cr',NULL,NULL,0.00,113,'G','1','2024-12-29 14:48:58','2024-12-29 14:48:58',NULL,2,2,NULL),
(124,'9206.0000','BIAYA MATERAI',8,'cr',NULL,NULL,0.00,113,'G','1','2024-12-29 14:49:29','2024-12-29 14:49:29',NULL,2,2,NULL),
(125,'7803.0000','Biaya Pengiriman Penjualan',6,'db',NULL,NULL,0.00,83,'G','1','2025-01-15 10:28:53','2025-01-15 10:28:53',NULL,2,2,NULL);
/*!40000 ALTER TABLE `ms_accounts` ENABLE KEYS */;
UNLOCK TABLES;

--
-- Table structure for table `ms_customers`
--

DROP TABLE IF EXISTS `ms_customers`;
/*!40101 SET @saved_cs_client     = @@character_set_client */;
/*!40101 SET character_set_client = utf8mb4 */;
CREATE TABLE `ms_customers` (
  `id` bigint(20) unsigned NOT NULL AUTO_INCREMENT,
  `code` varchar(20) NOT NULL,
  `name` varchar(50) NOT NULL,
  `company_name` varchar(50) DEFAULT NULL,
  `address` text DEFAULT NULL,
  `country_id` bigint(20) NOT NULL DEFAULT 0,
  `state_id` bigint(20) NOT NULL DEFAULT 0,
  `city_id` bigint(20) NOT NULL DEFAULT 0,
  `postal_code` int(11) NOT NULL DEFAULT 0,
  `email` varchar(50) DEFAULT NULL,
  `phone` varchar(20) DEFAULT NULL,
  `telephone` varchar(20) DEFAULT NULL,
  `fax` varchar(20) DEFAULT NULL,
  `npwp` varchar(20) DEFAULT NULL,
  `is_status` varchar(1) NOT NULL DEFAULT '1',
  `created_at` timestamp NULL DEFAULT NULL,
  `updated_at` timestamp NULL DEFAULT NULL,
  `deleted_at` timestamp NULL DEFAULT NULL,
  `created_by` bigint(20) DEFAULT NULL,
  `updated_by` bigint(20) DEFAULT NULL,
  `deleted_by` bigint(20) DEFAULT NULL,
  PRIMARY KEY (`id`),
  KEY `ms_customers_id_index` (`id`),
  KEY `ms_customers_code_index` (`code`),
  KEY `ms_customers_name_index` (`name`),
  KEY `ms_customers_company_name_index` (`company_name`),
  KEY `ms_customers_country_id_index` (`country_id`),
  KEY `ms_customers_state_id_index` (`state_id`),
  KEY `ms_customers_city_id_index` (`city_id`),
  KEY `ms_customers_is_status_index` (`is_status`)
) ENGINE=InnoDB AUTO_INCREMENT=102 DEFAULT CHARSET=utf8mb4 COLLATE=utf8mb4_unicode_ci ROW_FORMAT=DYNAMIC;
/*!40101 SET character_set_client = @saved_cs_client */;

--
-- Dumping data for table `ms_customers`
--

LOCK TABLES `ms_customers` WRITE;
/*!40000 ALTER TABLE `ms_customers` DISABLE KEYS */;
INSERT INTO `ms_customers` VALUES
(1,'01','IBU AMEY / IBU DIAN','PT. ALPINE COOL UTAMA','JL.P.JAYAKARTA NO.87, KEL. MANGGA DUA SELATAN, KEC. SAWAH BESAR, JAKARTA PUSAT - DKI JAKARTA',0,0,0,0,NULL,'0822-6077-1118',NULL,NULL,'0020945754026000','1','2024-12-22 16:24:35','2025-02-15 18:00:03',NULL,NULL,NULL,NULL),
(2,'02','0811-8886-404','PT. TRIPOLA HARAPAN MANDIRI','JL. TERUSAN BANDENGAN UTARA NO. 91 AU, PEJAGALAN - PENJARINGAN, JAKARTA UTARA',0,0,0,0,NULL,'0811-8886-404',NULL,NULL,'01.781.535.8-041.000','0','2024-12-22 16:25:51','2024-12-30 20:35:30',NULL,NULL,NULL,NULL),
(3,'03','Bpk Andry Samuel','PT. HAZEDON CIPTA KARYA','JL PADURENAN NO. 102, PABUARAN, CIBINONG, KAB. BOGOR, JAWA BARAT 16916',0,0,0,0,NULL,'0812-1234-9751','0812-8067-4367',NULL,'0414169730403000','1','2024-12-22 16:33:49','2025-02-01 23:14:42',NULL,NULL,NULL,NULL),
(4,'04','0812-1234-9751','BAPAK SAMUEL - RONY','CILEUNGSI - BOGOR',0,0,0,0,NULL,NULL,NULL,NULL,NULL,'0','2024-12-22 17:34:18','2025-01-19 17:09:41',NULL,NULL,NULL,NULL),
(5,'CST20241226162315','Ibu Dwi','PT. ADHI GRIYA PROPERTI','GEDUNG ASCOM JL KH ABDULLAH SYAFEI NO 23A RT 001 RW 001, KEBON BARU, TEBET, JAKARTA SELATAN, DKI JAKARTA 41283',0,0,0,0,NULL,'081228333343',NULL,NULL,'0033074741015000','1','2024-12-26 16:28:48','2025-01-21 22:11:31',NULL,NULL,NULL,NULL),
(6,'CST2024122616292','0812','PT. ADMIRAL BLESENSA ABADI','JL KYAI CARINGIN NO. 8, CIDENG, GAMBIR JAKARTA PUSAT DKI JAKARTA',0,0,0,0,NULL,NULL,NULL,NULL,'75.666.678.0-432.000','1','2024-12-26 16:30:23','2024-12-26 16:30:23',NULL,NULL,NULL,NULL),
(7,'CST20241226163037','Ibu Ayu','PT. AGUNG SURYA PRAKASA','JALAN PANGERAN JAYAKARTA 14 BLOK - NO. 13 RT:000 RW:000 KEL.MANGGA DUA SELATAN KEC.SAWAH BESAR KOTA/KAB.JAKARTA PUSAT DKI JAKARTA 10730',0,0,0,0,NULL,'087883329488',NULL,NULL,'0013012976026000','1','2024-12-26 16:31:46','2025-03-31 01:39:51',NULL,NULL,NULL,NULL),
(8,'CST20241226163229','081','PT. ANEKA FROZE TRIUTAMA','JL PANGERAN JAYAKARTA NO.87, KEL. MANGGA DUA SELATAN, KEC. SAWAH BESAR, JAKARTA PUSAT - DKI JAKARTA',0,0,0,0,NULL,NULL,NULL,NULL,'02.094.574-7-073.000','1','2024-12-26 16:34:44','2024-12-26 16:34:44',NULL,NULL,NULL,NULL),
(9,'CST20241226163457','081','PT.ARAH BANGUN MANDIRI','JL. KEBON JERUK 18/53 RT. 002 RW 009 MAPHAR TAMANSARI JAKARTA BARAT',0,0,0,0,NULL,NULL,NULL,NULL,NULL,'1','2024-12-26 16:36:14','2024-12-29 15:15:44',NULL,NULL,NULL,NULL),
(10,'CST20241226163625','Ibu Nayla','PT. ARAS ARTHA GAYA','THE MANHATTAN SQUARE, TB SIMATUPANG KAV 1-S BLOK F - 23, CILANDAK TIMUR, PASAR MINGGU',0,0,0,0,NULL,NULL,'0895-4182-26842',NULL,'73.429.897.9-048.000','0','2024-12-26 16:38:18','2025-01-08 19:27:42',NULL,NULL,NULL,NULL),
(11,'CST20241226163830','081','PT. BINA GRAHA MAKMUR','JL. JENDRAL GATOT SUBROTO NO.10 KUNINGAN BARAT, MAMPANG PRAPATAN JAKARTA SELATAN DKI JAKARTA',0,0,0,0,NULL,NULL,NULL,NULL,'86.693.539.8-014.000','1','2024-12-26 16:40:30','2024-12-29 15:16:22',NULL,NULL,NULL,NULL),
(12,'CST20241226164045','082260771118','PT. CHARLY AMENEHUNG UTOMO','JL. PANGERAN JAYAKARTA,87, MANGGA DUA SELATAN, SAWAH BESAR, KOTA ADM JAKARTA PUSAT, DKI JAKARTA, 10730',0,0,0,0,NULL,NULL,NULL,NULL,'3173033105540005','1','2024-12-26 16:42:53','2025-02-13 21:28:47',NULL,NULL,NULL,NULL),
(13,'CST20241226164313','081906018569','PT. CAHAYA ABADI GEMILANG SENTOSA','KP. BABAT, BABAT, LEGOK, KAB. TANGERANG, BANTEN 15824',0,0,0,0,NULL,NULL,NULL,NULL,'73.238.441.7-451.000','1','2024-12-26 16:45:35','2024-12-26 16:45:35',NULL,NULL,NULL,NULL),
(14,'CST20241226164540','081','PT. CAHAYA LESTARI ANUGRAH INDONESIA','THE BOUTIQUE OFFICE PARK A-27 , JL. BENYAMIN SUAEB BLOK A.6 RT. 000 RW. 000',0,0,0,0,NULL,NULL,NULL,NULL,NULL,'1','2024-12-26 16:46:56','2024-12-29 15:16:37',NULL,NULL,NULL,NULL),
(15,'CST20241226164712','081','PT. CAHAYA SATRIA ENERGI','KOMP PURI MUTIARA BLOK. D NO. 19 SUNTER AGUNG, TANJUNG PRIOK, JAKARTA UTARA, DKI JAKARTA',0,0,0,0,NULL,NULL,NULL,NULL,'73.245.238.8-048.000','1','2024-12-26 16:48:22','2024-12-26 16:48:22',NULL,NULL,NULL,NULL),
(16,'CST20241226164827','BPK ALFIAN','PT. CATURKRIDA DANAUTAMA','JL. PECENONGAN, 78, KEBON KELAPA, GAMBIR, JAKARTA PUSAT, DKI JAKARTA 10120',0,0,0,0,NULL,'085729822008',NULL,NULL,'01.340.034.6-074.000','1','2024-12-26 16:50:57','2025-04-07 17:06:42',NULL,NULL,NULL,NULL),
(17,'CST2024122616519','081','CV. CHANDRA PERDANA ABADI','JL. HAYAM WURUK,1,SAWAH LAMA, TANJUNGKARANG TIMUR, KOTA BANDAR LAMPUNG, LAMPUNG 35215',0,0,0,0,NULL,NULL,NULL,NULL,'03.066.315.7-322.000','1','2024-12-26 16:52:09','2024-12-26 16:52:09',NULL,NULL,NULL,NULL),
(18,'CST20241226165219','BPK RONI','PT. CIPTA DEKOR INDAH','KOMPLEK DAAN MOGOT BARU JL BEDUGUL, 5B, 15A, KALIDERES, KALIDERES, KOTA ADM. JAKARTA BARAT,DKI JAKARTA, 11840',0,0,0,0,NULL,NULL,NULL,NULL,'0027504737085000','1','2024-12-26 16:53:28','2025-01-31 15:32:33',NULL,NULL,NULL,NULL),
(19,'CST20241226165339','BPK RIDHO','CV. ENAMBELAS MENARA INDONESIA','VILLA GRAND TOMANG BLOK C 3 NO. 2 RT. 006 RW. 001, KEL. PERIUK KEC. PERIUK KOTA TANGERANG BANTEN',0,0,0,0,NULL,'085601074181',NULL,NULL,NULL,'1','2024-12-26 16:54:51','2025-01-04 19:29:44',NULL,NULL,NULL,NULL),
(20,'CST2024122616550','081','PT. ESPERTA PERDANA TATA','KOMPLEK RUKAN SENTRA BISNIS ARTHA GADING, BLOK A6 NO.6. KEL. KELAPA GADING BARAT, KEC. KELAPA GADING, JAKARTA UTARA - DKI JAKARTA 14240',0,0,0,0,NULL,NULL,NULL,NULL,NULL,'1','2024-12-26 16:55:54','2024-12-29 15:17:40',NULL,NULL,NULL,NULL),
(21,'CST20241226165632','081','CV. ESTETIKA PERSADA UTAMA','BOULEVARD ARTHA GADING LT.2 A6-B NO.16 KELAPA GADING BARAT, KELAPA GADING, JAKARTA UTARA DKI JAKARTA',0,0,0,0,NULL,NULL,NULL,NULL,NULL,'1','2024-12-26 16:57:04','2024-12-26 16:57:04',NULL,NULL,NULL,NULL),
(22,'CST2024122616579','081','PT. GEMA GRAHA SARANA Tbk','SOUTH 78, JL BOULEVARD GADING SEPONG BLOK O, MEDANG, PAGEDANGAN, KAB. TANGERANG, BANTEN, 15334',0,0,0,0,NULL,NULL,NULL,NULL,'01.392.120.0-054.000','1','2024-12-26 16:58:16','2024-12-26 16:58:16',NULL,NULL,NULL,NULL),
(23,'CST20241226165831','081','PT. Gita Bhakti Mandiri','JL ARJUNA UTARA, 87 , DURI KEPA, KEBON JERUK,KOTA ADM. JAKARTA BARAT, DKI JAKARTA 11510',0,0,0,0,NULL,NULL,NULL,NULL,'01.336.066.4-039.000','1','2024-12-26 16:59:33','2024-12-26 16:59:33',NULL,NULL,NULL,NULL),
(24,'CST20241226205257','081','PT. GLOBAL SUKSES DIGITAL TBK','JL TEBAH RAYA NO. 4 GUNUNG, KEMAYORAN BARU KOTA ADM.JAKARTA SELATAN DKI JAKARTA',0,0,0,0,NULL,NULL,NULL,NULL,'03.312.731.7-077.000','1','2024-12-26 20:53:53','2024-12-29 15:17:55',NULL,NULL,NULL,NULL),
(25,'CST20241226205357','081','PT. GRAHA BALI SAMUDERA','JL KH WAHID HASYIM NO. 8A KEBON SIRIH MENTENG JAKARTA PUSAT DKI JAKARTA',0,0,0,0,NULL,NULL,NULL,NULL,NULL,'1','2024-12-26 20:55:01','2024-12-29 15:18:12',NULL,NULL,NULL,NULL),
(26,'CST2024122620555','BPK BUDI','PT. GRAHA JAYA KARUNIA','PERMATA MERUYA BLOK E-14 NO. 32, KEL. MERUYA UTARA, KEC. KEMBANGAN, JAKARTA BARAT - DKI JAKARTA',0,0,0,0,NULL,'0818926923',NULL,NULL,'0317850238086000','1','2024-12-26 20:56:28','2025-02-19 10:36:42',NULL,NULL,NULL,NULL),
(27,'CST20241226205638','081','PT. GUNTUR MADU TAMA','HOTEL ACACIA JL KRAMAT RAYA NO 73-81 KEL. KRAMAT, KEC. SENEN, KOTA. JAKARTA PUSAT - DKI JAKARTA',0,0,0,0,NULL,NULL,NULL,NULL,NULL,'1','2024-12-26 20:57:45','2024-12-29 15:18:38',NULL,NULL,NULL,NULL),
(28,'CST20241226205749','.','PT. UNISON JAYA','GRIYA IDOLA PARK RAYA SERANG KM.12 BLOK A23, DUKUH, CIKUPA, KAB. TANGERANG, BANTEN',0,0,0,0,NULL,NULL,NULL,NULL,'0018709402416000','1','2024-12-26 20:59:01','2025-02-26 11:29:08',NULL,NULL,NULL,NULL),
(29,'CST20241226205911','081','Bapak Imanuel Joe Tan','JALAN PRIMA INDAH IV BLOK. LL NO. 28 RT. 014 WIJAYA KUSUMA GROGOL PETAMBURAN KOTA ADM. JAKARTA BARAT DKI JAKARTA',0,0,0,0,NULL,NULL,NULL,NULL,'20.571.094.0-036.000','0','2024-12-26 21:00:17','2025-01-30 23:22:21',NULL,NULL,NULL,NULL),
(30,'CST2024122621023','081','PT. INDOPRIMA BANDUNG','KP KULALET NO. 35 BOJONG MALAKA BALEENDAH',0,0,0,0,NULL,NULL,NULL,NULL,NULL,'1','2024-12-26 21:01:22','2024-12-29 15:18:51',NULL,NULL,NULL,NULL),
(31,'CST2024122621126','081','PT. INTEGRASI DESIGN ERA ARSITEKTUR','Komp. Green Ville Maisonette Blok FC No. 18. Kel. Duri Kepa, Kec. Kebon Jeruk. Jakarta Barat - DKI Jakarta',0,0,0,0,NULL,NULL,NULL,NULL,NULL,'1','2024-12-26 21:02:26','2024-12-29 15:19:19',NULL,NULL,NULL,NULL),
(32,'CST2024122621237','Bpk Andi','PT. JAYACIPTA KREASI PERSADA INDONESIA','SPRINGHILL OFFICE TOWER LANTAI GF, JL. BENYAMI PADEMANGAN TIMUR, PADEMANGAN KOTA ADM. JAKARTA UTARA DKI JAKARTA ',0,0,0,0,NULL,'0816883525',NULL,NULL,'0993123041044000','1','2024-12-26 21:03:49','2025-01-27 11:42:37',NULL,NULL,NULL,NULL),
(33,'CST202412262141','081','PT. KASTARA GANTARI KAWISWARA','Perumahan Permata Permai Blok : B2    RT. 006 RW. 010, Pancoran Mas',0,0,0,0,NULL,NULL,NULL,NULL,NULL,'1','2024-12-26 21:04:58','2024-12-29 15:19:48',NULL,NULL,NULL,NULL),
(34,'CST2024122621515','IBU RAHMA','PT. KATALO BANGUN GRIYA','KP TELUK BUYUNG NO 27 RT 002 RW 009 MARGA MULYA BEKASI UTARA KOTA BEKASI JAWA BARAT 17142',0,0,0,0,NULL,'081342670045',NULL,NULL,'0016989352407000','1','2024-12-26 21:06:03','2025-04-21 20:46:54',NULL,NULL,NULL,NULL),
(35,'CST2024122621613','081','PT. KINGSMEN INDONESIA','JL. HUSEIN SASTRANEGARA NO 20 RT. 005 RW. 008 PERGADUNGAN, KALIDERES, JAKARTA BARAT, DKI JAKARTA 11830',0,0,0,0,NULL,NULL,NULL,NULL,'02.194.424.4-058.000','1','2024-12-26 21:07:25','2024-12-26 21:07:25',NULL,NULL,NULL,NULL),
(36,'CST2024122621742','.','BPK KABUL','GEDUNG KOPERASI ASTRA. JL AHMAD YANI, KEL. CEMPAKA PUTIH TIMUR, KEC. CEMPAKA PUTIH, KOTA JAKARTA PUSAT - DKI JAKARTA 10510',0,0,0,0,NULL,'082229999282','087886268530',NULL,'01.562.075.0-046.000','1','2024-12-26 21:11:28','2025-03-06 10:26:39',NULL,NULL,NULL,NULL),
(37,'CST20241226211235','081','PT. KREASINDO KARYA INDONESIA','JL. KH. ABDULLAH SYAFEI NO.23A, KEBON BARU, TEBET, KOTA ADM. JAKARTA SELATAN, DKI JAKARTA 12830',0,0,0,0,NULL,NULL,NULL,NULL,'93.176.826.1-015.000','1','2024-12-26 21:13:29','2024-12-26 21:13:29',NULL,NULL,NULL,NULL),
(38,'CST20241226211341','081','PT. MAGNUS CIPTA ESTETIKA','KOMPLEKS GREEN LAKE CITY RUKAN GREATWALL BLOK C NO. 36, KEL. GONDRONG, KEC. CIPONDOH, KOTA TANGERANG - BANTEN 15146',0,0,0,0,NULL,NULL,NULL,NULL,NULL,'1','2024-12-26 21:14:46','2024-12-29 15:20:22',NULL,NULL,NULL,NULL),
(39,'CST20241226211459','081','PT. MOSAIC MULTI KREASI','KAV DPR BLOK A NO.234 KEL. KENANGA, KEC. CIPONDOH, KOTA/KAB. TANGERANG BANTEN',0,0,0,0,NULL,NULL,NULL,NULL,'72.065.984.6-416.000','1','2024-12-26 21:16:21','2024-12-26 21:16:21',NULL,NULL,NULL,NULL),
(40,'CST20241226211630','085212755268','PT. NUSANTARA TUGU MANDIRI','JL UTAN KAYU RAYA NO 57 A RT. 009    RW. 005. KEL. UTAN KAYU, KEC. MATRAMAN. KOTA ADM JAKARTA TIMUR - DKI JAKARTA 13120',0,0,0,0,NULL,NULL,NULL,NULL,'42.242.263.4-001.000','1','2024-12-26 21:18:07','2024-12-29 15:20:37',NULL,NULL,NULL,NULL),
(41,'CST20241226211843','081288631067','PT. OMEGA MOVERINDO SUKSES','GEDUNG STC SENAYAN LT.2 RUANG 89 JL ASIA AFRIKA PINTU IX  Kel. GELORA Kec. TANAH ABANG Kab.JAKARTA PUSAT DKI JAKARTA 10270',0,0,0,0,NULL,'081299031049',NULL,NULL,'02.494.793.9-077.000','1','2024-12-26 21:21:47','2024-12-26 21:21:47',NULL,NULL,NULL,NULL),
(42,'CST2024122621221','082260771118','PT. PRO ALPINE UTAMA','JL. AGUNG KARYA III BLOK C NO.9 SUNTER AGUNG, TANJUNG PRIOK, JAKARTA UTARA- DKI JAKARTA RAYA',0,0,0,0,NULL,'081283186331',NULL,NULL,'03.191.131.6-048.000','1','2024-12-26 21:24:59','2024-12-29 15:20:51',NULL,NULL,NULL,NULL),
(43,'CST20241226212532','BPK WASTU','PT. READY INDAH','KP. MAREME/PASIR GATOT RT 005 TW 002 CISOKA CISOKA',0,0,0,0,NULL,'081381055270',NULL,NULL,NULL,'1','2024-12-26 21:26:27','2025-01-22 13:27:25',NULL,NULL,NULL,NULL),
(44,'CST2024122621274','081','PT. SABLE GRUP INDONESIA','JL. KEMANG RAYA NO. 84A RT. 010 RW. 002 BANGKA, MAMPANG PRAPATAN, JAKARTA SELATAN - DKI JAKARTA',0,0,0,0,NULL,NULL,NULL,NULL,NULL,'1','2024-12-26 21:27:26','2024-12-29 15:21:18',NULL,NULL,NULL,NULL),
(45,'CST20241226212737','081','PT. SAMEKO TEKNINDO','RUKO MEGA GROSIR CEMPAKA MAS BLOK M NO.29, JL.LETJEND SUPRAPTO, KEL. SUMUR BATU, KEC. KEMAYORAN, KOTA. JAKARAT PUSAT - DKI JAKARTA 10640',0,0,0,0,NULL,NULL,NULL,NULL,'01.983.254.2-045.000','1','2024-12-26 21:28:38','2024-12-26 21:28:38',NULL,NULL,NULL,NULL),
(46,'CST20241226212912','081297173463','PT. SWAKARSA CIPTA MANDIRI','JALAN JENDRAL AHMAD YANI,66,CEMPAKA PUTIH TIMUR,CEMPAKA PUTIH,KOTA ADM.JAKARTA PUSAT,DKI JAKARTA 10510',0,0,0,0,NULL,'087886268530','082229999282',NULL,'02.467.077.0-046.000','1','2024-12-26 21:32:13','2024-12-26 21:32:13',NULL,NULL,NULL,NULL),
(47,'CST20241226213242','081','PT. TUKANG BANGUN RUANG','KAPTEN SOEBIANTO DJOJOHADIKUSIMO BLOK.CBD BSD, LENGKONG GUDANG, SERPONG, TANGERANG SELATAN - BANTEN',0,0,0,0,NULL,NULL,NULL,NULL,'39.108.544.6-411.000','1','2024-12-26 21:33:48','2024-12-30 20:36:32',NULL,NULL,NULL,NULL),
(48,'CST20241226213416','081','WOEN INTAN JUVITA','JL PERCETAKAN NO. 122 RT. 004 RW. 002 KEL. GURABESI, KEC. JAYAPURA UTARA, JAYAPURA - PAPUA',0,0,0,0,NULL,NULL,NULL,NULL,NULL,'1','2024-12-26 21:34:50','2024-12-26 21:34:50',NULL,NULL,NULL,NULL),
(49,'CST2024122914134','Pak Aldrian','PT. TRIPOLA HARAPAN MANDIRI','Jl Terusan Bandengan Utara no.91 AU Pejagalan-penjaringan Jakarta Utara',0,0,0,0,NULL,'08118886404',NULL,NULL,'0017815358041000','1','2024-12-29 14:17:33','2025-01-21 22:30:25',NULL,NULL,NULL,NULL),
(50,'CST20241231103411','IBU SHIN','IBU SHIN','JAKARTA',0,0,0,0,NULL,'085711849348',NULL,NULL,NULL,'1','2024-12-31 10:35:43','2024-12-31 10:41:07',NULL,NULL,NULL,NULL),
(51,'CST2025111023','Bpk Elvin','Bpk Elvin','Jakarta',0,0,0,0,NULL,'081281834191',NULL,NULL,NULL,'1','2025-01-01 01:01:18','2025-01-01 01:01:18',NULL,NULL,NULL,NULL),
(52,'CST202513132112','Bpk Hendra','PT.RIFORMA CIPTA BERSAMA','Cengkareng Business City Lot 12 No. 18-19',0,0,0,0,NULL,'087785500009',NULL,NULL,'00422866624017000','1','2025-01-03 13:24:45','2025-01-27 23:06:40',NULL,NULL,NULL,NULL),
(53,'CST202513132736','Ibu Siti','Ted Interior','Jl. Lautze Raya No.18 A, Pasar Baru, Sawah Besar, Jakarta Pusat, 10740',0,0,0,0,NULL,'087849876998',NULL,NULL,NULL,'1','2025-01-03 13:29:00','2025-01-03 13:29:00',NULL,NULL,NULL,NULL),
(54,'CST20251894537','.','Ibu ANNISA NURJANAH','KP. PABUARAN NO. 85 RT. 004 RW. 013, KEL. PABUARAN, KEC. BOJONG GEDE, BOGOR - JAWA BARAT 16926',0,0,0,0,NULL,'085774158200',NULL,NULL,'3201136307870005','1','2025-01-08 09:48:50','2025-01-27 12:11:17',NULL,NULL,NULL,NULL),
(55,'CST202518192840','Ibu Nayla','PT. MULIA PERSADA LESTARI','JALAN RAYA TAPOS NO.61 RT. 001 RW.013 TAPOS TAPOS KOTA DEPOK JAWA BARAT',0,0,0,0,NULL,'0895-4182-26842',NULL,NULL,'0763067196402000','1','2025-01-08 19:31:17','2025-01-27 14:28:52',NULL,NULL,NULL,NULL),
(56,'CST2025198366','0858-6044-2518','Bpk Abas Buldani','Kp Caringin Rt 002/007 kel Tanjung Sari Kec. Karang Pawitan Kabupaten Garut - Jawa Barat\nno KTP 3205022811770004',0,0,0,0,NULL,NULL,NULL,NULL,NULL,'1','2025-01-09 08:37:34','2025-01-16 12:30:59',NULL,NULL,NULL,NULL),
(57,'CST2025110125013','-','M DESIGN','JAKARTA',0,0,0,0,NULL,NULL,NULL,NULL,NULL,'1','2025-01-10 12:52:33','2025-01-10 12:52:33',NULL,NULL,NULL,NULL),
(58,'CST2025110125845','BPK NUGI','PT. MOOSK INSIPRASI TAMA AMARTA','JL. CIKINI V NO.11, RT.11/RW.05, CIKINI, MENTENG, JAKARTA PUSAT, 10330',0,0,0,0,NULL,NULL,NULL,NULL,NULL,'1','2025-01-10 13:00:41','2025-01-10 13:00:41',NULL,NULL,NULL,NULL),
(59,'CST202511014354','081','Ibu Nayla',NULL,0,0,0,0,NULL,NULL,'0895-4182-26842',NULL,NULL,'1','2025-01-10 14:04:57','2025-01-10 14:04:57',NULL,NULL,NULL,NULL),
(60,'CST2025112162531','David','JONG DAVID YONG','JL. PENGUKIRAN III NO.7 RT 005/RW 003 KEL. PEJOKAN KEC. TAMBORA JAKARTA BARAT\nNO KTP 3173042804800008',0,0,0,0,NULL,'0822-1375-7779',NULL,NULL,NULL,'1','2025-01-12 16:32:49','2025-01-12 16:32:49',NULL,NULL,NULL,NULL),
(61,'CST2025114104255','BPK CHRISTIAN','PT. MULTI SARANA SATRIA','JL. LABU, 39 B, MANGGA BESAR, TAMAN SARI, KOTA ADM. JAKARTA BARAT, DKI JAKARTA, 11180',0,0,0,0,NULL,'08121916198',NULL,NULL,'0013916051032000','1','2025-01-14 10:47:36','2025-01-27 13:27:00',NULL,NULL,NULL,NULL),
(62,'CST202511414437','.','DILUST','JAKARTA',0,0,0,0,NULL,NULL,NULL,NULL,NULL,'1','2025-01-14 14:43:25','2025-01-14 14:43:49',NULL,NULL,NULL,NULL),
(63,'CST2025115134018','.','IBU APRIYANTI','JAKARTA',0,0,0,0,NULL,NULL,NULL,NULL,NULL,'1','2025-01-15 13:40:36','2025-01-15 13:40:36',NULL,NULL,NULL,NULL),
(64,'CST2025119171011','O81','Bpk RONY SEPTIADY TIGOR','KP Padurenan RT 004 / RW 007 no. 102 Kel. Pabuaran Mekar Kec. Cibinong Kab. Bogor - Jawa Barat\nno. KTP 3201 0111 0995 0006',0,0,0,0,NULL,'0812-8067-4367',NULL,NULL,NULL,'1','2025-01-19 17:14:13','2025-01-19 17:14:13',NULL,NULL,NULL,NULL),
(65,'CST2025122203452','IBU NENG','PESONNA INDONESIA JAYA','GEDUNG KENARI BARU JL. SALEMBA RAYA 02, KENARI, SENEN, KOTA ADM JAKARTA PUSAT, DKI JAKARTA, 10430',0,0,0,0,NULL,'085798528960',NULL,NULL,'0722695707023000','1','2025-01-22 20:36:50','2025-02-04 00:42:51',NULL,NULL,NULL,NULL),
(66,'CST20251222134','.','BPK KOMARA WASTU JATNIKA','PERUM. ANGKASA PURI, JL. MANGGIS 3 BLOK B1 NO.10 RT.008/RW.010, JATI MEKAR, JATIASIH, BEKASI, JAWA BARAT, ',0,0,0,0,NULL,'081381055270',NULL,NULL,'91.711.346.6-447.000','1','2025-01-22 21:05:14','2025-01-22 21:05:14',NULL,NULL,NULL,NULL),
(67,'CST2025123103517','.','BPK MARWAN','JAKARTA',0,0,0,0,NULL,NULL,NULL,NULL,NULL,'1','2025-01-23 10:36:31','2025-01-23 10:36:31',NULL,NULL,NULL,NULL),
(68,'CST2025124205441','.','IBU WINEU GURSIDI, ST','BANDUNG, KTP : 3217066810810001',0,0,0,0,NULL,NULL,NULL,NULL,NULL,'1','2025-01-24 20:55:32','2025-01-24 20:55:32',NULL,NULL,NULL,NULL),
(69,'CST20251261603','081','Bpk Kabul Supriyadi','Gubug Rt 001/ rw 006 Desa Gubug, kecamatan Gubug Kabupaten Grobogan Jawa tengah\nno. KTP 3315182609900001',0,0,0,0,NULL,'0822-2999-9282',NULL,NULL,NULL,'1','2025-01-26 16:02:51','2025-01-26 16:02:51',NULL,NULL,NULL,NULL),
(70,'CST2025130232230','BPK GUSTI','PT. WIJAYA KARYA NUSACIPTA','RUKO PASAR LARIS KOSAMBI BLOK L NO. 2, JL. KRESEK RAYA NO.88, DURI KOSAMBI, CENGKARENG, JAKARTA BARAT, DKI JAKARTA',0,0,0,0,NULL,'08122332409',NULL,NULL,NULL,'1','2025-01-30 23:23:39','2025-01-30 23:23:39',NULL,NULL,NULL,NULL),
(71,'CST2025131165547','.','BPK JARNO','KTP : 3312200604720002',0,0,0,0,NULL,NULL,NULL,NULL,NULL,'1','2025-01-31 16:56:20','2025-01-31 16:56:20',NULL,NULL,NULL,NULL),
(72,'CST2025131165622','.','BPK YOGA ADI PRAYITNO','KTP : 3315041404910006',0,0,0,0,NULL,NULL,NULL,NULL,NULL,'1','2025-01-31 16:57:02','2025-01-31 16:57:02',NULL,NULL,NULL,NULL),
(73,'CST20252315159','.','BPK WIBOWO','JAKARTA',0,0,0,0,NULL,NULL,NULL,NULL,NULL,'1','2025-02-03 15:15:29','2025-02-03 15:15:29',NULL,NULL,NULL,NULL),
(74,'CST20252494128','BPK NICO','VORENSA NATA GRAHA','GADING SERPONG 7A DC.10/25, CURUG, SANGERENG, KELAPA DUA, KAB. TANGERANG, BANTEN, 15834',0,0,0,0,NULL,NULL,NULL,NULL,'0027636588451000','1','2025-02-04 09:42:43','2025-02-04 09:42:43',NULL,NULL,NULL,NULL),
(75,'CST202524122338','.','BPK SUTARNO','KTP : 3312142410700001 , JAKARTA',0,0,0,0,NULL,NULL,NULL,NULL,NULL,'1','2025-02-04 12:24:19','2025-02-04 12:24:19',NULL,NULL,NULL,NULL),
(76,'CST20252593110','.','IBU DELLA','JAKARTA',0,0,0,0,NULL,NULL,NULL,NULL,NULL,'1','2025-02-05 09:31:26','2025-02-05 09:31:26',NULL,NULL,NULL,NULL),
(77,'CST202525151838','.','IBU MONIQUE','JAKARTA',0,0,0,0,NULL,NULL,NULL,NULL,NULL,'1','2025-02-05 15:18:55','2025-02-05 15:18:55',NULL,NULL,NULL,NULL),
(78,'CST20252691336','.','BPK SISWADI','JAKARTA',0,0,0,0,NULL,'+62 813-1456-9672',NULL,NULL,NULL,'1','2025-02-06 09:13:47','2025-02-15 19:00:40',NULL,NULL,NULL,NULL),
(79,'CST202521012610','BPK RUDY','PT. KALIBESAR SUKSES SENTOSA','GEDUNG THE HONEY LADY LEVEL 2, JL. PLUIT SELATAN, PENJARINGAN, JAKARTA UTARA',0,0,0,0,NULL,NULL,NULL,NULL,'0394193395041000','1','2025-02-10 12:07:23','2025-02-10 12:07:23',NULL,NULL,NULL,NULL),
(80,'CST2025212141157','.','BPK THEODORE','JAKARTA',0,0,0,0,NULL,'+62 878-8291-0888',NULL,NULL,NULL,'1','2025-02-12 14:12:44','2025-02-12 14:12:44',NULL,NULL,NULL,NULL),
(81,'CST2025213132720','.','IBU ASTRELLA','JAKARTA',0,0,0,0,NULL,'085819642128',NULL,NULL,NULL,'1','2025-02-13 13:28:03','2025-02-13 13:28:03',NULL,NULL,NULL,NULL),
(82,'CST202521410319','.','BPK GUTOMO EDY NURACHMAD','JL. GADING INDAH VII NF-5 / 10 RT.014 RW.012, PEGANGSAAN DUA KELAPA GADING, JAKARTA UTARA. DKI JAKARTA',0,0,0,0,NULL,NULL,NULL,NULL,'3172060909680003','1','2025-02-14 10:31:54','2025-02-18 22:19:25',NULL,NULL,NULL,NULL),
(83,'CST2025215175546','BPK ALIYANTO','ALIN KERAMIK','JAKARTA',0,0,0,0,NULL,'081288223381',NULL,NULL,NULL,'1','2025-02-15 17:56:09','2025-02-15 17:56:09',NULL,NULL,NULL,NULL),
(84,'CST202522193027','BPK ALFIAN','PT. PRESTASI PRIMA ENERGI','JAKARTA',0,0,0,0,NULL,'085729822008',NULL,NULL,NULL,'1','2025-02-21 09:31:37','2025-02-21 09:31:37',NULL,NULL,NULL,NULL),
(85,'CST2025221112952','.','BPK NICO','JAKARTA',0,0,0,0,NULL,NULL,NULL,NULL,NULL,'1','2025-02-21 11:30:11','2025-02-21 11:30:11',NULL,NULL,NULL,NULL),
(86,'CST202522415158','BPK IVAN','PT. TRISAKTI SUMBER ARTHA','JL. A. YANI NO.8, KEBUN BUNGA, BANJARMASIN TIMUR, BANJARMASIN, KALSEL, 70654',0,0,0,0,NULL,'08125050517',NULL,NULL,NULL,'1','2025-02-24 15:17:36','2025-02-24 15:17:36',NULL,NULL,NULL,NULL),
(87,'CST2025225153817','IBU RIKA','PT. CATUR TUNGGAL SARANA MANDIRI','No.8, Jl. Kedoya Angsana Raya Blok DA, RT.19/RW.4, South Kedoya, Kebonjeruk, West Jakarta City, Jakarta 11520',0,0,0,0,NULL,'+62 816-1120-114',NULL,NULL,NULL,'1','2025-02-25 15:40:11','2025-02-25 15:40:11',NULL,NULL,NULL,NULL),
(88,'CST202533114612','.','PT. SINERGI INTERIOR PROJECT','JL. PANGKALAN 1A, BANTAR GEBANG, BEKASI, JAWA BARAT, 17151',0,0,0,0,NULL,NULL,NULL,NULL,'0311974745036000','1','2025-03-03 11:47:07','2025-03-03 11:47:07',NULL,NULL,NULL,NULL),
(89,'CST202536103415','.','IBU INGGRID','JAKARATA',0,0,0,0,NULL,NULL,NULL,NULL,NULL,'1','2025-03-06 10:35:02','2025-03-06 10:35:02',NULL,NULL,NULL,NULL),
(90,'CST202536143235','.','BPK JUPRIYONO','JL. RAYA BINA MARGA NO.37, CEGER, CIPAYUNG, JAKARTA TIMUR',0,0,0,0,NULL,'08129414943',NULL,NULL,NULL,'1','2025-03-06 14:33:34','2025-03-06 14:33:34',NULL,NULL,NULL,NULL),
(91,'CST20253794827','.','IBU RENNY','JAKARTA',0,0,0,0,NULL,NULL,NULL,NULL,NULL,'1','2025-03-07 09:48:47','2025-03-07 09:48:47',NULL,NULL,NULL,NULL),
(92,'CST202537204734','.','PT. META GRAHA PARAMA','GEDUNG METROPOLITAN TOWER KAV 14 LT.13A, JL. RA. KARTINI, CILANDAK BARAT, CILANDAK, JAKSEL, 12430',0,0,0,0,NULL,NULL,NULL,NULL,'0651753220016000','1','2025-03-07 20:49:07','2025-03-31 00:54:06',NULL,NULL,NULL,NULL),
(93,'CST202531514123','BPK SETIYO','CV. MITRA JAYA INTERIOR','JL. P. REVOLUSI NO.18, PONDOK BAMBU, JAKARTA TIMUR',0,0,0,0,NULL,'081386399211',NULL,NULL,NULL,'1','2025-03-15 14:02:45','2025-03-15 14:02:45',NULL,NULL,NULL,NULL),
(94,'CST2025319142830','.','BPK ILHAM','JAKARTA',0,0,0,0,NULL,'085161352477',NULL,NULL,NULL,'1','2025-03-19 14:28:59','2025-03-19 14:28:59',NULL,NULL,NULL,NULL),
(95,'CST2025321937','.','BPK LUTFHI','JAKARTA',0,0,0,0,NULL,'0881024003406',NULL,NULL,NULL,'1','2025-03-21 09:03:55','2025-03-21 09:03:55',NULL,NULL,NULL,NULL),
(96,'CST202541681345','o81','Bpk Rahmatullah','Perum Sakinah Kelorina Blok I no.9 Cileungsi - Kab Bogor',0,0,0,0,NULL,'+62812-4556-0399',NULL,NULL,NULL,'1','2025-04-16 08:16:17','2025-04-21 05:58:24',NULL,NULL,NULL,NULL),
(97,'CST2025416121137','BPK SOPIYAN','NOMOU IZKAYA RESTAURANT',NULL,0,0,0,0,NULL,'081389640828',NULL,NULL,NULL,'1','2025-04-16 12:12:33','2025-04-16 12:12:33',NULL,NULL,NULL,NULL),
(98,'CST20254216018','081','Bpk Alip','Grand Kahuripan - Klapanungal',0,0,0,0,NULL,'0852-8067-9410',NULL,NULL,NULL,'1','2025-04-21 06:01:39','2025-04-21 06:01:39',NULL,NULL,NULL,NULL),
(99,'CST2025421104719','.','BPK HENDRA','JAKARTA',0,0,0,0,NULL,'082114329167',NULL,NULL,NULL,'1','2025-04-21 10:47:48','2025-04-21 10:47:48',NULL,NULL,NULL,NULL),
(100,'CST2025421105339','.','BPK SANTO / IBU AZIZAH','JAKARTA',0,0,0,0,NULL,'081223821733',NULL,NULL,NULL,'1','2025-04-21 10:54:03','2025-04-21 10:54:03',NULL,NULL,NULL,NULL),
(101,'CST2025422165810','BPK NURMANDITO','PT. SURYA PERTIWI TBK','Wisma TOTO, Jl. Letjen S. Parman No.81, RT.4/RW.9, Kota Bambu Sel., Kec. Palmerah, Kota Jakarta Barat, Daerah Khusus Ibukota Jakarta 11420',0,0,0,0,NULL,NULL,'(021) 29298585',NULL,NULL,'1','2025-04-22 17:00:06','2025-04-22 17:00:06',NULL,NULL,NULL,NULL);
/*!40000 ALTER TABLE `ms_customers` ENABLE KEYS */;
UNLOCK TABLES;

--
-- Table structure for table `ms_insentif_sales`
--

DROP TABLE IF EXISTS `ms_insentif_sales`;
/*!40101 SET @saved_cs_client     = @@character_set_client */;
/*!40101 SET character_set_client = utf8mb4 */;
CREATE TABLE `ms_insentif_sales` (
  `id` bigint(20) unsigned NOT NULL AUTO_INCREMENT,
  `user_id` bigint(20) NOT NULL,
  `target_amount` decimal(18,2) NOT NULL DEFAULT 0.00,
  `up` int(11) NOT NULL DEFAULT 0,
  `down` int(11) NOT NULL DEFAULT 0,
  `is_status` tinyint(4) NOT NULL DEFAULT 1,
  `created_at` timestamp NULL DEFAULT NULL,
  `updated_at` timestamp NULL DEFAULT NULL,
  `created_by` bigint(20) DEFAULT NULL,
  `updated_by` bigint(20) DEFAULT NULL,
  PRIMARY KEY (`id`),
  KEY `ms_insentif_sales_id_index` (`id`),
  KEY `ms_insentif_sales_user_id_index` (`user_id`),
  KEY `ms_insentif_sales_is_status_index` (`is_status`),
  KEY `ms_insentif_sales_created_by_index` (`created_by`)
) ENGINE=InnoDB AUTO_INCREMENT=7 DEFAULT CHARSET=utf8mb4 COLLATE=utf8mb4_unicode_ci ROW_FORMAT=DYNAMIC;
/*!40101 SET character_set_client = @saved_cs_client */;

--
-- Dumping data for table `ms_insentif_sales`
--

LOCK TABLES `ms_insentif_sales` WRITE;
/*!40000 ALTER TABLE `ms_insentif_sales` DISABLE KEYS */;
INSERT INTO `ms_insentif_sales` VALUES
(1,4,50000000.00,20,10,1,'2025-01-16 23:09:06','2025-01-30 22:33:59',2,2),
(2,2,0.00,0,0,1,'2025-01-21 22:16:42','2025-01-21 22:16:42',2,2),
(3,7,0.00,0,0,1,'2025-01-22 00:56:15','2025-01-22 00:56:15',3,3),
(4,6,0.00,0,0,1,'2025-01-22 00:57:01','2025-01-30 11:22:38',3,2),
(5,5,0.00,0,0,1,'2025-01-22 00:58:10','2025-01-22 00:58:10',3,3),
(6,3,50000000.00,20,10,1,'2025-01-22 00:58:29','2025-01-31 17:12:45',3,1);
/*!40000 ALTER TABLE `ms_insentif_sales` ENABLE KEYS */;
UNLOCK TABLES;

--
-- Table structure for table `ms_payment_methods`
--

DROP TABLE IF EXISTS `ms_payment_methods`;
/*!40101 SET @saved_cs_client     = @@character_set_client */;
/*!40101 SET character_set_client = utf8mb4 */;
CREATE TABLE `ms_payment_methods` (
  `id` bigint(20) unsigned NOT NULL AUTO_INCREMENT,
  `name` varchar(50) NOT NULL,
  `account_id` bigint(20) DEFAULT NULL,
  `is_status` varchar(1) NOT NULL DEFAULT '1',
  `created_at` timestamp NULL DEFAULT NULL,
  `updated_at` timestamp NULL DEFAULT NULL,
  PRIMARY KEY (`id`),
  KEY `ms_payment_methods_id_index` (`id`),
  KEY `ms_payment_methods_name_index` (`name`),
  KEY `ms_payment_methods_account_id_index` (`account_id`),
  KEY `ms_payment_methods_is_status_index` (`is_status`)
) ENGINE=InnoDB AUTO_INCREMENT=9 DEFAULT CHARSET=utf8mb4 COLLATE=utf8mb4_unicode_ci ROW_FORMAT=DYNAMIC;
/*!40101 SET character_set_client = @saved_cs_client */;

--
-- Dumping data for table `ms_payment_methods`
--

LOCK TABLES `ms_payment_methods` WRITE;
/*!40000 ALTER TABLE `ms_payment_methods` DISABLE KEYS */;
INSERT INTO `ms_payment_methods` VALUES
(1,'CASH',3,'1','2024-12-19 16:50:18','2024-12-22 18:07:34'),
(2,'BANK BCA - 5455 678797',6,'1','2024-12-19 16:50:33','2024-12-22 18:05:22'),
(3,'GIRO BTN - 01058 01 30 000006 9',122,'1','2024-12-22 17:57:04','2024-12-29 09:36:26'),
(4,'GIRO / CEK BCA - 5455 678797',121,'1','2024-12-22 17:57:59','2024-12-29 09:35:32'),
(5,'BANK BCA TSP - 5830 398165',10,'1','2024-12-22 18:01:08','2024-12-29 09:34:07'),
(6,'BANK BTN - 01058 01 30 000006 9',120,'1','2024-12-22 18:03:43','2024-12-29 09:34:24'),
(7,'BIAYA SELISIH PEMBULATAN INVOICE',123,'1','2024-12-29 14:50:04','2024-12-29 14:50:04'),
(8,'BIAYA MATERAI',124,'1','2024-12-29 14:50:21','2024-12-29 14:50:21');
/*!40000 ALTER TABLE `ms_payment_methods` ENABLE KEYS */;
UNLOCK TABLES;

--
-- Table structure for table `ms_products`
--

DROP TABLE IF EXISTS `ms_products`;
/*!40101 SET @saved_cs_client     = @@character_set_client */;
/*!40101 SET character_set_client = utf8mb4 */;
CREATE TABLE `ms_products` (
  `id` bigint(20) unsigned NOT NULL AUTO_INCREMENT,
  `name` varchar(50) NOT NULL,
  `is_status` varchar(1) NOT NULL DEFAULT '1',
  `created_at` timestamp NULL DEFAULT NULL,
  `updated_at` timestamp NULL DEFAULT NULL,
  PRIMARY KEY (`id`),
  KEY `ms_products_id_index` (`id`),
  KEY `ms_products_name_index` (`name`),
  KEY `ms_products_is_status_index` (`is_status`)
) ENGINE=InnoDB AUTO_INCREMENT=722 DEFAULT CHARSET=utf8mb4 COLLATE=utf8mb4_unicode_ci ROW_FORMAT=DYNAMIC;
/*!40101 SET character_set_client = @saved_cs_client */;

--
-- Dumping data for table `ms_products`
--

LOCK TABLES `ms_products` WRITE;
/*!40000 ALTER TABLE `ms_products` DISABLE KEYS */;
INSERT INTO `ms_products` VALUES
(1,'Semen Tigaroda','0','2024-12-22 16:06:26','2024-12-23 09:28:25'),
(2,'Hollow 40x40x0.45 Kotak Full','1','2024-12-22 16:07:44','2024-12-23 09:30:50'),
(3,'Hollow 20x40x0.45 Kotak Full','1','2024-12-22 16:08:00','2024-12-23 09:30:29'),
(4,'Semen Padang','0','2024-12-22 16:08:17','2024-12-23 09:28:35'),
(5,'Semen Jakarta','0','2024-12-22 16:08:27','2024-12-23 09:28:17'),
(6,'Semen','0','2024-12-22 16:08:38','2024-12-23 09:27:47'),
(7,'Semen MU','0','2024-12-22 16:08:58','2024-12-23 09:28:05'),
(8,'Marco Elnino Grey 80x80','1','2024-12-22 16:09:48','2024-12-22 16:09:48'),
(9,'GRC Board 4mm 122x244','1','2024-12-22 16:10:19','2024-12-23 10:32:33'),
(10,'GRC Board 9mm 122x244','1','2024-12-22 16:10:35','2024-12-23 09:31:29'),
(11,'Plat Bordes 2mm Asli','1','2024-12-22 16:11:04','2024-12-23 09:29:05'),
(12,'Semen Jakarta 40kg','1','2024-12-23 09:29:22','2024-12-23 09:29:22'),
(13,'Semen Merdeka 40kg','1','2024-12-23 09:29:35','2024-12-23 09:29:35'),
(14,'Semen Tiga Roda 50kg','1','2024-12-23 09:29:56','2024-12-23 09:29:56'),
(15,'Gypsum Jayaboard 9mm','1','2024-12-23 09:32:06','2024-12-23 09:32:06'),
(16,'Compound Aplus 20kg','1','2024-12-23 09:32:29','2024-12-23 09:32:29'),
(17,'Gypsum Aplus 9mm','1','2024-12-23 09:33:30','2024-12-23 09:33:30'),
(18,'Gypsum Knauf 9mm','1','2024-12-23 09:33:46','2024-12-23 09:33:46'),
(19,'Gypsum Knauf 12mm','1','2024-12-23 09:34:04','2024-12-23 09:34:04'),
(20,'Gypsum Jayaboard 12mm','1','2024-12-23 09:34:25','2024-12-23 09:34:25'),
(21,'Mortar MU 380 ( pasang hebel )','1','2024-12-23 09:35:01','2024-12-23 09:35:01'),
(22,'Kain Kassa Gypsum','1','2024-12-23 09:35:16','2024-12-23 09:35:39'),
(23,'Kain Kassa GRC','1','2024-12-23 09:35:54','2024-12-23 09:35:54'),
(24,'Screw Gypsum 6x1 Centro','1','2024-12-23 09:37:26','2024-12-23 09:37:26'),
(25,'Screw Gypsum 6x1','1','2024-12-23 09:37:41','2024-12-23 09:37:41'),
(26,'Screw Gypsum 6x2','1','2024-12-23 09:37:56','2024-12-23 09:37:56'),
(27,'Screw GRC 6x1','1','2024-12-23 09:38:11','2024-12-23 09:38:11'),
(28,'Screw 10x16','1','2024-12-23 09:38:58','2024-12-23 09:38:58'),
(29,'Screw 10x19','1','2024-12-23 09:39:12','2024-12-23 09:39:12'),
(30,'Shadowline','1','2024-12-23 09:40:48','2024-12-23 09:40:48'),
(31,'Dynabolt 10x8','1','2024-12-23 09:41:14','2024-12-23 09:41:14'),
(32,'Screw SDS 8x25','1','2024-12-23 09:41:31','2024-12-23 09:41:31'),
(33,'Dynabolt 10x5','1','2024-12-23 09:41:59','2024-12-23 09:41:59'),
(34,'Hollow 20x40x0.40 Kotak Full','1','2024-12-23 09:42:51','2024-12-23 09:42:51'),
(35,'Hollow 40x40x0.40 Kotak Full','1','2024-12-23 09:43:23','2024-12-23 09:43:23'),
(36,'Hollow Galvalume 2x4x0.3mm','0','2024-12-23 09:45:51','2025-01-15 16:18:28'),
(37,'Hollow Galvalume 4x4x0.30mm (31x31)','1','2024-12-23 09:46:12','2025-01-15 16:19:37'),
(38,'Hollow Galvanis Tali Hitam Kuning 2x4x0.50mm','1','2024-12-23 09:51:25','2024-12-23 10:20:26'),
(39,'Hollow Galvanis Tali Hitam Kuning 4x4x0.50mm','1','2024-12-23 09:55:10','2024-12-23 10:20:45'),
(40,'Hollow Galvanis Tali Hijau Kuning 2x4x0.35mm','1','2024-12-23 09:59:55','2024-12-23 10:00:53'),
(41,'Hollow Galvanis Tali Hijau Kuning 4x4x0.35mm','1','2024-12-23 10:00:31','2024-12-23 10:08:28'),
(42,'Hollow Galvanis Tali Merah 2x4x0.40mm','1','2024-12-23 10:01:41','2024-12-23 10:09:07'),
(43,'Hollow Galcanis Tali Merah 4x4x0.35mm','0','2024-12-23 10:02:10','2024-12-23 10:05:19'),
(44,'Hollow Galvanis Tali Merah 4x4x0.40mm','1','2024-12-23 10:03:40','2024-12-23 10:20:03'),
(45,'Hollow Galvanis Tali Merah Hitam 2x4x0.45mm','1','2024-12-23 10:06:12','2024-12-23 10:06:12'),
(46,'Hollow Galvanis Tali Merah Hitam 4x4x0.45mm','1','2024-12-23 10:07:24','2024-12-23 10:07:24'),
(47,'Cnp 75.75 Taso','1','2024-12-23 10:24:26','2024-12-23 10:24:26'),
(48,'Cnp 0.75 Full','1','2024-12-23 10:24:49','2024-12-23 10:24:49'),
(49,'Cnp 0.70 Full','1','2024-12-23 10:25:11','2024-12-23 10:25:11'),
(50,'Cnp 0.65 Full','1','2024-12-23 10:25:45','2024-12-23 10:25:45'),
(51,'Reng 32.45 Taso','1','2024-12-23 10:26:01','2024-12-23 10:26:01'),
(52,'Reng 28.40','1','2024-12-23 10:26:23','2024-12-23 10:26:23'),
(53,'Reng 30,40','1','2024-12-23 10:26:40','2024-12-23 10:26:40'),
(54,'Semen Dynamic 40kg','1','2024-12-23 10:27:10','2024-12-23 10:27:10'),
(55,'Semen Gresik 40kg','1','2024-12-23 10:27:23','2024-12-23 10:27:23'),
(56,'Gypsum Yoshino 9mm','1','2024-12-23 10:28:14','2024-12-23 10:28:14'),
(57,'tes','0','2024-12-23 10:28:22','2024-12-23 10:28:29'),
(58,'tes input','0','2024-12-23 10:29:28','2024-12-23 10:29:43'),
(59,'Angel Clip L','1','2024-12-23 10:29:29','2024-12-23 10:29:29'),
(60,'Kalsieboard 4mm 122x244','1','2024-12-23 10:31:19','2024-12-23 10:31:19'),
(61,'Gypsum Jayaboard 9mm WR','1','2024-12-23 10:33:19','2024-12-23 10:33:19'),
(62,'Paku Beton 3cm','1','2024-12-23 10:33:45','2024-12-23 10:33:45'),
(63,'Paku Beton 5cm','1','2024-12-23 10:34:30','2024-12-23 10:34:30'),
(64,'Paku Beton 7cm','1','2024-12-23 10:36:30','2024-12-23 10:36:30'),
(65,'Plat Sheet T90x0.35mm','1','2024-12-23 10:39:35','2024-12-23 10:39:35'),
(66,'Plat Sheet T90x0.30mm','1','2024-12-23 10:40:06','2024-12-23 10:40:06'),
(67,'Plat Sheet T90x0.40mm','1','2024-12-23 10:40:31','2024-12-23 10:40:31'),
(68,'Plat Sheet T60x0.30mm','1','2024-12-23 10:40:53','2024-12-23 10:40:53'),
(69,'Plat Sheet T120x0.30mm','1','2024-12-23 10:41:14','2024-12-23 10:41:14'),
(70,'Plat Sheet T120x0.35mm','1','2024-12-23 10:41:44','2024-12-23 10:41:44'),
(71,'Talang Jurai 3m','1','2024-12-23 10:42:29','2024-12-23 10:42:29'),
(72,'Spandek 0.25mm eco','0','2024-12-23 10:43:25','2024-12-23 10:54:08'),
(73,'Plat Bordes 2mm Asli Alumunium','1','2024-12-23 10:45:38','2024-12-23 10:45:38'),
(74,'Paku 3cm','1','2024-12-23 10:46:16','2024-12-23 10:46:16'),
(75,'Paku 5cm','1','2024-12-23 10:46:34','2024-12-23 10:46:34'),
(76,'Paku 7cm','1','2024-12-23 10:47:12','2024-12-23 10:47:12'),
(77,'Compound Aplus 1kg','1','2024-12-23 10:49:35','2024-12-23 10:49:35'),
(78,'Aquaproof Abu Tua 061','1','2024-12-23 10:50:46','2024-12-23 10:50:46'),
(79,'Aquaproof Abu Muda 062','1','2024-12-23 10:51:15','2024-12-23 10:51:15'),
(80,'Aquaproof Putih','1','2024-12-23 10:51:38','2024-12-23 10:51:38'),
(81,'Serat Aquaproof Fiber','1','2024-12-23 10:52:09','2024-12-23 10:53:18'),
(82,'Serat Aquaproof Kain','1','2024-12-23 10:53:44','2024-12-23 10:53:44'),
(83,'Besi Beton 6mm','1','2024-12-23 10:54:54','2024-12-23 10:54:54'),
(84,'Besi Beton 8mm','1','2024-12-23 10:55:11','2024-12-23 10:55:11'),
(85,'Besi Beton 10mm','1','2024-12-23 10:55:25','2024-12-23 10:55:25'),
(86,'Besi Beton 12mm','1','2024-12-23 10:55:36','2024-12-23 10:55:36'),
(87,'Besi Beton 8mm Full','1','2024-12-23 10:57:00','2024-12-23 10:57:00'),
(88,'Besi Beton 10mm Full','1','2024-12-23 10:57:21','2024-12-23 10:57:21'),
(89,'Besi Beton 12mm Full','1','2024-12-23 10:57:49','2024-12-23 10:57:49'),
(90,'Kawat Bendrat 20kg','1','2024-12-23 10:58:15','2024-12-23 10:58:15'),
(91,'Kawat Bendrat 25kg','1','2024-12-23 10:58:42','2024-12-23 10:58:42'),
(92,'Kawat Bendrat','1','2024-12-23 10:59:08','2024-12-23 10:59:08'),
(93,'Dulux Pentalite Briliant White 20L','1','2024-12-23 11:01:17','2024-12-23 11:01:53'),
(94,'Dulux Catylac Putih 1501 20L','1','2024-12-23 11:04:43','2024-12-23 11:07:06'),
(95,'Dulux Pentalite Briliant White 2.5L','1','2024-12-23 11:06:34','2024-12-23 11:06:34'),
(96,'Dulux Sealer Interior 20L','1','2024-12-23 11:07:31','2024-12-23 11:10:17'),
(97,'Dulux Sealer Eksterior 20L','1','2024-12-23 11:07:56','2024-12-23 11:09:53'),
(98,'Pasir Cilegon Cuci','1','2024-12-23 11:11:16','2024-12-23 11:11:16'),
(99,'Pasir Bangka Putih','1','2024-12-23 11:11:34','2024-12-23 11:11:34'),
(100,'Batu Split','1','2024-12-23 11:11:59','2024-12-23 11:11:59'),
(101,'Pasir Jebrod','1','2024-12-23 11:12:54','2024-12-23 11:12:54'),
(102,'Triplek 9mm MC meranti','1','2024-12-23 11:13:28','2024-12-23 11:13:28'),
(103,'Triplek 18mm MC meranti','1','2024-12-23 11:14:52','2024-12-23 11:14:52'),
(104,'Triplek 6mm MC meranti','1','2024-12-23 11:15:23','2024-12-23 11:15:23'),
(105,'Triplek 12mm MC meranti','1','2024-12-23 11:15:46','2024-12-23 11:15:46'),
(106,'Kain Majun','1','2024-12-23 11:22:23','2024-12-23 11:22:23'),
(107,'Lakban Kertas 1 inch','1','2024-12-23 11:22:48','2024-12-23 11:22:48'),
(108,'Sealant Hitam Asam','1','2024-12-23 11:23:14','2024-12-23 11:23:14'),
(109,'Lem Pipa Isarplast 400gr','1','2024-12-23 11:25:44','2024-12-23 11:25:44'),
(110,'Dempul Sanpolac 1kg','1','2024-12-23 11:26:23','2024-12-23 11:26:23'),
(111,'Kansai Primer Abu 155','1','2024-12-23 11:26:55','2024-12-23 11:26:55'),
(112,'Ftalite Hitam 582','1','2024-12-23 11:29:21','2024-12-23 11:29:21'),
(113,'Kansai Primer Abu 108','1','2024-12-23 11:30:00','2024-12-23 11:30:00'),
(114,'Thinner HG + Drigen','1','2024-12-23 11:30:27','2024-12-23 11:30:27'),
(115,'Thinner HG','1','2024-12-23 11:30:46','2024-12-23 11:30:46'),
(116,'Thinner Impala 5L','1','2024-12-23 11:31:13','2024-12-23 11:31:13'),
(117,'Thinner Impala 1L','1','2024-12-23 11:31:51','2024-12-23 11:31:51'),
(118,'Roll Cat Besar + gagang','1','2024-12-23 11:32:39','2024-12-23 11:32:39'),
(119,'Roll Cat Kecil + Gagang','1','2024-12-23 11:32:59','2024-12-23 11:32:59'),
(120,'Roll Cat Besar ( Refill )','1','2024-12-23 11:33:16','2024-12-23 11:33:16'),
(121,'Roll Cat Kecil ( Refill )','1','2024-12-23 11:33:40','2024-12-23 11:33:40'),
(122,'Roll Cat Minyak + Gagang','1','2024-12-23 11:34:05','2024-12-23 11:34:05'),
(123,'Roll Cat Minyak ( Refill )','1','2024-12-23 11:34:26','2024-12-23 11:34:26'),
(124,'Kuas Cat 2 Inch','1','2024-12-23 11:34:57','2024-12-23 11:34:57'),
(125,'Kuas Cat 2,5 Inch','1','2024-12-23 11:35:21','2024-12-23 11:35:21'),
(126,'Kuas Cat 3 Inch','1','2024-12-23 11:35:41','2024-12-23 11:35:41'),
(127,'Kuas Cat 4 Inch','1','2024-12-23 11:35:58','2024-12-23 11:35:58'),
(128,'Bak Cat','1','2024-12-23 11:36:09','2024-12-23 11:36:09'),
(129,'Plastik Cor Hijau','1','2024-12-23 11:36:37','2024-12-23 11:36:37'),
(130,'Plastik Cor Bening','1','2024-12-23 11:36:51','2024-12-23 11:36:51'),
(131,'Sealant Coklat Asam','1','2024-12-23 11:38:19','2024-12-23 11:38:19'),
(132,'Lisplank GRC 20cm x 2.4m','1','2024-12-23 11:39:55','2024-12-23 11:39:55'),
(133,'Lisplank 20cm x 3m','1','2024-12-23 11:40:22','2024-12-23 11:40:22'),
(134,'Pipa 3\" AW Rucika','1','2024-12-23 13:28:13','2024-12-23 13:28:13'),
(135,'Pipa 3\" D Rucika','1','2024-12-23 13:28:28','2024-12-23 13:28:28'),
(136,'Pipa 4\" AW Rucika','1','2024-12-23 13:28:41','2024-12-23 13:28:41'),
(137,'Pipa 4\" D Rucika','1','2024-12-23 13:28:55','2024-12-23 13:28:55'),
(138,'Knee 3\" Rucika','1','2024-12-23 13:29:44','2024-12-23 13:29:44'),
(139,'Knee 4\" Rucika','1','2024-12-23 13:29:55','2024-12-23 13:29:55'),
(140,'Tee 3\" Rucika','1','2024-12-23 13:30:09','2024-12-23 13:30:09'),
(141,'Tee 4\" Rucika','1','2024-12-23 13:30:20','2024-12-23 13:30:20'),
(142,'Vlok Sok 3\" x 4\"','1','2024-12-23 13:30:45','2024-12-23 13:30:45'),
(143,'Roofing 5cm','1','2024-12-23 13:32:17','2024-12-23 13:32:17'),
(144,'Roofing 7cm','1','2024-12-23 13:32:27','2024-12-23 13:32:27'),
(145,'Ftalite Teak Brown 137','1','2024-12-23 13:36:15','2024-12-23 13:36:15'),
(146,'Ftalite Super White 731','1','2024-12-23 13:37:45','2024-12-23 13:37:45'),
(147,'Jotun Jotashield Antifade Grey 9911 20L','1','2024-12-23 13:40:01','2024-12-23 13:40:01'),
(148,'Jotun Jotasheild Antifade Grey 9911 2.5L','1','2024-12-23 13:40:32','2024-12-23 13:40:32'),
(149,'Jotun Ultra Primer (sealer) 20L','1','2024-12-23 13:41:24','2024-12-23 13:41:24'),
(150,'Propan Stone Care SC 80 Clear Dop','1','2024-12-23 13:42:47','2024-12-23 13:42:47'),
(151,'Propan Stone Kote SC 73 Black Dop','1','2024-12-23 13:43:12','2024-12-23 13:43:12'),
(152,'Amplas 100','1','2024-12-23 13:44:52','2024-12-23 13:44:52'),
(153,'Amplas 80','1','2024-12-23 13:45:02','2024-12-23 13:45:02'),
(154,'Propan Tennokote Sealer','1','2024-12-23 13:45:28','2024-12-23 13:45:28'),
(155,'Propan Tennokote Green','1','2024-12-23 13:45:43','2024-12-23 13:53:57'),
(156,'Propan Tennokote White','1','2024-12-23 13:45:57','2024-12-23 13:54:09'),
(157,'Ftalite Yellow Glossy 312','1','2024-12-23 13:46:24','2024-12-23 13:46:24'),
(158,'Sok Sambung 4\" D Rucika','1','2024-12-23 13:47:00','2024-12-23 13:47:00'),
(159,'Dulux Weather Shield Timeless Grey','1','2024-12-23 13:47:26','2024-12-23 13:47:26'),
(160,'Lem Fox Putih 10kg','1','2024-12-23 13:48:00','2024-12-23 13:48:00'),
(161,'Mortar MU 400 25kg (pasang keramik)','1','2024-12-23 13:49:20','2024-12-23 13:49:44'),
(162,'Mortar MU 420 25kg (pasang granite)','1','2024-12-23 13:50:14','2024-12-23 13:50:14'),
(163,'Mortar MU 480 25kg (Keramik diatas keramik)','1','2024-12-23 13:51:14','2024-12-23 13:51:14'),
(164,'Propan Tennokote Light Blue','1','2024-12-23 13:54:25','2024-12-23 13:54:25'),
(165,'Sika top 107 25kg+ Cairan','1','2024-12-23 13:59:16','2024-12-23 13:59:16'),
(166,'Avian Yellow Lemonade 480','1','2024-12-23 14:01:08','2024-12-23 14:02:58'),
(167,'Avian SB Super Black','1','2024-12-23 14:01:18','2024-12-23 14:03:30'),
(168,'Avian Mahogany Brown 331','1','2024-12-23 14:05:02','2024-12-23 14:05:02'),
(169,'Serat Fiber MAT 300','1','2024-12-23 14:07:23','2024-12-23 14:07:23'),
(170,'Eterna NYM 2x2.5mm','1','2024-12-23 14:10:51','2024-12-23 14:10:51'),
(171,'Eterna NYM 3x2.5mm','1','2024-12-23 14:11:06','2024-12-23 14:11:06'),
(172,'Eterna NYM 3x1.5mm','1','2024-12-23 14:11:21','2024-12-23 14:12:09'),
(173,'Eterna NYM 2x1.5mm','1','2024-12-23 14:12:43','2024-12-23 14:12:43'),
(174,'Pipa Conduit 20mm','1','2024-12-23 14:13:06','2024-12-23 14:13:06'),
(175,'Knee Pipa Conduit','1','2024-12-23 14:13:27','2024-12-23 14:13:27'),
(176,'Sok Pipa Conduit','1','2024-12-23 14:13:39','2024-12-23 14:13:39'),
(177,'Isolasi Nitto','1','2024-12-23 14:13:52','2024-12-23 14:13:52'),
(178,'Cable Ties 25cm','1','2024-12-23 14:14:09','2024-12-23 14:14:09'),
(179,'Cable Ties 30cm','1','2024-12-23 14:14:21','2024-12-23 14:14:21'),
(180,'Avian Bright Blue 755','1','2024-12-23 14:15:22','2024-12-23 14:15:22'),
(181,'Batu Makadam 5-7','1','2024-12-23 14:16:23','2024-12-23 14:16:23'),
(182,'Batu Sirtu B','1','2024-12-23 14:16:35','2024-12-23 14:16:35'),
(183,'Wiremesh m8 Full (2.1mx5.4m)','1','2024-12-23 14:16:53','2025-02-04 07:12:12'),
(184,'Wiremesh m10 Full (2.1mx5.4m)','1','2024-12-23 14:17:27','2025-02-04 07:11:50'),
(185,'Kaso 4x6x3m Jinjing @6btg','1','2024-12-23 14:19:13','2024-12-23 14:19:13'),
(186,'Besi H-Beam 200 x 6m','1','2024-12-23 14:21:33','2024-12-23 14:21:33'),
(187,'Besi H-Beam 200 x 12m','1','2024-12-23 14:21:46','2024-12-23 14:21:46'),
(188,'WF 200 x 12m','1','2024-12-23 14:22:18','2024-12-23 14:22:18'),
(189,'WF 200 x 6m','1','2024-12-23 14:22:32','2024-12-23 14:22:32'),
(190,'Plat Esser 10mm','1','2024-12-23 14:22:45','2024-12-23 14:22:45'),
(191,'Hollow Besi 4x4x1.2mm Full,Kotak Full','1','2024-12-23 14:23:54','2024-12-23 14:31:39'),
(192,'Hollow Besi 2x4x1.2mm Full,Kotak Full','1','2024-12-23 14:24:12','2024-12-23 14:31:20'),
(193,'Biotank BIOKLIN BK.1000 (1m3)','1','2024-12-23 14:25:17','2024-12-23 14:25:17'),
(194,'Buis Beton Dia 100cm Tinggi 50cm','1','2024-12-23 14:25:53','2024-12-23 14:25:53'),
(195,'Supreme NYM 3x2.5mm @50m','1','2024-12-23 14:27:09','2024-12-23 14:27:09'),
(196,'Supreme NYM 3x2.5mm @100m','1','2024-12-23 14:27:27','2024-12-23 14:28:46'),
(197,'Supreme NYM 2x2.5mm @50m','1','2024-12-23 14:27:45','2024-12-23 14:28:36'),
(198,'Supreme NYM 2x2.5mm @100m','1','2024-12-23 14:28:02','2024-12-23 14:28:27'),
(199,'Clamp Conduit','1','2024-12-23 14:29:30','2024-12-23 14:29:30'),
(200,'Flexible pipe','1','2024-12-23 14:29:48','2024-12-23 14:29:48'),
(201,'MCB Schneider 16A','1','2024-12-23 14:30:34','2024-12-23 14:30:34'),
(202,'Kawat Las Nikko RD260 / 2.0mm','1','2024-12-23 14:32:24','2024-12-23 14:32:24'),
(203,'Cutting Wheels WD 4\"','1','2024-12-23 14:32:53','2024-12-23 14:32:53'),
(204,'Cutting Wheels WD 14\"','1','2024-12-23 14:33:07','2024-12-23 14:33:07'),
(205,'Mata Gerinda Amplas','1','2024-12-23 14:33:38','2024-12-23 14:33:38'),
(206,'Mata Gerinda Batu','1','2024-12-23 14:33:46','2024-12-23 14:33:46'),
(207,'UNP 100','1','2024-12-23 14:34:15','2024-12-23 14:34:15'),
(208,'Besi Siku 5x5 Full','1','2024-12-23 14:34:28','2024-12-23 14:34:28'),
(209,'Hollow Besi 60x60x2mm Full,Kotak Full','1','2024-12-23 14:35:23','2024-12-23 14:35:23'),
(210,'Hollow Besi 4x4x2mm Full,Kotak Full','1','2024-12-23 14:36:10','2024-12-23 14:36:10'),
(211,'Hollow Besi 4x4x1.6mm Full,Kotak Full','1','2024-12-23 14:36:34','2024-12-23 14:36:34'),
(212,'Plat Bordes 2.3mm Asli','1','2024-12-23 14:37:27','2024-12-23 14:37:27'),
(213,'Tutup Kaki Hollow 4x4 Full','1','2024-12-23 14:39:11','2024-12-23 14:39:11'),
(214,'Engsel Besi 1\"','1','2024-12-23 14:39:37','2024-12-23 14:39:37'),
(215,'Propan Traffikote sb 110 RAL 2008','1','2024-12-23 14:42:21','2024-12-23 14:42:21'),
(216,'Propan Traffikote 110 sb White','1','2024-12-23 14:42:43','2024-12-23 14:42:43'),
(217,'Semen Putih Tiga Roda 40kg','1','2024-12-23 14:43:05','2024-12-23 14:43:05'),
(218,'Sika Floor ( Sikadur 752 )','1','2024-12-23 14:43:30','2024-12-23 14:43:30'),
(219,'Closed TOTO CW660J','1','2024-12-23 14:45:39','2024-12-23 14:45:39'),
(220,'Jet Shower TOTO THX20 MCRB','1','2024-12-23 14:46:03','2024-12-23 14:46:03'),
(221,'Gergaji Besi + Gagang','1','2024-12-23 14:46:22','2024-12-23 14:46:22'),
(222,'Propan Ceria White 8','1','2024-12-23 14:48:40','2024-12-23 14:48:40'),
(223,'Lem Fox Kuning Kucing 14kg','1','2024-12-23 14:50:54','2024-12-23 14:50:54'),
(224,'Lem Fox Putih 600gr','1','2024-12-23 14:51:16','2024-12-23 14:51:16'),
(225,'Lem Fox Kuning 168 10kg','1','2024-12-23 14:51:43','2024-12-23 14:51:43'),
(226,'Triplek 12mm Full meranti','1','2024-12-23 14:55:51','2024-12-23 14:55:51'),
(227,'Triplek 18mm Full meranti','1','2024-12-23 14:56:08','2024-12-23 14:56:08'),
(228,'Kawat Harmonika 2mx30mx2mm','1','2024-12-23 14:57:27','2024-12-23 14:57:54'),
(229,'Kuku Macan 6mm ','1','2024-12-23 14:58:24','2024-12-23 14:58:24'),
(230,'Kawat Seling 6mm','1','2024-12-23 14:58:38','2024-12-23 14:58:38'),
(231,'Nippon Q-lux 18kg','1','2024-12-23 14:59:31','2024-12-23 14:59:31'),
(232,'Dulux Pertalite Briliant White 20L','0','2024-12-26 10:04:04','2024-12-26 10:08:01'),
(233,'Dulux Weather Shield Briliant White 20L','1','2024-12-26 10:10:52','2024-12-26 10:10:52'),
(234,'Roman dmallorca Grigio Size 15x60','1','2024-12-29 14:44:34','2024-12-29 14:44:34'),
(235,'Roman dmongrel Wangue Size 20x120','1','2024-12-29 14:45:18','2024-12-29 14:45:18'),
(236,'Roman dsanmartin Chiaro size 60x120','1','2024-12-29 14:46:00','2024-12-29 14:46:00'),
(237,'Roman Step Tile dsanmartin Chiaro size 30x120','1','2024-12-29 14:46:36','2024-12-29 14:46:36'),
(238,'NX965 - Spanish Grey size 50x50','1','2025-01-02 13:54:30','2025-01-02 13:54:30'),
(239,'Jasa Pasang','1','2025-01-02 13:54:30','2025-01-02 13:54:30'),
(240,'P241237J','1','2025-01-03 13:27:02','2025-01-03 13:27:02'),
(241,'Semen @50kg','1','2025-01-03 13:30:29','2025-01-03 13:30:29'),
(242,'Semen Tiga Roda @50kg','1','2025-01-03 13:38:47','2025-01-03 13:38:47'),
(243,'Nexus - NX965','1','2025-01-03 13:43:54','2025-01-03 13:43:54'),
(244,'NX 965','1','2025-01-03 13:53:39','2025-01-03 13:53:39'),
(245,'Ongkos Pasang','1','2025-01-04 19:08:15','2025-01-04 19:08:15'),
(246,'Kayu 5/7 Albasiah','1','2025-01-04 20:30:27','2025-01-04 20:30:27'),
(247,'Paku 5+7+10','1','2025-01-04 20:30:27','2025-01-04 20:30:27'),
(248,'Multiplek 9mm','1','2025-01-04 20:30:27','2025-01-04 20:30:27'),
(249,'Minyak Bekisting','1','2025-01-04 20:30:27','2025-01-04 20:30:27'),
(250,'Palu Godam','1','2025-01-04 20:30:27','2025-01-04 20:30:27'),
(251,'Benang Nylon','1','2025-01-04 20:30:27','2025-01-04 20:30:27'),
(252,'Ember Cor Besar','1','2025-01-04 20:30:27','2025-01-04 20:30:27'),
(253,'Cangkul + Gagang','1','2025-01-04 20:30:27','2025-01-04 20:30:27'),
(254,'Garpu','1','2025-01-04 20:30:27','2025-01-04 20:30:27'),
(255,'Balincong','1','2025-01-04 20:30:27','2025-01-04 20:30:27'),
(256,'Batu Belah 15/20','1','2025-01-04 20:30:27','2025-01-04 20:30:27'),
(257,'Beton K300 Ready Mix FA','1','2025-01-04 20:30:27','2025-01-15 16:16:19'),
(258,'Batu Split 1/2','1','2025-01-04 20:30:27','2025-01-04 20:30:27'),
(259,'Besi 13mm Ulir Full SNI Sertifikat','1','2025-01-04 20:30:27','2025-01-04 20:30:27'),
(260,'Besi 12mm Ulir Full SNI Sertifikat','1','2025-01-04 20:30:27','2025-01-04 20:30:27'),
(261,'Wiremesh M10 (9.8mm) Full SNI Sertifikat','1','2025-01-04 20:30:27','2025-01-04 20:30:27'),
(262,'Besi 8mm Polos Full SNI Sertifikat','1','2025-01-04 20:30:27','2025-01-04 20:30:27'),
(263,'Wiremesh M8 (7.8mm) Full SNI Sertifikat','1','2025-01-04 20:30:27','2025-01-04 20:30:27'),
(264,'Pipa PVC D 8\"','1','2025-01-04 20:30:27','2025-01-04 20:30:27'),
(265,'Baut Baja 10x19','0','2025-01-04 20:30:27','2025-01-15 16:15:46'),
(266,'Canal C75 T.0,75','1','2025-01-04 20:30:27','2025-01-04 20:30:27'),
(267,'Pipa PVC D 2\"','1','2025-01-04 20:30:27','2025-01-04 20:30:27'),
(268,'Mondrian White Matt size 60x120','1','2025-01-05 13:25:08','2025-01-05 13:25:08'),
(269,'SM122011 size 20x120','1','2025-01-06 14:26:10','2025-01-06 14:26:10'),
(270,'Semen @40kg','1','2025-01-07 10:19:21','2025-01-07 10:19:21'),
(271,'Marco - SM22011 size 20x120','1','2025-01-07 10:25:41','2025-01-07 10:25:41'),
(272,'Marco - P24123J size 120x240','1','2025-01-07 10:27:47','2025-01-07 10:27:47'),
(273,'Beton K300 Ready Mix NFA','1','2025-01-07 19:45:40','2025-01-07 19:45:40'),
(274,'Pipa PVC AW 8\" P.4m','1','2025-01-07 19:45:40','2025-01-07 19:45:40'),
(275,'Pipa PVC AW 6\" P.4m','1','2025-01-07 19:45:40','2025-01-07 19:45:40'),
(276,'Fidenza Black size 60x120','1','2025-01-08 09:51:15','2025-01-08 09:51:15'),
(277,'Hollow 4x4 T. 0,35mm','1','2025-01-08 12:58:40','2025-01-08 12:58:40'),
(278,'Hollow Galvanis 2x4x0.35mm','1','2025-01-08 14:28:37','2025-01-08 14:28:37'),
(279,'Shadowline Bluescope','1','2025-01-08 14:28:37','2025-01-09 10:45:03'),
(280,'Jotun Majestic 81YR 06/003 Beauty Matt 2.5L','1','2025-01-08 15:36:44','2025-01-08 15:36:44'),
(281,'Hollow Galvanis 4x4x0.35mm','1','2025-01-08 19:09:55','2025-01-08 19:09:55'),
(282,'Hollow Galvanis 4x4x0.35mm Merah Hijau','1','2025-01-08 19:11:16','2025-01-08 19:11:16'),
(283,'Gresik - Semen @40kg','1','2025-01-08 19:19:14','2025-01-08 19:19:14'),
(284,'NIRO - GTE09 size 60x60','1','2025-01-08 19:27:31','2025-01-08 19:27:31'),
(285,'Tiga Roda - Semen @50kg','1','2025-01-08 19:30:35','2025-01-08 19:30:35'),
(286,'Infiniti - Fidenza Black size 60x120','1','2025-01-08 19:37:16','2025-01-08 19:37:16'),
(287,'Sandimas - Mondrian White size 60x120','1','2025-01-08 19:42:46','2025-01-08 19:42:46'),
(288,'Pipa PVC AW 6\" P.4m	','1','2025-01-08 23:26:31','2025-01-08 23:26:31'),
(289,'Spandek 0.25mm x 3m','1','2025-01-09 08:35:25','2025-01-09 08:35:25'),
(290,'Asbes uk 240','1','2025-01-09 08:35:25','2025-01-15 16:14:47'),
(291,'Screw gypsum 6x1 1/4\"','1','2025-01-09 09:20:28','2025-01-09 09:20:28'),
(292,'Shadowline Bluexcope','0','2025-01-10 10:00:16','2025-01-15 16:23:26'),
(293,'GG043 - Absolute White Matt Size 60x60','1','2025-01-10 11:50:36','2025-01-10 11:50:36'),
(294,'Urban Origine size 20x40','1','2025-01-10 12:46:08','2025-01-10 12:46:08'),
(295,'Urban Cream size 40x40','1','2025-01-10 12:46:08','2025-01-10 12:46:08'),
(296,'Marmore - Stellar White size 60x60','1','2025-01-10 12:46:08','2025-01-10 12:46:08'),
(297,'Dbolonia Bone size 30x30','1','2025-01-10 13:01:30','2025-01-10 13:01:30'),
(298,'Dkilimanjaro Volcanic size 60x60','1','2025-01-10 13:01:30','2025-01-10 13:01:30'),
(299,'Wastafel LW 592 J','1','2025-01-10 14:44:48','2025-01-10 14:44:48'),
(300,'Metro White Bevel size 10x20','1','2025-01-10 19:21:44','2025-01-10 19:21:44'),
(301,'Pipa PVC D 8\" P.4m','1','2025-01-11 08:43:39','2025-01-11 08:43:39'),
(302,'Pipa PVC D 2\" P.4m	','1','2025-01-11 08:43:39','2025-01-11 08:43:39'),
(303,'Pipa 8\" AW P.4m','1','2025-01-11 08:43:39','2025-01-11 08:43:39'),
(304,'Pipa 6\" AW P.4m','1','2025-01-11 08:43:39','2025-01-11 08:43:39'),
(305,'Roman - W40221 Urban Origine size 20x40','1','2025-01-11 09:13:16','2025-01-11 09:13:16'),
(306,'Roman - W40222 Urban Cream size 20x40','1','2025-01-11 09:13:16','2025-01-11 09:13:16'),
(307,'Amplas 400','1','2025-01-11 10:41:06','2025-01-11 10:41:06'),
(308,'Balok Kayu 5x10x4m','1','2025-01-11 10:41:06','2025-01-11 10:41:06'),
(309,'Kayu Kaso 5x7x4m','1','2025-01-11 10:41:06','2025-01-11 10:41:06'),
(310,'Kayu Reng 4x3x4m','1','2025-01-11 10:41:06','2025-01-11 10:41:06'),
(311,'Plamir Matex 4kg','1','2025-01-11 10:41:06','2025-01-11 10:41:06'),
(312,'Semen Kiloan','1','2025-01-11 10:41:06','2025-01-11 10:41:06'),
(313,'Talang Karpet 60cm','1','2025-01-11 10:41:06','2025-01-11 10:41:06'),
(314,'Triplek 3mm','1','2025-01-11 10:41:06','2025-01-11 10:41:06'),
(315,'NIro GMO01 - Marmore - Stellar White size 60x60','1','2025-01-11 14:01:04','2025-01-11 14:01:04'),
(316,'Mulia','1','2025-01-11 14:07:59','2025-01-11 14:07:59'),
(317,'PVC BE 5011 R uk 6m x 58 lbr','0','2025-01-12 16:45:38','2025-01-15 16:22:36'),
(318,'Lis Plafond pvc F-US 6cm x 4m','1','2025-01-12 16:45:38','2025-01-12 16:45:38'),
(319,'Lenkote Supersilk Anti Noda Y6-004 Yummy Yellow','1','2025-01-12 16:45:38','2025-01-12 16:45:38'),
(320,'Avitex Anti Virus Y6-004 Yummy Yellow','1','2025-01-12 16:45:38','2025-01-12 16:45:38'),
(321,'Kunci Besi 12','1','2025-01-13 08:16:30','2025-01-13 08:16:30'),
(322,'Kunci Besi 10','1','2025-01-13 08:16:30','2025-01-13 08:16:30'),
(323,'Wiremesh m5 (2.1mx5.4m)','1','2025-01-13 08:16:30','2025-02-04 07:11:29'),
(324,'WF 150 x 6m LS','1','2025-01-13 08:16:30','2025-01-13 08:16:30'),
(325,'Cnp besi 125 x 3.2mm','1','2025-01-13 08:16:30','2025-01-13 08:16:30'),
(326,'Stiffener besi plat 8mm uk 6x25','1','2025-01-13 08:36:25','2025-01-13 08:36:25'),
(327,'Base plate 10mm uk 30x30','1','2025-01-13 08:36:25','2025-01-15 16:15:19'),
(328,'Anchor besi m16 x 40cm','1','2025-01-13 08:36:25','2025-01-13 08:36:25'),
(329,'Slup besi 8mm, ring 8mm uk 8x12 P3m','1','2025-01-13 08:36:25','2025-01-13 08:36:25'),
(330,'PVC BE 5011 R uk 6m x 60 lbr','1','2025-01-13 08:37:39','2025-01-13 08:37:39'),
(331,'Spandek 0.30mm x 3m','1','2025-01-13 09:05:06','2025-01-13 09:05:06'),
(332,'Hollow 4x6x2mm Full, Kotak Full','1','2025-01-13 09:05:06','2025-01-13 09:05:06'),
(333,'Checker Plate 2.5mm','1','2025-01-13 09:05:06','2025-01-13 09:05:06'),
(334,'Foxy Dark Grey size 60x60','1','2025-01-13 09:29:30','2025-01-13 09:29:30'),
(335,'Fonzy Grey size 60x60','1','2025-01-13 09:29:30','2025-01-13 09:29:30'),
(336,'Montecarlo Grey size 60x60','1','2025-01-13 09:29:30','2025-01-13 09:29:30'),
(337,'GT1269864FR Rieti Panna','1','2025-01-13 09:29:30','2025-01-13 09:29:30'),
(338,'Handle pintu besi','1','2025-01-13 09:29:39','2025-01-13 09:29:39'),
(339,'Roda pagar As besi','1','2025-01-13 09:29:39','2025-01-13 09:29:39'),
(340,'Roda Water Foam','1','2025-01-13 09:29:39','2025-01-13 09:29:39'),
(341,'Plat Esser 3mm','1','2025-01-13 09:29:39','2025-01-13 09:29:39'),
(342,'Slot pintu besi model pistol','1','2025-01-13 09:29:39','2025-01-13 09:29:39'),
(343,'Slot Bawah pintu besi','1','2025-01-13 09:29:39','2025-01-13 09:29:39'),
(344,'Dynabolt 12x7','1','2025-01-13 09:29:39','2025-01-13 09:29:39'),
(345,'Spandek 0.35mm x 4m','1','2025-01-13 09:29:39','2025-01-13 09:29:39'),
(346,'Plat Seat T60 x 0.30mm','1','2025-01-13 09:29:39','2025-01-13 09:29:39'),
(347,'Screw Roofing 5cm','1','2025-01-13 10:11:03','2025-01-13 10:11:03'),
(348,'GWV02 - Wave Grey size 60x60','1','2025-01-13 10:21:13','2025-01-13 10:21:13'),
(349,'Gegep','1','2025-01-13 10:27:57','2025-01-13 10:27:57'),
(350,'Gergaji Kayu','1','2025-01-13 10:27:57','2025-01-13 10:27:57'),
(351,'Dulux Sealer Interior 2.5L','1','2025-01-13 10:45:50','2025-01-13 10:45:50'),
(352,'Dulux Sealer Eksterior 2.5L','1','2025-01-13 10:45:50','2025-02-04 06:45:49'),
(353,'Harmony Shield Alumunium Foil Bubble 5mm','1','2025-01-13 11:34:03','2025-01-13 11:34:03'),
(354,'Lampu Gantung LED 50watt Highbay','1','2025-01-13 11:34:03','2025-01-13 11:34:03'),
(355,'Lampu Sorot LED 100watt','1','2025-01-13 11:34:03','2025-01-13 11:34:03'),
(356,'Saklar Panasonic Single Outbow','1','2025-01-13 11:34:03','2025-01-13 11:34:03'),
(357,'Saklar Panasonic Double Outbow','1','2025-01-13 11:34:03','2025-01-13 11:34:03'),
(358,'Stop Kontak Panasonic Single Outbow','1','2025-01-13 11:34:03','2025-01-13 11:34:03'),
(359,'MCB box Hagger Outbow 12 group','1','2025-01-13 11:34:03','2025-01-13 11:34:03'),
(360,'MCB Schneider 10A','1','2025-01-13 11:34:03','2025-01-13 11:34:03'),
(361,'Lampu Philips 12W','1','2025-01-13 11:34:03','2025-01-13 11:34:03'),
(362,'Exhaust Fan Maspion 10\" Dinding','1','2025-01-13 11:34:03','2025-01-13 11:34:03'),
(363,'Nexus NX965 Spanish Grey size 50x50','1','2025-01-13 13:04:46','2025-01-13 13:04:46'),
(364,'Niro GG043','1','2025-01-13 13:09:54','2025-01-13 13:09:54'),
(365,'Mondrian White size 60x60','1','2025-01-13 21:48:21','2025-01-13 21:48:21'),
(366,'dFuji Light size 60x60','1','2025-01-14 11:09:42','2025-01-14 11:09:42'),
(367,'CEPPO GRIGIO SIZE 320X160','1','2025-01-14 14:47:28','2025-01-14 14:47:28'),
(368,'SAVOIE GRIGIO SIZE 320X160','1','2025-01-14 14:47:28','2025-01-14 14:47:28'),
(369,'Infiniti - Montecarlo Grey size 60x60','1','2025-01-14 16:43:45','2025-01-14 16:43:45'),
(370,'Infiniti - Foxy Dark Grey size 60x120','1','2025-01-14 16:43:45','2025-01-14 16:43:45'),
(371,'Infiniti - Fonzy Grey size 60x120','1','2025-01-14 16:43:45','2025-01-14 16:43:45'),
(372,'Niro - GWV02 Matt size 60x60','1','2025-01-14 16:59:48','2025-01-14 16:59:48'),
(373,'Trevi Panna Glossy size 280x120','1','2025-01-15 13:43:05','2025-01-15 13:43:05'),
(374,'Kape Besi 8\"','1','2025-01-15 16:10:45','2025-01-15 16:10:45'),
(375,'Kape Plastik Besar','1','2025-01-15 16:10:45','2025-01-15 16:10:45'),
(376,'kape gagang kayu 3\"','1','2025-01-15 16:10:45','2025-01-15 16:10:45'),
(377,'Hollow Galvalume 2x4x0.30mm (16x35)','1','2025-01-15 16:10:45','2025-01-15 16:10:45'),
(378,'Hollow Galvalume 4x4x0.30mm (35x35)','1','2025-01-15 16:10:45','2025-01-15 16:10:45'),
(379,'Wallpaper LOHAS putih 87457-1 (1mx15m)','1','2025-01-15 16:10:45','2025-01-15 16:10:45'),
(380,'Firerock D60kg 1.2mx0.6mx25mm','1','2025-01-15 16:10:45','2025-01-15 16:14:11'),
(381,'Firerock D60kg 1.2mx0.6mx50mm','1','2025-01-15 16:10:45','2025-01-15 16:13:58'),
(382,'Hollow Galvalume 2x4x0.30mm (15x31)','1','2025-01-15 16:20:10','2025-01-15 16:20:10'),
(383,'Orion Grey Glossy Uk 120x280','1','2025-01-15 21:17:25','2025-01-15 21:17:25'),
(384,'Semen Merah Putih 40kg','1','2025-01-16 08:53:15','2025-01-16 08:53:15'),
(385,'Gypsum 12mm','1','2025-01-16 09:12:39','2025-01-16 09:12:39'),
(386,'Gypsum WR 13mm','1','2025-01-16 09:12:39','2025-01-16 09:12:39'),
(387,'DL 424 - MIST BLUE','1','2025-01-16 20:22:25','2025-01-16 20:22:25'),
(388,'TX - 454 MOON BLUE','1','2025-01-17 20:12:13','2025-01-17 20:12:13'),
(389,'GAVIN GREY MATT SIZE 60X60','1','2025-01-17 20:35:18','2025-01-17 20:35:18'),
(390,'SPARKLING STRIPES SIZE 30X60','1','2025-01-17 20:35:18','2025-01-17 20:35:18'),
(391,'MU - 480 RENOFIX @25KG','1','2025-01-17 20:35:18','2025-01-17 20:35:18'),
(392,'Carpet Delta DL 419 Charcoal 50x50','1','2025-01-18 06:22:28','2025-01-18 06:22:28'),
(393,'Xiami TV A pro 55 inch','1','2025-01-18 06:22:28','2025-01-18 06:22:28'),
(394,'AC Midea 1 PK MSAF-09CRN2','1','2025-01-18 06:22:28','2025-01-18 06:22:28'),
(395,'Bracket TV Standing Hitam','1','2025-01-18 06:22:28','2025-01-18 06:22:28'),
(396,'0428 Open Back 3\" Alexindo Brown','1','2025-01-18 06:22:28','2025-01-18 06:22:28'),
(397,'9055 Tiang POlos3\" Alexindo Brown','1','2025-01-18 06:22:28','2025-01-18 06:22:28'),
(398,'Mortise Lock Dekson 84100 + Cylinder 60mm','1','2025-01-18 06:22:28','2025-01-18 06:22:28'),
(399,'Handle Tanam Dekson PP 008A 20cm','1','2025-01-18 06:22:28','2025-01-18 06:22:28'),
(400,'0490 Tiang Frame 3\" Alexindo Brown','1','2025-01-18 06:22:28','2025-01-18 06:22:28'),
(401,'Rell Pinru Slading 180cm Dekson','1','2025-01-18 06:22:28','2025-01-18 06:22:28'),
(402,'Firerock 60kg 1.2mx0.6mx25mm','1','2025-01-18 07:02:05','2025-01-18 07:02:05'),
(403,'Firerock60kg 1.2mx0.6mx50mm','1','2025-01-18 07:02:05','2025-01-18 07:02:05'),
(404,'Calacatta Silver Matt size 60x60','1','2025-01-20 10:57:32','2025-01-20 10:57:32'),
(405,'dAugusta Grey Matt size 60x60','1','2025-01-20 10:57:32','2025-01-20 10:57:32'),
(406,'GIX07 - Ash Grey Glossy size 60x60','1','2025-01-20 10:57:32','2025-01-20 10:57:32'),
(407,'Calacatta Silver Matt size 60x120','1','2025-01-20 13:29:57','2025-01-20 13:29:57'),
(408,'Jotun Jotaplast Primer 3.5L','1','2025-01-20 13:44:01','2025-01-20 13:44:01'),
(409,'Jotun Jotaplast New White 18L','1','2025-01-20 13:44:01','2025-01-20 13:44:01'),
(410,'Jotun Easy Wipe Cobalt 6198 18L','1','2025-01-20 13:44:01','2025-01-20 13:44:01'),
(411,'Kaca polos 6mm uk 71.5cmx195.5cm','1','2025-01-20 13:44:01','2025-01-20 13:44:01'),
(412,'Kaca polos 6mm uk 75.5cmx195.5cm','1','2025-01-20 13:44:01','2025-01-20 13:44:01'),
(413,'Sanblast TK J215 uk 120cmx420cm','1','2025-01-20 13:44:01','2025-01-20 13:44:01'),
(414,'Talang Kotak PVC putih 4m','1','2025-01-20 13:44:01','2025-01-20 13:44:01'),
(415,'Sambungan Talang PVC putih','1','2025-01-20 13:44:01','2025-01-20 13:44:01'),
(416,'Dop Talang PVC Putih','1','2025-01-20 13:44:01','2025-01-20 13:44:01'),
(417,'Corong Talang PVC','1','2025-01-20 13:44:01','2025-01-20 13:44:01'),
(418,'Pasir Cilegon @6m3','1','2025-01-21 14:55:48','2025-01-21 14:55:48'),
(419,'dGinostra Charcoal size 30x60','1','2025-01-21 15:12:38','2025-01-21 15:12:38'),
(420,'dPania Continua size 60x60','1','2025-01-21 15:12:38','2025-01-21 15:12:38'),
(421,'dTube White size 30x60','1','2025-01-21 15:12:38','2025-01-21 15:12:38'),
(422,'Pasir Cuci Cilegon + Ayak','1','2025-01-21 15:20:05','2025-01-21 15:20:05'),
(423,'Orion Grey Glossy size 120x280','1','2025-01-21 15:36:45','2025-01-21 15:36:45'),
(424,'Tiga Roda','1','2025-01-22 00:22:18','2025-01-22 00:22:18'),
(425,'Pasir Cuci Cilegon + Ayak @6m3','1','2025-01-22 00:27:19','2025-01-22 00:27:19'),
(426,'Arna - Gavin Grey Matt size 60x60','1','2025-01-22 00:33:54','2025-01-22 00:33:54'),
(427,'MU-480 RenoFix @25kg','1','2025-01-22 00:42:36','2025-01-22 00:42:36'),
(428,'ROMAN W63851R - dSparkling Stripes size 30x60','1','2025-01-22 00:46:10','2025-01-22 00:46:10'),
(429,'dStanford Grigio size 30x60','1','2025-01-22 13:30:41','2025-01-22 13:30:41'),
(430,'dAsmant Charcoal size 60x60','1','2025-01-22 13:30:41','2025-01-22 13:30:41'),
(431,'dCervinia Bianco size 60x60','1','2025-01-22 21:00:06','2025-01-22 21:00:06'),
(432,'Damesco Dark size 60x60','1','2025-01-22 21:00:06','2025-01-22 21:00:06'),
(433,'Romano Natural size 60x60','1','2025-01-22 21:00:06','2025-01-22 21:00:06'),
(434,'Slate Grafite size 60x60','1','2025-01-22 21:00:06','2025-01-22 21:00:06'),
(435,'Mozart Cemento size 60x60','1','2025-01-22 21:00:06','2025-01-22 21:00:06'),
(436,'Jayaboard - Gypsum 12mm','1','2025-01-22 21:13:45','2025-01-22 21:13:45'),
(437,'Roman GT632140CR','1','2025-01-22 21:18:10','2025-01-22 21:18:10'),
(438,'Roman GT605528R','1','2025-01-22 21:18:10','2025-01-22 21:18:10'),
(439,'Roman GT635525R - dGinostra charcoal size 30x60','1','2025-01-23 10:40:16','2025-01-23 10:40:16'),
(440,'Roman GT609889FR - dPania Conwtinua size 60x60','1','2025-01-23 10:40:16','2025-01-23 10:40:16'),
(441,'Roman W63801R - dTube White size 30x60','1','2025-01-23 10:40:16','2025-01-23 10:40:16'),
(442,'dPania Contunua size 60x60','1','2025-01-24 20:48:15','2025-01-24 20:48:15'),
(443,'Jotun Antifade Grey 9913','1','2025-01-26 16:18:11','2025-01-26 16:18:11'),
(444,'Dulux Pentalite','1','2025-01-26 16:18:11','2025-01-26 16:18:11'),
(445,'Aquaproof Pro Abu Abu','1','2025-01-26 16:18:11','2025-01-26 16:18:11'),
(446,'Ftalite Hella Grey 611','1','2025-01-26 16:18:11','2025-01-26 16:18:11'),
(447,'Ftalite Signal Red 134','1','2025-01-26 16:18:11','2025-01-26 16:18:11'),
(448,'P24123J','1','2025-01-27 23:12:19','2025-01-27 23:12:19'),
(449,'Urban Cream size 20x40','1','2025-01-30 11:34:47','2025-01-30 11:34:47'),
(450,'Graniti Wheat size 30x30','1','2025-01-30 11:34:47','2025-01-30 11:34:47'),
(451,'Nagoya Taupe size 40x40','1','2025-01-30 11:34:47','2025-01-30 11:34:47'),
(452,'Roman W40221 - Urban Origine size 20x40','1','2025-01-30 11:38:48','2025-01-30 11:38:48'),
(453,'Roman W40222 - Urban Cream size 20x40','1','2025-01-30 11:38:48','2025-01-30 11:38:48'),
(454,'Roman G337408 - Graniti Wheat size 30x30','1','2025-01-30 11:38:48','2025-01-30 11:38:48'),
(455,'Roman G447503 - Nagoya Taupe size 40x40','1','2025-01-30 11:38:48','2025-01-30 11:38:48'),
(456,'Niro GMO01 size 60x60','1','2025-01-30 22:56:09','2025-01-30 22:56:09'),
(457,'Infiniti - Terrazzo Terra Grey size 60x60','1','2025-01-30 23:07:47','2025-01-30 23:07:47'),
(458,'Terrazzo Terra Grey size 60x60','1','2025-01-30 23:24:54','2025-01-30 23:24:54'),
(459,'Baut Baja 10x19','1','2025-01-31 13:51:12','2025-01-31 13:51:12'),
(460,'Shadowline Bluexcope','1','2025-01-31 13:52:07','2025-01-31 13:52:07'),
(461,'Hollow Galvalume 2x4x0.3mm','1','2025-01-31 14:31:13','2025-01-31 14:31:13'),
(462,'Hollow Galvalume 4x4x0.3mm','1','2025-01-31 14:31:13','2025-01-31 14:31:13'),
(463,' Terra Arte - Corwtini sizde 60x60','1','2025-01-31 15:34:39','2025-01-31 15:34:39'),
(464,'Bata Ringan 10cm','1','2025-01-31 16:02:50','2025-01-31 16:02:50'),
(465,'Base plat 10mm uk 30x30','1','2025-02-01 23:38:14','2025-02-01 23:38:14'),
(466,'Plat Seat T60 x 0.30mm x 20m','1','2025-02-02 00:52:13','2025-02-02 00:52:13'),
(467,'Cable Ties putih 25cm','1','2025-02-02 00:52:13','2025-02-02 00:52:13'),
(468,'kusen 3\" Inkalum Brown','1','2025-02-02 00:52:13','2025-02-02 00:52:13'),
(469,'Stopper 3\" Inkalum Brown','1','2025-02-02 00:52:13','2025-02-02 00:52:13'),
(470,'Spandrel 8cm Brown','1','2025-02-02 00:52:13','2025-02-02 00:52:13'),
(471,'Mortise,handle,cylinder Dekson LHTR 84030','1','2025-02-02 00:52:13','2025-02-02 00:52:13'),
(472,'60428 3\" Inkalum Brown (skrup)','1','2025-02-03 09:51:54','2025-02-03 09:51:54'),
(473,'0428 3\" Inkalum White (polos)','1','2025-02-03 09:51:54','2025-02-03 09:51:54'),
(474,'1899 Jalusi 3\" Inkalum White','1','2025-02-03 09:51:54','2025-02-03 09:51:54'),
(475,'Tapping 6x3/8 PAB','1','2025-02-03 09:51:54','2025-02-03 09:51:54'),
(476,'Paku Rivet 435','1','2025-02-03 09:51:54','2025-02-03 09:51:54'),
(477,'HUTAN UBUD SIZE 160X320','1','2025-02-03 15:19:16','2025-02-03 15:19:16'),
(478,'dShard Charcoal size 60x120','1','2025-02-04 09:39:52','2025-02-04 09:39:52'),
(479,'Timber Dark Grey size 60x60','1','2025-02-04 09:44:17','2025-02-04 09:44:17'),
(480,'Roman GT602133CR - dAugusta Grey size 60x60','1','2025-02-04 09:49:52','2025-02-04 09:49:52'),
(481,'Roman GT1265515R - dShard Charcoal size 60x120','1','2025-02-04 14:28:21','2025-02-04 14:28:21'),
(482,'NEVOSA PURA SIZE 320X160','1','2025-02-05 09:33:27','2025-02-05 09:33:27'),
(483,'ANGEL WINGS SIZE 320X160','1','2025-02-05 15:20:30','2025-02-05 15:20:30'),
(484,'Nippon Roadline Hitam 5L','1','2025-02-06 08:46:46','2025-02-06 08:46:46'),
(485,'Nippon Roadline Putih 5L','1','2025-02-06 08:46:46','2025-02-06 08:46:46'),
(486,'dCervinia Classic Size 60x60','1','2025-02-06 08:56:37','2025-02-06 08:56:37'),
(487,'Slate Graphite size 60x60','1','2025-02-06 08:56:37','2025-02-06 08:56:37'),
(488,'Montreal Light Grey size 60x60','1','2025-02-06 08:56:37','2025-02-06 08:56:37'),
(489,'Bulgary Grey size ','1','2025-02-06 08:56:37','2025-02-06 08:56:37'),
(490,'White size 10x30 Matt','1','2025-02-06 09:16:47','2025-02-06 09:16:47'),
(491,'Dulux Pentalite Light Charcoal 88BG 62/005','1','2025-02-06 10:44:54','2025-02-06 10:44:54'),
(492,'Dulux Pentalite 40708 Loud Stone Doff','1','2025-02-06 19:09:44','2025-02-06 19:09:44'),
(493,'Pasir Cuci Cilegon @6m3','1','2025-02-06 23:39:27','2025-02-06 23:39:27'),
(494,'Statuario Grey Glossy size 60x60','1','2025-02-10 12:13:50','2025-02-10 12:13:50'),
(495,'INFINITI - STATUARIO GREY GLOSSY SIZE 60X60','1','2025-02-10 14:48:44','2025-02-10 14:48:44'),
(496,'Ongkos Kirim','1','2025-02-11 06:24:21','2025-02-11 06:24:21'),
(497,'Pipa PVC 1/2\" AW','1','2025-02-11 06:35:18','2025-02-11 06:35:18'),
(498,'Semen Serang 40kg','1','2025-02-11 06:35:18','2025-02-11 06:35:18'),
(499,'Tandon Penguin 1.000L + Radar','1','2025-02-11 06:35:18','2025-02-11 06:35:18'),
(500,'Floor Drain w/ Square Flange 115 x 115 2\"','1','2025-02-11 14:02:42','2025-02-11 14:02:42'),
(501,'dWellington Savana size 60x60','1','2025-02-12 13:38:43','2025-02-12 13:38:43'),
(502,'dDallas Beige size 30x30','1','2025-02-12 13:38:43','2025-02-12 13:38:43'),
(503,'Graniti Smoke size 30x30','1','2025-02-12 13:38:43','2025-02-12 13:38:43'),
(504,'Vivaz Bianco size 30x30','1','2025-02-12 13:38:43','2025-02-12 13:38:43'),
(505,'PALISANDRO CLASSICO SIZE 320X160','1','2025-02-12 14:16:18','2025-02-12 14:16:18'),
(506,'Roman GT609854FR - dCervinia Classic size 60x60','1','2025-02-13 13:25:56','2025-02-13 13:25:56'),
(507,'dScoria Charcoal size 30x60','1','2025-02-13 13:29:38','2025-02-13 13:29:38'),
(508,'Roman GT635540R - dScoria Charcoal size 30x60','1','2025-02-13 14:41:30','2025-02-13 14:41:30'),
(509,'Flush Bolt - FB 508 Black','1','2025-02-14 09:21:53','2025-02-14 09:21:53'),
(510,'Deluxe Hinge - ESS DL 4x3x3mm 2BB Black','1','2025-02-14 09:21:53','2025-02-14 09:21:53'),
(511,'Door Closer - DCL 300 ( Hold Open ) Black','1','2025-02-14 09:21:53','2025-02-14 09:21:53'),
(512,'Mortise Sliding Lock - DL 84100N Black','1','2025-02-14 09:21:53','2025-02-14 09:21:53'),
(513,'Lever Handle - LHR 0816 Black','1','2025-02-14 09:21:53','2025-02-14 09:21:53'),
(514,'Pull Handle C - PH DL801 25x300x325 Black','1','2025-02-14 09:21:53','2025-02-18 16:45:01'),
(515,'Top Hanger 715 2W RL SSS','1','2025-02-14 09:21:53','2025-02-14 09:21:53'),
(516,'Top Hanger 716 4W SSS','1','2025-02-14 09:21:53','2025-02-14 09:21:53'),
(517,'Bottom Guide 717 RL SSS','1','2025-02-14 09:21:53','2025-02-14 09:21:53'),
(518,'Pull Plate - PP 008A 200x37.5x13 Black','1','2025-02-14 09:21:53','2025-02-14 09:21:53'),
(519,'LANDMARK GREY SIZE 60X120','1','2025-02-14 10:34:41','2025-02-14 10:34:41'),
(520,'Roman W63429R - dCatania Siena size 30x60','1','2025-02-14 11:17:35','2025-02-14 11:17:35'),
(521,'Roman W63829R - dCatania Bruno size 30x60','1','2025-02-14 11:17:35','2025-02-14 11:17:35'),
(522,'W63429R - dCatania Siena size 30x60','1','2025-02-14 11:31:23','2025-02-14 11:31:23'),
(523,'W63829R - dCatania Bruno size 30x60','1','2025-02-14 11:31:23','2025-02-14 11:31:23'),
(524,'TGT338054CR - dPlutonic Anthracite size 30x30','1','2025-02-14 11:31:23','2025-02-14 11:31:23'),
(525,'TGT338053CR - dPlutonic Acera size 30x30','1','2025-02-14 11:31:23','2025-02-14 11:31:23'),
(526,'G330604 - Rocktile Anthracite size 30x30','1','2025-02-14 11:31:23','2025-02-14 11:31:23'),
(527,'Top Track Besar 300cm','1','2025-02-15 08:56:14','2025-02-15 08:56:14'),
(528,'Cylinder - DC DL 60mm Black','1','2025-02-15 08:56:14','2025-02-15 08:56:14'),
(529,'Escutcheon D01 Matt Black','1','2025-02-15 08:56:14','2025-02-15 08:56:14'),
(530,'Karet Bulat Hitam','1','2025-02-15 08:56:14','2025-02-15 08:56:14'),
(531,'Terod Pintu Alumunium','1','2025-02-15 08:56:14','2025-02-15 08:56:14'),
(532,'Bottom Channel U Alumunium 300cm (sayap)','1','2025-02-15 08:56:14','2025-02-15 08:56:14'),
(533,'Mortise Lock 84030 Black','1','2025-02-15 08:56:14','2025-02-15 08:56:14'),
(534,'Sleding Set - SR 8901 D4 200cm (100kg)','1','2025-02-15 10:07:40','2025-02-15 10:07:40'),
(535,'dBarco Gris size 60x120','1','2025-02-15 10:57:23','2025-02-15 10:57:23'),
(536,'GT1269868FR - dBarco Gris size 60x120','1','2025-02-15 17:39:23','2025-02-15 17:39:23'),
(537,'dCatania Sienna size 30x60','1','2025-02-15 18:04:43','2025-02-15 18:04:43'),
(538,'dCatania Bruno size 30x60','1','2025-02-15 18:04:43','2025-02-15 18:04:43'),
(539,'dPlutonic Anthracite size 30x30','1','2025-02-15 18:04:43','2025-02-15 18:04:43'),
(540,'Rocktile Anthracite size 30x30','1','2025-02-15 18:04:43','2025-02-15 18:04:43'),
(541,'dPlutonic Acero size 30x30','1','2025-02-15 18:04:43','2025-02-15 18:04:43'),
(542,'Landmark Grey Matt size 60x120','1','2025-02-15 18:10:28','2025-02-15 18:10:28'),
(543,'Gypsum Wet Area 13mm','1','2025-02-15 18:22:15','2025-02-15 18:22:15'),
(544,'Gypsym WR 13mm','1','2025-02-15 18:55:57','2025-02-15 18:55:57'),
(545,'Aksesoris','1','2025-02-15 18:55:57','2025-02-15 18:55:57'),
(546,'White Non Bevel size 10x30 Matt','1','2025-02-15 19:02:03','2025-02-15 19:02:03'),
(547,'Briatico Dark Brown size 80x80','1','2025-02-15 19:21:50','2025-02-15 19:21:50'),
(548,'Costabrava Cream size 60x120','1','2025-02-15 19:21:50','2025-02-15 19:21:50'),
(549,'Costa Brava Cream size 60x120','1','2025-02-15 19:23:43','2025-02-15 19:23:43'),
(550,'Dallas Beige size 30x30','1','2025-02-17 22:53:11','2025-02-17 22:53:11'),
(551,'Basaltina Grey size 60x60','1','2025-02-18 09:17:53','2025-02-18 09:17:53'),
(552,'Hazel Chemari','1','2025-02-18 10:24:19','2025-02-18 10:24:19'),
(553,'Avena Linen','1','2025-02-18 10:24:19','2025-02-18 10:24:19'),
(554,'Cinnamon','1','2025-02-18 10:24:19','2025-02-18 10:24:19'),
(555,'Dark Grey Slate','1','2025-02-18 10:24:19','2025-02-18 10:24:19'),
(556,'Carson Oak','1','2025-02-18 10:24:19','2025-02-18 10:24:19'),
(557,'TX1EB - Floor Drain w/Square Flange 115x115 2\"','1','2025-02-18 16:37:52','2025-02-18 16:37:52'),
(558,'Travertino White size 60x120','1','2025-02-18 16:48:41','2025-02-18 16:48:41'),
(559,'Nexus NX - 965','1','2025-02-18 21:57:20','2025-02-18 21:57:20'),
(560,'Subway Mulia Bevel Glossy size 10x30','1','2025-02-19 10:34:23','2025-02-19 10:34:23'),
(561,'Cream Bexter','1','2025-02-19 10:42:42','2025-02-19 10:42:42'),
(562,'Acacia Teak','1','2025-02-19 10:42:42','2025-02-19 10:42:42'),
(563,'Deli Caramel','1','2025-02-19 10:42:42','2025-02-19 10:42:42'),
(564,'Gymsum 12mm','1','2025-02-19 11:09:51','2025-02-19 11:09:51'),
(565,'Elnino Grey size 80x80','1','2025-02-19 16:35:35','2025-02-19 16:35:35'),
(566,'Plywood MC 12mm','1','2025-02-19 16:43:29','2025-02-19 16:43:29'),
(567,'Lem Active @10kg','1','2025-02-19 16:43:29','2025-02-19 16:43:29'),
(568,'TH872RE - Hazel Chemari','1','2025-02-19 16:58:44','2025-02-19 16:58:44'),
(569,'TH1239FA - Avena Linen','1','2025-02-19 16:58:44','2025-02-19 16:58:44'),
(570,'WP6002PA - Cinnamon','1','2025-02-19 16:58:44','2025-02-19 16:58:44'),
(571,'TV3025 - Dark Grey Slate','1','2025-02-19 16:58:44','2025-02-19 16:58:44'),
(572,'TV5505SPC - Carson Oak','1','2025-02-19 16:58:44','2025-02-19 16:58:44'),
(573,'TH1235FA - Cream Bexter','1','2025-02-19 16:58:44','2025-02-19 16:58:44'),
(574,'TIX0050CM - Acacia Teak','1','2025-02-19 16:58:44','2025-02-19 16:58:44'),
(575,'SI9009VA - Deli Caramel','1','2025-02-19 16:58:44','2025-02-19 16:58:44'),
(576,'Wiremesh m8 (7.5) 2.1mx5.4m','1','2025-02-20 10:18:35','2025-02-20 10:18:35'),
(577,'GT609854FR - dCervinia Classic size 60x60 (lot 24)','1','2025-02-20 12:51:20','2025-02-20 12:51:20'),
(578,'Aquaproof Pro Abu-Abu 4kg','1','2025-02-20 16:12:05','2025-02-20 16:12:05'),
(579,'Ftalite Permanent Red KF-43','1','2025-02-20 16:12:05','2025-02-20 16:12:05'),
(580,'dCedrus Rosato size 15x90','1','2025-02-21 09:39:03','2025-02-21 09:39:03'),
(581,'dConcreto Perla size 60x120','1','2025-02-21 09:39:03','2025-02-21 09:39:03'),
(582,'Cemento White size 60x60','1','2025-02-21 10:21:02','2025-02-21 10:21:02'),
(583,'Bevel White Glossy size 10x30','1','2025-02-21 10:21:02','2025-02-21 10:21:02'),
(584,'Cerra Hokkaido White Bone size 30,6x30,6','1','2025-02-21 11:26:41','2025-02-21 11:26:41'),
(585,'ARCHANGEL WINGS SIZE 160X320','1','2025-02-21 11:31:24','2025-02-21 11:31:24'),
(586,'Montecarlo Grey Glossy size 60x60','1','2025-02-21 15:07:31','2025-02-21 15:07:31'),
(587,'Tarsus Grey Matt size 60x60','1','2025-02-21 15:07:31','2025-02-21 15:07:31'),
(588,'Bulgary Grey size 60x60','1','2025-02-21 15:28:50','2025-02-21 15:28:50'),
(589,'Lever Handle - LHTR 0019 Black','1','2025-02-24 10:26:21','2025-02-24 10:26:21'),
(590,'Mortise Lock - MTS L DL 8485 Black','1','2025-02-24 10:26:21','2025-02-24 10:26:21'),
(591,'Palermo Brown size 60x60','1','2025-02-24 15:20:30','2025-02-24 15:20:30'),
(592,'Archangel Wings EM size 160x320','1','2025-02-25 00:57:04','2025-02-25 00:57:04'),
(593,'Tarsus Grey size 60x60','1','2025-02-25 01:01:28','2025-02-25 01:01:28'),
(594,'VENUS CERRA HOKKAIDO WHITE BONE size 30x30','1','2025-02-25 01:09:49','2025-02-25 01:09:49'),
(595,'Serenity White size 20x40','1','2025-02-25 15:46:48','2025-02-25 15:46:48'),
(596,'Vivaz Perla size 30x30','1','2025-02-25 15:46:48','2025-02-25 15:46:48'),
(597,'dPavia Crema size 30x60','1','2025-02-25 15:46:48','2025-02-25 15:46:48'),
(598,'Murano White size 40x40','1','2025-02-25 15:46:48','2025-02-25 15:46:48'),
(599,'dTambora Perla size 30x30','1','2025-02-25 16:03:17','2025-02-25 16:03:17'),
(600,'dPlutonic Antracite size 30x30','1','2025-02-25 16:03:17','2025-02-25 16:03:17'),
(601,'TGT605752C - dWellington Savana size 60x60','1','2025-02-27 10:51:41','2025-02-27 10:51:41'),
(602,'G337212 - Dallas Beige size 30x30','1','2025-02-27 10:51:41','2025-02-27 10:51:41'),
(603,'G337403 - Graniti Smoke size 30x30','1','2025-02-27 10:51:41','2025-02-27 10:51:41'),
(604,'G337106 - Vivaz Bianco size 30x30','1','2025-02-27 10:51:41','2025-02-27 10:51:41'),
(605,'W63801R - dTube White size 30x30','1','2025-02-27 10:51:41','2025-02-27 10:51:41'),
(606,'Cemento Grey size 60x60','1','2025-02-28 18:13:22','2025-02-28 18:13:22'),
(607,'GT1265515R - dShard Charcoal size 60x120','1','2025-03-03 11:23:26','2025-03-03 11:23:26'),
(608,'dDayton Grey size 60x60','1','2025-03-03 11:48:39','2025-03-03 11:48:39'),
(609,'GT602137R - dDayton Grey size 60x60','1','2025-03-03 14:24:59','2025-03-03 14:24:59'),
(610,'Jotun Jotashield Primer 2.5L','1','2025-03-05 08:02:27','2025-03-05 08:02:27'),
(611,'dMarche Nebbia size 80x80','1','2025-03-06 10:44:53','2025-03-06 10:44:53'),
(612,'dShard Grey size 60x120','1','2025-03-06 10:44:53','2025-03-06 10:44:53'),
(613,'dStimento Perla','1','2025-03-06 10:44:53','2025-03-06 10:44:53'),
(614,'dStimento Charcoal size 60x120','1','2025-03-06 10:44:53','2025-03-06 10:44:53'),
(615,'SPC Sehati Beige Oak size 5mm','1','2025-03-06 10:44:53','2025-03-06 10:44:53'),
(616,'SPC CC05','1','2025-03-06 14:34:29','2025-03-06 14:34:29'),
(617,'Corina BAP 1504 - Double Towel Bar','1','2025-03-06 16:58:41','2025-03-06 16:58:41'),
(618,'ARABESCATO BIANCO SIZE 320X160','1','2025-03-07 09:50:28','2025-03-07 09:50:28'),
(619,'BTS 55 + PF GD','1','2025-03-07 20:54:56','2025-03-07 20:54:56'),
(620,'UL PT 30','1','2025-03-07 21:03:38','2025-03-07 21:03:38'),
(621,'Absolute White Glossy size 60x60','1','2025-03-10 10:47:47','2025-03-10 10:47:47'),
(622,'Marquis Panna size 120x120','1','2025-03-13 16:18:24','2025-03-13 16:18:24'),
(623,'Plaza White Glossy size 22mm x 145mm','1','2025-03-14 11:21:04','2025-03-14 11:21:04'),
(624,'Plaza Pink Matte size 22mm x 145mm','1','2025-03-14 11:21:04','2025-03-14 11:21:04'),
(625,'Drywall Stud 76mmx32x32 jaya 0.4mm','1','2025-03-14 14:32:13','2025-03-14 14:32:13'),
(626,'Drywall Stud 76mmx28x28 Jaya 0,4mm','1','2025-03-14 14:32:13','2025-03-14 14:32:13'),
(627,'Screw SDS Wafer 10x16','1','2025-03-14 14:32:13','2025-03-14 14:32:13'),
(628,'Screw Gypsum 6x1 Jaya','1','2025-03-14 14:32:13','2025-03-14 14:32:13'),
(629,'UB tape Jayaboard','1','2025-03-14 14:32:13','2025-03-14 14:32:13'),
(630,'Compound Jayaboard','1','2025-03-14 14:32:13','2025-03-14 14:32:13'),
(631,'Hollow 40x40x0.30 Kotak Full','1','2025-03-14 14:32:13','2025-03-14 14:32:13'),
(632,'Semen Tigaroda 40kg','1','2025-03-14 17:18:59','2025-03-14 17:18:59'),
(633,'Champion - SPC CC05mm','1','2025-03-15 14:05:28','2025-03-15 14:05:28'),
(634,'Essenza - Absolute White Glossy size 60x60','1','2025-03-15 14:10:44','2025-03-15 14:10:44'),
(635,'Dorma - BTS55 Complete Set','1','2025-03-15 14:14:41','2025-03-15 14:14:41'),
(636,'Dorma - PT 30 UL','1','2025-03-15 14:14:41','2025-03-15 14:14:41'),
(637,'Wiremesh m5','1','2025-03-15 17:03:25','2025-03-15 17:03:25'),
(638,'Triplek 3mm MC meranti','1','2025-03-17 12:26:27','2025-03-17 12:26:27'),
(639,'WPC PVC Grille 159x15x2900mm ECHO K01 Canadian Map','1','2025-03-17 12:26:27','2025-03-17 12:26:27'),
(640,'Screw Gypsum 6x1 CML','1','2025-03-17 12:26:27','2025-03-17 12:26:27'),
(641,'Paku Beton 2\" CML','1','2025-03-17 12:26:27','2025-03-17 12:26:27'),
(642,'Sosis Neutral Silicone Tranparant 600ml','1','2025-03-17 12:26:27','2025-03-17 12:26:27'),
(643,'Triplek 9mm MC meranti STD Furniture','1','2025-03-17 12:27:31','2025-03-17 12:27:31'),
(644,'Triplek 3mm MC meranti STD Furniture','1','2025-03-17 12:27:31','2025-03-17 12:27:31'),
(645,'WPC PVC Grille 159x15x2900mm K01 Canadian Map','1','2025-03-17 13:12:38','2025-03-17 13:12:38'),
(646,'GT809856FR - dMarche Nebbia size 80x80','1','2025-03-18 21:04:07','2025-03-18 21:04:07'),
(647,'GT1265514R - dShard Grey size 60x120','1','2025-03-18 21:04:07','2025-03-18 21:04:07'),
(648,'GT1262505R - dStimento Perla size 60x120','1','2025-03-18 21:04:07','2025-03-18 21:04:07'),
(649,'GT1262507R - dStimento Charcoal size 60x120','1','2025-03-18 21:04:07','2025-03-18 21:04:07'),
(650,'GT635525R - dGinostra Charcoal size 30x60','1','2025-03-18 21:04:07','2025-03-18 21:04:07'),
(651,'Tropez Grey Matt size 60x60','1','2025-03-19 14:31:45','2025-03-19 14:31:45'),
(652,'Rustico White Matt size 60x60','1','2025-03-19 14:31:45','2025-03-19 14:31:45'),
(653,'Mondrian White size 60x120','1','2025-03-21 12:57:24','2025-03-21 12:57:24'),
(654,'Floor Hardener Nitoflor Hardtop (Fosfroc) 25kg','1','2025-03-25 09:22:01','2025-03-25 09:22:01'),
(655,'Jotun Majestic Primer','1','2025-03-25 09:22:01','2025-03-25 09:22:01'),
(656,'Lis U Alumunium 9mm','1','2025-03-25 09:22:01','2025-03-25 09:22:01'),
(657,'Inbow Panasonic Wide Series','1','2025-03-25 09:22:01','2025-03-25 09:22:01'),
(658,'Cable Jembo NYM 3x2.5mm @50m','1','2025-03-25 09:22:01','2025-03-25 09:22:01'),
(659,'Cable Jembo NYM 3x4mm @50m','1','2025-03-25 09:22:01','2025-03-25 09:22:01'),
(660,'Pipa Conduit 20mm BOSS','1','2025-03-25 09:22:01','2025-03-25 09:22:01'),
(661,'Sok Conduit BOSS','1','2025-03-25 09:22:01','2025-03-25 09:22:01'),
(662,'Elbow Conduit BOSS','1','2025-03-25 09:22:01','2025-03-25 09:22:01'),
(663,'Clamp Conduit BOSS','1','2025-03-25 09:22:01','2025-03-25 09:22:01'),
(664,'Tee dus Boss 20mm 3 way','1','2025-03-25 09:22:01','2025-03-25 09:22:01'),
(665,'Tee dus Boss 20mm 2 way','1','2025-03-25 09:22:01','2025-03-25 09:22:01'),
(666,'Jotun Majestic Primer 20L','1','2025-03-25 10:22:02','2025-03-25 10:22:02'),
(667,'C633 Complete Set','1','2025-04-07 11:38:46','2025-04-07 11:38:46'),
(668,'Jet Wasser size 688x410x515mm','1','2025-04-07 11:38:46','2025-04-07 11:38:46'),
(669,'Kran Wastafel Up-Down Small','1','2025-04-07 11:38:46','2025-04-07 11:38:46'),
(670,'Sifon T Inc Drain','1','2025-04-07 11:38:46','2025-04-07 11:38:46'),
(671,'Floor Drain','1','2025-04-07 11:38:46','2025-04-07 11:38:46'),
(672,'Kran Janitor','1','2025-04-07 11:38:46','2025-04-07 11:38:46'),
(673,'Wall Hung Urinal (Body Only)','1','2025-04-07 11:38:46','2025-04-07 11:38:46'),
(674,'Kran Dinding YG-95N','1','2025-04-07 11:38:46','2025-04-07 11:38:46'),
(675,'Pegangan Bathup 40cm','1','2025-04-07 11:38:46','2025-04-07 11:38:46'),
(676,'Toilet Jongkok Putih','1','2025-04-07 17:02:15','2025-04-07 17:02:15'),
(677,'Jet Wasser','1','2025-04-07 17:12:21','2025-04-07 17:12:21'),
(678,'Sifon T w/Drain','1','2025-04-07 17:12:21','2025-04-07 17:12:21'),
(679,'Handle Bar 40cm','1','2025-04-07 17:12:21','2025-04-07 17:12:21'),
(680,'Statuario Grey size 60x60','1','2025-04-07 17:17:38','2025-04-07 17:17:38'),
(681,'New Black size 60x60','1','2025-04-07 17:17:38','2025-04-07 17:17:38'),
(682,'Infiniti - Statuario Grey size 60x60','1','2025-04-08 14:58:16','2025-04-08 14:58:16'),
(683,'Jotun Majestic True Beauty Matt White 0001','1','2025-04-10 13:51:23','2025-04-10 13:51:23'),
(684,'Kuas Cat 1,5 Inch','1','2025-04-10 13:51:23','2025-04-10 13:51:23'),
(685,'Hollow Besi 5x10x2mm Full Kotak full','1','2025-04-10 13:51:23','2025-04-10 13:51:23'),
(686,'UNP 100x50x5mm','1','2025-04-10 13:51:23','2025-04-10 13:51:23'),
(687,'Rudy Gress - New Black size 60x60','1','2025-04-10 16:19:49','2025-04-10 16:19:49'),
(688,'Bologna White size 60x60','1','2025-04-12 15:18:27','2025-04-12 15:18:27'),
(689,'Ash Grey size 60x60','1','2025-04-12 15:36:28','2025-04-12 15:36:28'),
(690,'dArlington Bone size 60x15','1','2025-04-14 14:47:46','2025-04-14 14:47:46'),
(691,'Merdeka','1','2025-04-14 14:59:27','2025-04-14 14:59:27'),
(692,'Tropaz Grey Matt size 60x60','1','2025-04-15 13:16:31','2025-04-15 13:16:31'),
(693,'Vicenza Elm 3mm','1','2025-04-15 15:11:20','2025-04-15 15:11:20'),
(694,'Natural Beech 3mm','1','2025-04-15 15:11:20','2025-04-15 15:11:20'),
(695,'Warm Cherry 3mm','1','2025-04-15 15:11:20','2025-04-15 15:11:20'),
(696,'dArcade Perla size 60x60','1','2025-04-16 02:20:20','2025-04-16 02:20:20'),
(697,'Spandek 0.25mm x 1m','1','2025-04-16 08:26:35','2025-04-16 08:26:35'),
(698,'Cnp 0.60 Full','1','2025-04-16 08:26:35','2025-04-16 08:26:35'),
(699,'Parma Oak 3mm','1','2025-04-16 11:10:55','2025-04-16 11:10:55'),
(700,'Granulo Escuro size 60x60','1','2025-04-16 12:15:02','2025-04-16 12:15:02'),
(701,'Oscar Grey size 40x40','1','2025-04-16 12:15:02','2025-04-16 12:15:02'),
(702,'Portland Dark Grey Glossy size 60x120','1','2025-04-19 16:10:12','2025-04-19 16:10:12'),
(703,'Wood Ebony Matt size 20x120','1','2025-04-19 16:10:12','2025-04-19 16:10:12'),
(704,'Pure Black Glossy size 80x80','1','2025-04-21 10:49:04','2025-04-21 10:49:04'),
(705,'Ticino Light Grey size 60x60','1','2025-04-21 10:55:15','2025-04-21 10:55:15'),
(706,'dStimento Perla size 60x120','1','2025-04-21 11:04:58','2025-04-21 11:04:58'),
(707,'Gresik - Semen @50kg','1','2025-04-21 14:51:37','2025-04-21 14:51:37'),
(708,'Niro - GIX07 Ash Grey size 60x60','1','2025-04-21 14:59:33','2025-04-21 14:59:33'),
(709,'Roman GT602151R','1','2025-04-21 15:01:50','2025-04-21 15:01:50'),
(710,'Taco - TV3015','1','2025-04-21 15:04:33','2025-04-21 15:04:33'),
(711,'Taco - TV3014','1','2025-04-21 15:04:33','2025-04-21 15:04:33'),
(712,'Taco - TV3010','1','2025-04-21 15:04:33','2025-04-21 15:04:33'),
(713,'Taco TV3004','1','2025-04-21 15:05:30','2025-04-21 15:05:30'),
(714,'Meja Lipat Aveda size 120x59x73cm','1','2025-04-22 17:02:11','2025-04-22 17:02:11'),
(715,'Meja Lipat Electre size 120x59x73cm','1','2025-04-22 17:03:23','2025-04-22 17:03:23'),
(716,'Jotun Jotamastic 85 Grey 20L ','1','2025-04-22 19:53:52','2025-04-22 19:53:52'),
(717,'Jotun Hardtop XP 0257 Green 20L','1','2025-04-22 19:53:52','2025-04-22 19:53:52'),
(718,'Jotun Hardtop XP 4067 Grey 20L','1','2025-04-22 19:53:52','2025-04-22 19:53:52'),
(719,'Jotun Thinner No. 17','1','2025-04-22 19:53:52','2025-04-22 19:53:52'),
(720,'Jotun Thinner No. 10','1','2025-04-22 19:53:52','2025-04-22 19:53:52'),
(721,'Wall Hung Urinal with flush','1','2025-04-24 09:59:18','2025-04-24 09:59:18');
/*!40000 ALTER TABLE `ms_products` ENABLE KEYS */;
UNLOCK TABLES;

--
-- Table structure for table `ms_suppliers`
--

DROP TABLE IF EXISTS `ms_suppliers`;
/*!40101 SET @saved_cs_client     = @@character_set_client */;
/*!40101 SET character_set_client = utf8mb4 */;
CREATE TABLE `ms_suppliers` (
  `id` bigint(20) unsigned NOT NULL AUTO_INCREMENT,
  `code` varchar(20) NOT NULL,
  `name` varchar(50) NOT NULL,
  `company_name` varchar(50) DEFAULT NULL,
  `address` text DEFAULT NULL,
  `country_id` bigint(20) NOT NULL DEFAULT 0,
  `state_id` bigint(20) NOT NULL DEFAULT 0,
  `city_id` bigint(20) NOT NULL DEFAULT 0,
  `postal_code` int(11) NOT NULL DEFAULT 0,
  `email` varchar(50) DEFAULT NULL,
  `phone` varchar(20) DEFAULT NULL,
  `telephone` varchar(20) DEFAULT NULL,
  `fax` varchar(20) DEFAULT NULL,
  `is_status` varchar(1) NOT NULL DEFAULT '1',
  `created_at` timestamp NULL DEFAULT NULL,
  `updated_at` timestamp NULL DEFAULT NULL,
  `deleted_at` timestamp NULL DEFAULT NULL,
  `created_by` bigint(20) DEFAULT NULL,
  `updated_by` bigint(20) DEFAULT NULL,
  `deleted_by` bigint(20) DEFAULT NULL,
  PRIMARY KEY (`id`),
  KEY `ms_suppliers_id_index` (`id`),
  KEY `ms_suppliers_code_index` (`code`),
  KEY `ms_suppliers_name_index` (`name`),
  KEY `ms_suppliers_company_name_index` (`company_name`),
  KEY `ms_suppliers_country_id_index` (`country_id`),
  KEY `ms_suppliers_state_id_index` (`state_id`),
  KEY `ms_suppliers_city_id_index` (`city_id`),
  KEY `ms_suppliers_is_status_index` (`is_status`)
) ENGINE=InnoDB AUTO_INCREMENT=89 DEFAULT CHARSET=utf8mb4 COLLATE=utf8mb4_unicode_ci ROW_FORMAT=DYNAMIC;
/*!40101 SET character_set_client = @saved_cs_client */;

--
-- Dumping data for table `ms_suppliers`
--

LOCK TABLES `ms_suppliers` WRITE;
/*!40000 ALTER TABLE `ms_suppliers` DISABLE KEYS */;
INSERT INTO `ms_suppliers` VALUES
(1,'01','Bpk Mega','PT. SATYA LANGGENG SENTOSA','GEDUNG QUADRA CENTRUM E1.3\nJL. TAMAN ARIES RT.009 RW.003, MERUYA UTARA, KEMBANGAN, JAKARTA, 11620',0,0,0,0,NULL,'081286969270',NULL,NULL,'1','2024-12-22 16:19:33','2025-01-11 09:09:01',NULL,NULL,NULL,NULL),
(2,'02','IKIN','TB. PUTRA BAJA','Jl Alternative Cibubur ( Dekat Polsek Cileungsi )',0,0,0,0,NULL,'081219178585','021 8248 0250',NULL,'0','2024-12-22 17:22:40','2025-02-04 06:05:59',NULL,NULL,NULL,NULL),
(3,'03','Herry Chandra','TB.Sumber Tangguh Jaya','Jl Raya Cileungsi - Jonggol KM1.5 Kp Sawah - Cileungsi',0,0,0,0,NULL,'081280801233','021 8230610',NULL,'1','2024-12-23 15:05:02','2024-12-29 15:13:38',NULL,NULL,NULL,NULL),
(4,'SPL20241227134011','IBU TERE','PT. SURYA MULTI CEMERLANG','PANGLIMA SUDIRMAN 23-25\nEMBONG KALIASIN, GENTENG, SURABAYA, 60271',0,0,0,0,NULL,'081356789760',NULL,NULL,'1','2024-12-27 13:43:39','2025-02-10 14:47:27',NULL,NULL,NULL,NULL),
(5,'SPL20241227134346','BPK SUKIRMAN','PT. BANGUNREKSA PERKASA','JL. MANGGA DUA RAYA BLOK F4 NO.1-2, MANGGA DUA SELATAN, SAWAH BESAR\nJAKARTA PUSAT\n',0,0,0,0,NULL,'0818888156',NULL,NULL,'1','2024-12-27 13:46:45','2025-01-22 00:43:46',NULL,NULL,NULL,NULL),
(6,'SPL2024122713470','PAK ADAM','PT. CAHAYAMASS PINANGSIA RAYA','JL. PINANGSIA RAYA NO.16-E RT.008/RW.005, PINANGSIA, JAKARTA BARAT',0,0,0,0,NULL,'08561557557',NULL,NULL,'1','2024-12-27 13:49:32','2025-02-19 16:50:04',NULL,NULL,NULL,NULL),
(7,'SPL20241227134941','081','PLATINUM CERAMICS INDUSTRY','JL. PANGLIMA SUDIRMAN NO. 23-25, SURABAYA',0,0,0,0,NULL,NULL,NULL,NULL,'1','2024-12-27 13:52:10','2024-12-27 13:52:10',NULL,NULL,NULL,NULL),
(8,'SPL2024122714041','Bpk Sukirman','PT. DELTA BANGUN KHARISMA','KOMPLEK PERUM DAAN MOGOT BARU LB-2 NO.24\nRT.003 RW.017, KALI DERES, JAKARTA BARAT, 11840',0,0,0,0,NULL,'0818888156',NULL,NULL,'1','2024-12-27 14:01:13','2025-01-07 10:24:04',NULL,NULL,NULL,NULL),
(9,'SPL2024122714419','081','PT. CITRA MANDIRI KERAMINDO','JL. PERCETAKAN NEGARA D691 RT.006 RW.010, CEMPAKA PUTIH BARAT, JAKARTA PUSAT',0,0,0,0,NULL,NULL,NULL,NULL,'1','2024-12-27 14:04:44','2024-12-27 14:04:44',NULL,NULL,NULL,NULL),
(10,'SPL2024122714551','Bpk Juna','PT. DEKORAMIK PERDANA','JL. MG. DUA RAYA BLOK F.5/12-15\nMANGGA DUA SELATAN, SAWAH BESAR, JAKARTA PUSAT',0,0,0,0,NULL,'085156751478',NULL,NULL,'1','2024-12-27 14:06:18','2025-01-08 19:39:12',NULL,NULL,NULL,NULL),
(11,'SPL20241227142020','081','PT.SAMUDRA MANDIRI SUKSES','Komp. ruko pelem pelangi, blok E no 7. cengkareng` jakarta barat.',0,0,0,0,NULL,'021 29024911','021 22556591','021 55956816','1','2024-12-27 14:22:39','2024-12-29 15:12:06',NULL,NULL,NULL,NULL),
(12,'SPL20241227142326','081','PT. HIJRAH INSAN KARIMA','JI. Wibawa Mukti II No 69, Jatiasih\nKota Bekasi Jawa Barat 17423\n[ndonesie',0,0,0,0,NULL,NULL,NULL,NULL,'1','2024-12-27 14:25:48','2024-12-27 14:25:48',NULL,NULL,NULL,NULL),
(13,'SPL2024122715956','081281834191','CV.PARAMA MATERIAL INDONESIA','Jl. Paiaiaran 1, RT.001/RW.001, Sukamantri, Kec. Cisaat\nKab. Sukabumi, Jawa Barat 43152',0,0,0,0,'paramamediasolution1@gmail.com',NULL,'0251 -8265164 ',NULL,'1','2024-12-27 15:15:21','2024-12-29 15:06:10',NULL,NULL,NULL,NULL),
(14,'SPL20241227151557','Bpk Zuhri','PT. MANDIRI ABADIPRIMA PERKASA','RUKO BUKIT HIJAU KARAWACI JL. DIKLAT PEMDA BLOK A NO 24-25 , KAB. TANGERANG',0,0,0,0,NULL,'081398332420',NULL,NULL,'1','2024-12-27 15:17:16','2025-01-03 13:36:17',NULL,NULL,NULL,NULL),
(15,'SPL2024122715187','0812 8188 6067','CV. CORINDO','RUKO ROYAL PARK RESIDENCE BLOK AR 01 NO 07 RT 002 RW 006 , KOTA BEKASI',0,0,0,0,NULL,NULL,'021 8262 2547 ',NULL,'1','2024-12-27 15:22:34','2024-12-27 15:22:34',NULL,NULL,NULL,NULL),
(16,'SPL20241227152311','081','PT.CATUR MITRA SEJATI SENTOSA','JL. BOULEVARD GADING SERPONG BLOK MITRA 10, DS. CURUG SANGERENG I KABUPATEN\nTANGERANG',0,0,0,0,NULL,NULL,NULL,NULL,'1','2024-12-27 15:24:32','2024-12-29 15:09:18',NULL,NULL,NULL,NULL),
(17,'SPL2024122715253','Aprilia','PT. BERKAT ANUGRAH SEJAHTERA','JL PEJUANGAN BLOK A NO 11 , JAKARTA BARAT',0,0,0,0,NULL,'0812-2195-9849',NULL,NULL,'1','2024-12-27 15:26:31','2025-01-07 16:58:48',NULL,NULL,NULL,NULL),
(18,'SPL20241227152636','081','PT.BUN JAYA ABADl',' JL INDUSTRl 3 NO 16 RT 011 RW 001, JAKARTA PUSAT',0,0,0,0,NULL,NULL,NULL,NULL,'1','2024-12-27 15:27:46','2024-12-29 15:08:58',NULL,NULL,NULL,NULL),
(19,'SPL2024122715288','BPK WILLY','PT.QUADRA DINAMIRA INTERNASIONAL','GEDUNG QUADRA CENTRUM JL TAMAN ARIES BLOK EI NO 03 RT 001 RW 008 , JAKARTA BARAT',0,0,0,0,'','+62 853-6285-9135','',NULL,'1','2024-12-27 15:30:16','2025-02-25 00:52:30',NULL,NULL,NULL,NULL),
(20,'SPL20241227153019','Ibu Ima','CV.SENTRA PENTAPRIMA','RUKO CITYWALK RAFFLES HILLS BLOK LB NO 15 RT 022 RW 025 , KOTA DEPOK',0,0,0,0,'sales@sentramultiwarna.com','0811-9004-931','021 21284932',' 021-84309641','1','2024-12-27 15:33:38','2025-04-11 20:03:28',NULL,NULL,NULL,NULL),
(21,'SPL20241227153349','081','PT.GRAHA WARNA NUSANTARA','RUKO BOULEVARD JL BOULEVARD GADING SERPONG BLOK M.5 NO 35 , KAB. TANGERANG',0,0,0,0,NULL,NULL,NULL,NULL,'1','2024-12-27 15:36:19','2024-12-29 15:10:01',NULL,NULL,NULL,NULL),
(22,'SPL20241227153626','081','PT.ZAHRAN NADINE MANDIRl','PERUMAHAN VILLA PERMATA TAMBUN, JALAN MANGGA BLOK C8 NO.52 RT 002 RW 012 , KAB.\nBEKASI',0,0,0,0,NULL,NULL,NULL,NULL,'1','2024-12-27 15:38:14','2024-12-29 15:12:50',NULL,NULL,NULL,NULL),
(23,'SPL20241227153825','Bpk Donal','PT.MAJU KEMULIAAN BERSAMA JAYA','RUKO MEGA BOULEVARD, HARAPAN INDAH 2 BLOK BLOK RV2 NO 38, PUSAKA RAKYAT , KAB.\nBEKASl',0,0,0,0,NULL,'089525268161',NULL,NULL,'1','2024-12-27 15:40:59','2025-01-08 19:33:23',NULL,NULL,NULL,NULL),
(24,'SPL2024122715412','081','CV.SINAR LOGAM MANDIRl','JL TRANSYOGI CILEUNGSI -CIBUBUR KP PASAR LAMA NO 11 RT 002 RW 004 , RAB. BOGOR',0,0,0,0,NULL,NULL,NULL,NULL,'1','2024-12-27 15:42:14','2024-12-29 15:07:11',NULL,NULL,NULL,NULL),
(25,'SPL20241227154238','Icha',' PT.BER CIPTA MANDIRl ( 3R Alumunium )','JL. ALTERNATIF CIBUBUR-CILEUNGSI KP. NANGGEWER 1 NO 46 RT 002 RW 007 , KAB. BOGOR',0,0,0,0,NULL,'0878-7745-2319',NULL,NULL,'1','2024-12-27 15:43:24','2025-01-18 06:48:35',NULL,NULL,NULL,NULL),
(26,'SPL20241227154328','081','KOP KONSUMEN WARGA SEMEN GRESIK KWSG','JL. TAUCHID KOMPLEK PT. SEMEN GRESIK TUBANAN . KAB. GRESIK',0,0,0,0,NULL,NULL,NULL,NULL,'1','2024-12-27 15:44:55','2024-12-27 15:44:55',NULL,NULL,NULL,NULL),
(27,'SPL20241227154458','081806860639','PT.BANGUNAN JAYA CEMERLANG','JL. PINANGSIA RAYA NO 24H RT 011 RW 005 , JAKARTA BARAT',0,0,0,0,NULL,NULL,NULL,NULL,'1','2024-12-27 15:47:07','2024-12-29 15:07:56',NULL,NULL,NULL,NULL),
(28,'SPL20241227154714','081','PT.KREASI SENTOSA ABADl','JL ARTERI PANJANG KEDOYA RUKO GOLDEN 8 NO 8 Q-R RT 005 RW 011 , JARARTA BARAT',0,0,0,0,NULL,NULL,NULL,NULL,'1','2024-12-27 15:49:48','2024-12-29 15:10:58',NULL,NULL,NULL,NULL),
(29,'SPL20241227155012','Ibu Olive','PT.INDAH KERAMIK SENTRAL BANGUNAN','JL HIDUP BARU NO 4 RT 001 RW 003, PADEMANGAN BARAT , JAKARTA UTARA',0,0,0,0,NULL,'081139815761',NULL,NULL,'1','2024-12-27 15:51:20','2025-01-11 14:05:48',NULL,NULL,NULL,NULL),
(30,'SPL20241227155132','081','PT.BUMI KARUNIA','KAWASAN BIZPARK, JALAN RAYA BEKASI KM 21,5 BLOK A.3 NO 50 RT 008 RW 004 , JAKARTA TIMUR',0,0,0,0,NULL,NULL,NULL,NULL,'1','2024-12-27 15:54:53','2024-12-29 15:08:43',NULL,NULL,NULL,NULL),
(31,'SPL20241227155456','085715344527','PT.TENAGA INTERNATIONAL','GEDUNG KIRANA TWO LT.12 UNIT D, JL BOULEVARD TIMUR NO 88 RT 005 RW 002 , JAKARTA UTARA\n',0,0,0,0,NULL,'081281061164',NULL,NULL,'1','2024-12-27 15:57:33','2024-12-29 15:12:22',NULL,NULL,NULL,NULL),
(32,'SPL2024122715588','08118208050','CV.DUTA JAYA SENTOSA','JL KH UMAR KP RAWAILAT NO 38 RT 003 RW 008 , KAB. BOGOR',0,0,0,0,'dutajayasentosa20@gmail.com',NULL,NULL,NULL,'1','2024-12-27 16:01:12','2024-12-29 15:05:17',NULL,NULL,NULL,NULL),
(33,'SPL2024122716532','081','CV.SELARAS JAYA ABADl','Ruko Niaga Kencana Sakti No.6-J\nJl. Daan Mogot Km 14, Cengkareng Jakarta Barat',0,0,0,0,NULL,NULL,NULL,NULL,'1','2024-12-27 16:08:00','2024-12-29 15:06:28',NULL,NULL,NULL,NULL),
(34,'SPL20241227161015','081','PT.CITRABARU MITRA PERKASA','GEDUNG MENARA KUNINGAN LT.8 UNIT F DAN G JL HR.RASUNA SAID X-7 KAV.5 RT 006 RW 007 ,\nJAKARTA S ELATAN',0,0,0,0,NULL,NULL,NULL,NULL,'1','2024-12-27 16:12:48','2024-12-29 15:09:39',NULL,NULL,NULL,NULL),
(35,'SPL2024122716186','081','CV.PALTINUM PRIMORIS','JL RAYA CILEUNGSI NO 32 RT 007 RW 004 , KAB. BOGOR',0,0,0,0,NULL,NULL,NULL,NULL,'1','2024-12-27 16:19:46','2024-12-29 15:05:35',NULL,NULL,NULL,NULL),
(36,'SPL20241227162151','081','PT.ASABA GOLDEN PRIMA','JALAN RAYA KUTRUK NOMOR 88 RAMPUNG DARAHAM RT 005 RW 003, JAMBE , KAB. TANGERANG',0,0,0,0,NULL,NULL,'02159981730',NULL,'1','2024-12-27 16:23:37','2024-12-29 15:07:37',NULL,NULL,NULL,NULL),
(37,'SPL202513134042','Ibu Febby','MEGAH INTERIOR','Komp. Ruko Taman Palem Lestari Blok D10/33, Cengkareng, Jakarta Barat',0,0,0,0,NULL,'081290000750','02155952003',NULL,'1','2025-01-03 13:42:04','2025-01-03 13:42:04',NULL,NULL,NULL,NULL),
(38,'SPL20251419100','BPK INDAH CARPET','PT. RAINBOW CARPET INDAH','JL. SENEN RAYA NO. 136-137, JAKARTA 10410',0,0,0,0,NULL,'08119955271','0213861111','0213855322','1','2025-01-04 19:13:33','2025-01-04 19:13:33',NULL,NULL,NULL,NULL),
(39,'SPL202514203659','Bpk Irawan','Bpk Irawan','Jakarta',0,0,0,0,NULL,'087882351678',NULL,NULL,'1','2025-01-04 20:38:32','2025-01-04 20:38:32',NULL,NULL,NULL,NULL),
(40,'SPL20251711175','Bpk Madria','DUNIA PASIR','Kp Cijantra Rt 02/03 Kel. Jatake Kec. pagedangan Tangerang',0,0,0,0,NULL,'0813 - 8492 - 5846','0878 - 8833 - 3394',NULL,'1','2025-01-07 11:21:35','2025-01-07 11:21:35',NULL,NULL,NULL,NULL),
(41,'SPL202518185917','0812-1922-4170','PT. DEPO BAJA STEELINDO','Jl. Ruko Food City RKFC/005 Green Lake City, petir, Cipondoh Kota Tangerang - Banten',0,0,0,0,NULL,NULL,NULL,NULL,'1','2025-01-08 19:07:08','2025-01-08 19:07:08',NULL,NULL,NULL,NULL),
(42,'SPL20251819315','Bpk Yasir','PT. SINAR CIPTA MANDIRI','KAWASAN PERGUDANGAN DAN PERDAGANGAN SENTRA NIAGA 5, SN5.2 NO.6, KOTA HARAPAN INDAH NO.7, BEKASI, JAWA BARAT, 17214',0,0,0,0,NULL,'087888708462',NULL,NULL,'1','2025-01-08 19:08:10','2025-01-08 19:08:10',NULL,NULL,NULL,NULL),
(43,'SPL20251819216','Ibu Adel','CV. MITRA SELARAS (PRODECO)','JAKARTA',0,0,0,0,NULL,'087825577213',NULL,NULL,'1','2025-01-08 19:22:49','2025-01-08 19:22:49',NULL,NULL,NULL,NULL),
(44,'SPL20251819234','Ibu Nayla','PT. MULIA PERSADA LESTARI','JALAN RAYA TAPOS NO 61 RT. 001 RW. 013 TAPOS KOTA DEPOK JAWA BARAT',0,0,0,0,NULL,'0895-4182-26842',NULL,NULL,'0','2025-01-08 19:26:20','2025-01-08 19:28:30',NULL,NULL,NULL,NULL),
(45,'SPL20251993321','081','Tk Multi Colour','Jl. Raya Narogong KM 19 Cileungsi depan RS Mery kab Bogor',0,0,0,0,NULL,'0812-8854-5015',NULL,NULL,'1','2025-01-09 09:35:06','2025-01-09 09:35:06',NULL,NULL,NULL,NULL),
(46,'SPL20251995245','BPK AGUNG RIYADI','TB SINAR RAHAYU JAYA','JL. KELAPA DUA PADURENAN MUSTIKA JAYA - BEKASI',0,0,0,0,NULL,'0877-7932-9444','0878-8046-6072',NULL,'1','2025-01-09 09:55:01','2025-01-09 09:55:01',NULL,NULL,NULL,NULL),
(47,'SPL2025110131512','Ibu Nina','PT. JAYACIPTA PROFILE','JL. Lapangan Bola No.33C Rt.004 RW.010 Jakarta Barat',0,0,0,0,NULL,'0877-8000-3777','021-532 7385','021 536 1272','1','2025-01-10 13:18:05','2025-01-10 13:18:05',NULL,NULL,NULL,NULL),
(48,'SPL202511393512','Bung Egy','TOKO APIP BAJA','JL. RAYA JATIRANGGA NO.81 RT002/012, JATI RAGGA,JATI SAMPURNA BEKASI',0,0,0,0,NULL,'0812-8801-8724',NULL,NULL,'1','2025-01-13 09:41:21','2025-01-13 09:41:21',NULL,NULL,NULL,NULL),
(49,'SPL202511661131','Ibu Rahmi','PT. ANEKA PAPERA INDAH','Kawasan Niaga Citra Gran. JL Alternatif Cibubur no.5 Blok R6A Rt002/Rw008 Jatisampurna Kota Bekasi',0,0,0,0,NULL,'0812-1899-1213',NULL,NULL,'1','2025-01-16 06:16:40','2025-01-16 06:16:40',NULL,NULL,NULL,NULL),
(50,'SPL202511662129','Bpk Sugeng','PT. KAINDO NIRMALA CEMERLANG','Taman Kebon Jeruk Intercon Blok Aa.1 No.16,, RT.4/RW.7, Meruya Sel., Kec. Kembangan, Kota Jakarta Barat, Daerah Khusus Ibukota Jakarta 11650',0,0,0,0,NULL,'0813-1261-4290','021-585 3678','021-586 7201','1','2025-01-16 06:27:55','2025-01-16 06:27:55',NULL,NULL,NULL,NULL),
(51,'SPL20251168477','Bpk Susanto','TB BEDAHAN JAYA','Jl. H Sulaiman No.189 RT 002/RW 007 Bedahan - Perigi Depok',0,0,0,0,NULL,'0812-1772-8888','0813-2773-8888',NULL,'1','2025-01-16 08:49:56','2025-01-16 08:49:56',NULL,NULL,NULL,NULL),
(52,'SPL202511864243','Bpk Wlliam  Yang ','Hi-Tech ( Gen 2000 )','JL. Duri raya No.5BDuri Kepa Jakarta Barat',0,0,0,0,NULL,'0821-1388-8855','021-2933 9620',NULL,'1','2025-01-18 06:45:23','2025-01-18 06:45:23',NULL,NULL,NULL,NULL),
(53,'SPL202511885236','Bpk Teddy','PT. PRIMA CIPTA UNGGUL KARYA','JL. HAYAM WURUK LINDETEVES TRADE CENTER LANTAI 1, C10, MANGGA BESAR, TAMAN SARI KOTA - JAKARTA BARAT 11180',0,0,0,0,NULL,'0816-737-637',NULL,NULL,'1','2025-01-18 08:59:17','2025-01-18 08:59:17',NULL,NULL,NULL,NULL),
(54,'SPL202512016418','081','Rajawali KACA & Alumunium','JL. Raya Cileungsi jonggok KM 6.5 Desa Gandoang cileungsi kab bogor',0,0,0,0,NULL,'0819-0817-4567',NULL,NULL,'1','2025-01-20 16:06:05','2025-01-20 16:06:05',NULL,NULL,NULL,NULL),
(55,'SPL202512202834','IBU KENSI','PT. BANGUNAN JAYA PRIMA (BJ HOME SERPONG)','Jl. Pahlawan Seribu Sektor VI.I No.17, BSD City, Kec. Serpong Utara, Kota Tangerang Selatan, Banten 15325',0,0,0,0,NULL,'082110345260','(021) 5389999',NULL,'1','2025-01-22 00:30:54','2025-01-22 00:30:54',NULL,NULL,NULL,NULL),
(56,'SPL202512203447','.','PT. KLOPMART BERKAT BERSAMA','JL. SULTAN AGUNG NO.28, GUNTUR, SETIABUDI, JAKARTA SELATAN',0,0,0,0,NULL,'0818777092','0218311124',NULL,'1','2025-01-22 00:36:59','2025-01-22 00:36:59',NULL,NULL,NULL,NULL),
(57,'SPL202513084059','Bpk Hendrik','TB ALAM JAYA','Jl. Malimping desa mampir rt 004/007 no. 88 depan lapangan binong cileungsi-kab bogor',0,0,0,0,NULL,'0812-8357-015',NULL,NULL,'1','2025-01-30 08:46:17','2025-01-30 08:46:17',NULL,NULL,NULL,NULL),
(58,'SPL202513116420','Bpk Bambang','TB Platinum','Jl. Raya Cileungsi Jonggol kM 6 Desa Gandoang Kec Cileungsi Kab Bogor',0,0,0,0,NULL,'0898-8894-494',NULL,NULL,'1','2025-01-31 16:05:38','2025-01-31 16:05:38',NULL,NULL,NULL,NULL),
(59,'SPL20252315858','Bpk Ruddy Chandra','PT. DISTRITAMA PERKASA','Komplek pergudangan & Perkantoran Archadia Blok G6 no.6\nJalan Daan Mogot km21, Batu Ceper, Tangerang - 15122',0,0,0,0,NULL,'0817-9815-988','021-29006316','021-2900291','1','2025-02-03 15:12:22','2025-02-03 15:12:22',NULL,NULL,NULL,NULL),
(60,'SPL20252454648','Bpk Nandar','CV. DIGITAL INDONESIA','Jln PLN raya Rt 011/Rw 003 Kel.Cikokol, Kec Tangerang kota Tangerang 15117',0,0,0,0,NULL,'0821-1978-6182',NULL,NULL,'1','2025-02-04 05:51:22','2025-02-04 05:51:22',NULL,NULL,NULL,NULL),
(61,'SPL20252455142','Bpk Hadi Lesmana','PT. SINAR JAYA TRILIUN','Jln Gang Mandar - Kranggan',0,0,0,0,NULL,'0822-9866-7500','0821-2427-0999',NULL,'1','2025-02-04 05:53:25','2025-02-04 05:53:25',NULL,NULL,NULL,NULL),
(62,'SPL20252455349','Admin Baja Nusantara','PT. BAJA NUSANTARA ABADI','Jl. Raya Jatikramat no.20 Rt 007/ Rw 009 Kel. Jatikramat kec. Jati Asih, Kota Bekasi 17421',0,0,0,0,NULL,'0821-3333-8474','021-8550 9933',NULL,'1','2025-02-04 05:57:32','2025-02-04 05:57:32',NULL,NULL,NULL,NULL),
(63,'SPL2025245583','Bpk Toni','PT. BUMEN HUTAMA JAYA','PERUM GRIYA ALAM SENTOSA C4 NO.15 RT 009/ RW 008 PASI ANGIN CILEUNGSI KAB.BOGOR',0,0,0,0,NULL,'0888-8638-443',NULL,NULL,'1','2025-02-04 06:01:00','2025-02-04 06:01:00',NULL,NULL,NULL,NULL),
(64,'SPL2025246241','ADMIN','TB. SINAR BAJA','JL. LETDA NASIR , NAGRAK GUNUNG PUTRI BOGOR',0,0,0,0,NULL,'0812-9572-4442',NULL,NULL,'1','2025-02-04 06:04:12','2025-02-04 06:04:12',NULL,NULL,NULL,NULL),
(65,'SPL202524664','BPK. IKIN','TB. PUTRA BAJA','JL. ALTERNATIF CILEUNGSI ( DEKAT POLSEK CILEUNGSI )',0,0,0,0,NULL,'0812-1917-8585','021 8248 0250',NULL,'1','2025-02-04 06:07:59','2025-02-04 06:07:59',NULL,NULL,NULL,NULL),
(66,'SPL2025246844','Bpk Suhandi','CV. CIPTA LANGGENG CEMERLANG','RUKO PALM CROWN BLOK HH4 NO. 3\nJl. Taman Surya 5, pegadungan Jakarta Barat 11830',0,0,0,0,NULL,'0812-7778-529','021 5433 6533',NULL,'1','2025-02-04 06:11:44','2025-02-04 06:11:44',NULL,NULL,NULL,NULL),
(67,'SPL20252461239','ADMIN','CV. TRIJAYA ABADI','JL. WIBAWA MUKTI II RT 01/06 KP PAYANGAN JATI SARI, JATI ASIH BEKASI',0,0,0,0,NULL,'0813-8072-9100','021 2138 4756',NULL,'1','2025-02-04 06:14:30','2025-02-04 06:14:30',NULL,NULL,NULL,NULL),
(68,'SPL20252685649','Bpk Daniel Fibriyanto','SUMBER CAHAYA','Gedung Kenari Mas, Lantai Lower Ground Blok A no. 8',0,0,0,0,NULL,'0858-8888-9949','021 398442794',NULL,'1','2025-02-06 09:00:09','2025-02-06 09:00:09',NULL,NULL,NULL,NULL),
(69,'SPL202526102619','ADMIN','ROYAL BANGUNAN CILEUNGSI','JL RAYA CILEUNGSI - JONGGOL KM2 NO. 177A',0,0,0,0,NULL,'0812-3777-7863','021 80470758',NULL,'1','2025-02-06 10:34:53','2025-02-06 10:34:53',NULL,NULL,NULL,NULL),
(70,'SPL202526111914','Bpk Ari','NAGA PRIMA THINNER','JL RADEN SALEH NO. 8 KARANG TENGAH, KEC KARANG TENGAH KOTA TANGERANG 15157',0,0,0,0,NULL,'0856-9312-3645',NULL,NULL,'1','2025-02-06 11:21:08','2025-02-06 11:21:08',NULL,NULL,NULL,NULL),
(71,'SPL20252611461','Bpk Acong','TB INDOSATU MERUYA','JL Meruya Utara no. 89A RT001/RW001 Meruya Utara kec Kembangan Jakarta Barat 11620',0,0,0,0,NULL,'0896-0371-6217',NULL,NULL,'1','2025-02-06 11:48:37','2025-02-06 11:48:37',NULL,NULL,NULL,NULL),
(72,'SPL2025214222531','Bpk Bayu Herwanda','LAPAK PASIR.COM','KP Cijantra RT 003 RW 003 Desa JATAKE Kec Pegedangan kab tangerang',0,0,0,0,NULL,'0813-1651-19999','0878-0862-6757',NULL,'1','2025-02-14 22:28:18','2025-02-14 22:28:18',NULL,NULL,NULL,NULL),
(73,'SPL2025215175635','BPK ALIYANTO','ALIN KERAMIK','JAKARTA',0,0,0,0,NULL,'081288223381',NULL,NULL,'1','2025-02-15 17:56:55','2025-02-15 17:56:55',NULL,NULL,NULL,NULL),
(74,'SPL202521518747','BPK RICHARD','PT. SOLUSI KONSTRUKSI NUSANTARA','GREEN LAKE CITY RUKAN CBD BLOK E01, KEC. CIPONDOH, KETAPANG, TANGERANG, 15147',0,0,0,0,NULL,'082288889511',NULL,NULL,'1','2025-02-15 18:08:57','2025-02-15 18:08:57',NULL,NULL,NULL,NULL),
(75,'SPL2025215184913','BPK BAYU','LAPAKPASIR.COM','JAKARTA',0,0,0,0,NULL,'+62 813-1651-1999',NULL,NULL,'1','2025-02-15 18:49:47','2025-02-15 18:49:47',NULL,NULL,NULL,NULL),
(76,'SPL202521518570','BPK MULYADI','PT. PRATAMA MANDIRI PRIMA','Jl. RAYA LEMAHABANG NO.27, CIKARANG UTARA',0,0,0,0,NULL,'+62 857-2298-1508',NULL,NULL,'1','2025-02-15 18:58:52','2025-02-15 18:58:52',NULL,NULL,NULL,NULL),
(77,'SPL202521519729','BPK YULIUS','MITRA BERSAMA','PLAZA KENARI MAS LT. F1, BLOK F NO.85',0,0,0,0,NULL,'+62 819-0843-3253',NULL,NULL,'1','2025-02-15 19:08:15','2025-02-15 19:08:15',NULL,NULL,NULL,NULL),
(78,'SPL2025218163233','Bpk Ferry','PT. SAMUDRA MANDIRI SUKSES','TAMAN PALEM LESTARI, RUKO PELANGI BLOK E NO.7 , RT.13/RW.008, CENGKARENG BARAT, JAKBAR',0,0,0,0,NULL,'087887190061',NULL,NULL,'1','2025-02-18 16:33:41','2025-02-18 16:33:41',NULL,NULL,NULL,NULL),
(79,'SPL2025224104314','ADMIN','PT. CATUR MITRA SEJATI SENTOSA ( CIBUBUR )','JL. Alternative Cibubur - Cileungsi KM 4 Kav 88 Cibubur',0,0,0,0,NULL,'0821-2479-1778','021 8459 9747',NULL,'1','2025-02-24 10:46:31','2025-02-24 10:46:31',NULL,NULL,NULL,NULL),
(80,'SPL20252251220','IBU LINA','PT. VENUS CERAMICA INTERNATIONAL','Ruko De Mansion, Jl. Jalur Sutera Blok C7-C8, RT.001/RW.014, Kunciran, Pinang, South Tangerang City, Banten 15143',0,0,0,0,NULL,'+62 812-2155-5605',NULL,NULL,'1','2025-02-25 01:04:06','2025-02-25 01:04:06',NULL,NULL,NULL,NULL),
(81,'SPL202531417511','Bpk Viktor','PT MEROBI ARTHA PUTERA','Jl Agung Karya Vi no. 77 RW 04 Sungai Bambu Jakarta Utara',0,0,0,0,NULL,'0813-1888-2599','0812-1212-2599','021 29615371','1','2025-03-14 17:09:41','2025-03-14 17:09:41',NULL,NULL,NULL,NULL),
(82,'SPL2025314171313','Bpk Sarwo','TB INDOSATU ROROTAN','JL MALAKA III NO. 27 RT 004/006 ROROTAN',0,0,0,0,NULL,'0878-8809-7118',NULL,NULL,'1','2025-03-14 17:15:53','2025-03-14 17:15:53',NULL,NULL,NULL,NULL),
(83,'SPL202531514328','BPK SETIYO','CV MITRA JAYA INTERIOR','JL. H. REVOLUSI NO.18, PONDOK BAMBU, JAKARTA TIMUR',0,0,0,0,NULL,'081386399211',NULL,NULL,'1','2025-03-15 14:04:24','2025-03-15 14:04:24',NULL,NULL,NULL,NULL),
(84,'SPL2025315141128','BPK PATRICK','PT. MAJU MAKMUR BAHAGIA','KOMPLEK RUKO MANGGA DUA PLAZA BLOK E25, JL MANGGA DUA RAYA, JAKARTA 10730',0,0,0,0,NULL,'081291633910',NULL,NULL,'1','2025-03-15 14:12:54','2025-03-15 14:12:54',NULL,NULL,NULL,NULL),
(85,'SPL202532595958','Bpk Faldy','PT. AXIA TEKINDO SEMESTA','Ruko Niaga Kalimas II, Blok A no.11\nJl Raya Kalimalang Tambun kab bekasi, Jawa Barat 17510',0,0,0,0,NULL,'0851-7212-9936','(021) 8837 4738','(021) 8837 4622','1','2025-03-25 10:03:41','2025-03-25 10:03:41',NULL,NULL,NULL,NULL),
(86,'SPL202542114540','BPK TAUFIK','ARTHA JAYA EXPRESS','JL. RAYA SERPONG KM.7 NO.33-36, KEL. PANUNGGANGAN, KEC. PINANG DEPAN TIFICO, BANTEN',0,0,0,0,NULL,'+62 817-7001-6742',NULL,NULL,'1','2025-04-21 14:55:23','2025-04-21 14:55:23',NULL,NULL,NULL,NULL),
(87,'SPL202542219301','Abdul Muhaimin','PT. DINAMIKA RAYA SEJAHTERA','JL. Kemakmuran No.39 Rt 005/RW 005 Marga Jaya, Kec Bekasi Selatan, Kota Bekasi Jawa Barat 17141',0,0,0,0,'salesofficerranijaya@gmail.com','0877-8532-8184','021-8858 999',NULL,'1','2025-04-22 19:36:30','2025-04-22 19:36:30',NULL,NULL,NULL,NULL),
(88,'SPL2025425125312','Bpk Wanto','CV. MEGA FORTUNE INDONESIA','Jl. Tuparev no.313 B, Nagasari RT/RW 03/21 Kec. Karawang Barat, Kab Karawang 41312 - Jawa Barat',0,0,0,0,NULL,'0812-9064-0982','0267-404 564',NULL,'1','2025-04-25 12:56:16','2025-04-25 12:56:16',NULL,NULL,NULL,NULL);
/*!40000 ALTER TABLE `ms_suppliers` ENABLE KEYS */;
UNLOCK TABLES;

--
-- Table structure for table `password_reset_tokens`
--

DROP TABLE IF EXISTS `password_reset_tokens`;
/*!40101 SET @saved_cs_client     = @@character_set_client */;
/*!40101 SET character_set_client = utf8mb4 */;
CREATE TABLE `password_reset_tokens` (
  `email` varchar(191) NOT NULL,
  `token` varchar(191) NOT NULL,
  `created_at` timestamp NULL DEFAULT NULL,
  PRIMARY KEY (`email`)
) ENGINE=InnoDB DEFAULT CHARSET=utf8mb4 COLLATE=utf8mb4_unicode_ci ROW_FORMAT=DYNAMIC;
/*!40101 SET character_set_client = @saved_cs_client */;

--
-- Dumping data for table `password_reset_tokens`
--

LOCK TABLES `password_reset_tokens` WRITE;
/*!40000 ALTER TABLE `password_reset_tokens` DISABLE KEYS */;
/*!40000 ALTER TABLE `password_reset_tokens` ENABLE KEYS */;
UNLOCK TABLES;

--
-- Table structure for table `personal_access_tokens`
--

DROP TABLE IF EXISTS `personal_access_tokens`;
/*!40101 SET @saved_cs_client     = @@character_set_client */;
/*!40101 SET character_set_client = utf8mb4 */;
CREATE TABLE `personal_access_tokens` (
  `id` bigint(20) unsigned NOT NULL AUTO_INCREMENT,
  `tokenable_type` varchar(191) NOT NULL,
  `tokenable_id` bigint(20) unsigned NOT NULL,
  `name` varchar(191) NOT NULL,
  `token` varchar(64) NOT NULL,
  `abilities` text DEFAULT NULL,
  `last_used_at` timestamp NULL DEFAULT NULL,
  `expires_at` timestamp NULL DEFAULT NULL,
  `created_at` timestamp NULL DEFAULT NULL,
  `updated_at` timestamp NULL DEFAULT NULL,
  PRIMARY KEY (`id`),
  UNIQUE KEY `personal_access_tokens_token_unique` (`token`),
  KEY `personal_access_tokens_tokenable_type_tokenable_id_index` (`tokenable_type`,`tokenable_id`)
) ENGINE=InnoDB DEFAULT CHARSET=utf8mb4 COLLATE=utf8mb4_unicode_ci ROW_FORMAT=DYNAMIC;
/*!40101 SET character_set_client = @saved_cs_client */;

--
-- Dumping data for table `personal_access_tokens`
--

LOCK TABLES `personal_access_tokens` WRITE;
/*!40000 ALTER TABLE `personal_access_tokens` DISABLE KEYS */;
/*!40000 ALTER TABLE `personal_access_tokens` ENABLE KEYS */;
UNLOCK TABLES;

--
-- Table structure for table `prm_category_accounts`
--

DROP TABLE IF EXISTS `prm_category_accounts`;
/*!40101 SET @saved_cs_client     = @@character_set_client */;
/*!40101 SET character_set_client = utf8mb4 */;
CREATE TABLE `prm_category_accounts` (
  `id` bigint(20) unsigned NOT NULL AUTO_INCREMENT,
  `name` varchar(50) NOT NULL,
  `is_status` varchar(1) NOT NULL DEFAULT '1',
  `created_at` timestamp NULL DEFAULT NULL,
  `updated_at` timestamp NULL DEFAULT NULL,
  PRIMARY KEY (`id`),
  KEY `prm_category_accounts_id_index` (`id`),
  KEY `prm_category_accounts_name_index` (`name`),
  KEY `prm_category_accounts_is_status_index` (`is_status`)
) ENGINE=InnoDB AUTO_INCREMENT=9 DEFAULT CHARSET=utf8mb4 COLLATE=utf8mb4_unicode_ci ROW_FORMAT=DYNAMIC;
/*!40101 SET character_set_client = @saved_cs_client */;

--
-- Dumping data for table `prm_category_accounts`
--

LOCK TABLES `prm_category_accounts` WRITE;
/*!40000 ALTER TABLE `prm_category_accounts` DISABLE KEYS */;
INSERT INTO `prm_category_accounts` VALUES
(1,'Assets','0','2024-12-18 16:43:00','2024-12-19 09:36:46'),
(2,'Liabilities','0','2024-12-18 16:43:00','2024-12-19 09:36:52'),
(3,'Equity','0','2024-12-18 16:43:00','2024-12-19 09:36:48'),
(4,'Revenue','0','2024-12-18 16:43:00','2024-12-19 09:36:54'),
(5,'Expanses','0','2024-12-18 16:43:00','2024-12-19 09:36:50'),
(6,'AKTIVA','1','2024-12-19 09:37:00','2024-12-19 09:37:00'),
(7,'AKTIVA LANCAR','0','2024-12-19 09:38:33','2024-12-19 09:50:54'),
(8,'PASIVA','1','2024-12-21 09:09:00','2024-12-21 09:09:00');
/*!40000 ALTER TABLE `prm_category_accounts` ENABLE KEYS */;
UNLOCK TABLES;

--
-- Table structure for table `prm_companies`
--

DROP TABLE IF EXISTS `prm_companies`;
/*!40101 SET @saved_cs_client     = @@character_set_client */;
/*!40101 SET character_set_client = utf8mb4 */;
CREATE TABLE `prm_companies` (
  `id` bigint(20) unsigned NOT NULL AUTO_INCREMENT,
  `name` varchar(50) NOT NULL,
  `address` text DEFAULT NULL,
  `phone` varchar(20) DEFAULT NULL,
  `telephone` varchar(20) DEFAULT NULL,
  `fax` varchar(20) DEFAULT NULL,
  `email` varchar(50) DEFAULT NULL,
  `website` varchar(50) DEFAULT NULL,
  `picture` varchar(100) DEFAULT NULL,
  `is_status` varchar(1) NOT NULL DEFAULT '1',
  `created_at` timestamp NULL DEFAULT NULL,
  `updated_at` timestamp NULL DEFAULT NULL,
  `created_by` bigint(20) DEFAULT NULL,
  `updated_by` bigint(20) DEFAULT NULL,
  PRIMARY KEY (`id`),
  KEY `prm_companies_id_index` (`id`),
  KEY `prm_companies_name_index` (`name`),
  KEY `prm_companies_is_status_index` (`is_status`)
) ENGINE=InnoDB AUTO_INCREMENT=2 DEFAULT CHARSET=utf8mb4 COLLATE=utf8mb4_unicode_ci ROW_FORMAT=DYNAMIC;
/*!40101 SET character_set_client = @saved_cs_client */;

--
-- Dumping data for table `prm_companies`
--

LOCK TABLES `prm_companies` WRITE;
/*!40000 ALTER TABLE `prm_companies` DISABLE KEYS */;
INSERT INTO `prm_companies` VALUES
(1,'PT Ellia Sukses Bersama','TREASURY TOWER LANTAI 16 UNIT I, DISTRICT 8 SCBD LOT 28 Jl. Jend. Sudirman KAV. 52-53 RT. 005 RW. 003 Senayan, Kebayoran Baru, Jakarta Selatan, DKI Jakarta.','0895 8074 52688','02173883032',NULL,'admin@ellia.com',NULL,'BHbPyaJGqXsHKItDaoeJLNr1wFaQy2BdqllbotV9.png','1','2024-12-18 16:43:00','2025-04-23 12:09:39',NULL,NULL);
/*!40000 ALTER TABLE `prm_companies` ENABLE KEYS */;
UNLOCK TABLES;

--
-- Table structure for table `prm_configs`
--

DROP TABLE IF EXISTS `prm_configs`;
/*!40101 SET @saved_cs_client     = @@character_set_client */;
/*!40101 SET character_set_client = utf8mb4 */;
CREATE TABLE `prm_configs` (
  `id` bigint(20) unsigned NOT NULL AUTO_INCREMENT,
  `code` varchar(20) NOT NULL,
  `name` varchar(50) NOT NULL,
  `type` varchar(20) NOT NULL,
  `value` text DEFAULT NULL,
  `is_status` varchar(1) NOT NULL DEFAULT '1',
  `created_at` timestamp NULL DEFAULT NULL,
  `updated_at` timestamp NULL DEFAULT NULL,
  PRIMARY KEY (`id`),
  KEY `prm_configs_id_index` (`id`),
  KEY `prm_configs_code_index` (`code`),
  KEY `prm_configs_name_index` (`name`),
  KEY `prm_configs_is_status_index` (`is_status`)
) ENGINE=InnoDB AUTO_INCREMENT=21 DEFAULT CHARSET=utf8mb4 COLLATE=utf8mb4_unicode_ci ROW_FORMAT=DYNAMIC;
/*!40101 SET character_set_client = @saved_cs_client */;

--
-- Dumping data for table `prm_configs`
--

LOCK TABLES `prm_configs` WRITE;
/*!40000 ALTER TABLE `prm_configs` DISABLE KEYS */;
INSERT INTO `prm_configs` VALUES
(1,'ppn','PPN','decimal','12','1','2024-12-18 16:43:00','2025-01-30 23:26:48'),
(2,'pos','PO Sign','varchar','PT. ELLIA SUKSES BERSAMA','1','2024-12-18 16:43:00','2024-12-18 16:43:00'),
(3,'sos','SO Sign','varchar','PT. ELLIA SUKSES BERSAMA','1','2024-12-18 16:43:00','2024-12-18 16:43:00'),
(4,'sotc','SO Term & Condition','text','<ol>\n<li>\nHarga franco on Truck Jabodetabek\n</li>\n<li>Lead Time Delivery<br>\n3-5 Hari Kerja item dari Jakarta.<br>\n7-14 Hari Kerja apabila stock dari Surabaya.\n</li>\n<li>\nPembayaran dapat di transfer ke rekening :<br>\n<ul>\n<li><b>5455.67.8797 / BCA Cab. WTC Sudirman A/N. ELLIA SUKSES BERSAMA, PT</b></li>\n<li><b>01058.01.30.000.0069 / BTN Cab. Asemka A/N. PT. ELLIA SUKSES BERSAMA</b></li>\n</ul>\n<li>\n  Barang yang sudah diterima tidak dapat <b>dikembalikan</b> atau <b>ditukar</b>.\n</li>\n</li>\n</ol>','1',NULL,'2025-01-07 21:55:05'),
(5,'invsn','Invoice Sign Name','varchar','S. Amelia','1',NULL,'2024-12-17 01:48:39'),
(6,'invsp','Invoice Sign Position','varchar','Direktur','1',NULL,'2024-12-17 01:48:39'),
(7,'invtc','Invoice Term & Condition','text','<b>Pembayaran dengan giro, cek atau transfer (Full Amount) atas nama :</b><br>\n <div class=\"row\">\n <div class=\"col-4\">\n <b>BANK CENTRAL ASIA</b>\n </div>\n <div class=\"col-8\">\n <b>: 5455 67 8797</b>\n </div>\n <div class=\"col-4\">\n <b>BANK TABUNGAN NEGARA</b>\n </div>\n <div class=\"col-8\">\n <b>: 01058-01-30-000006-9</b>\n </div>\n <div class=\"col-4\">\n <b>Nama Rekening</b>\n </div>\n <div class=\"col-8\">\n <b>: ELLIA SUKSES BERSAMA PT</b>\n </div>\n </div><br>\n <b>Bukti Pembayaran mohon diinformasikan dan di email ke</b><br>\n <a href=\"javascript:void(0);\">elliasuksesbersama@gmail.com</a>','1',NULL,NULL),
(8,'coap','Account Purchase','select_coa','40','1',NULL,'2025-01-15 10:25:35'),
(9,'coapa','Account Payable','select_coa','40','1',NULL,'2025-01-15 10:25:35'),
(10,'coapp','Account PPN Purchase','select_coa','25','1',NULL,'2025-01-15 10:25:35'),
(11,'coas','Account Sales','select_coa','14','1',NULL,'2025-01-15 10:25:35'),
(12,'coasr','Account Receivables','select_coa','14','1',NULL,'2025-01-15 10:25:35'),
(13,'coasp','Account PPN Sales','select_coa','50','1',NULL,'2025-01-15 10:25:35'),
(14,'sri','Sales Role ID','integer','2','1',NULL,'2025-01-30 09:56:17'),
(15,'itd','Invoice Termin Danger','integer','0','1',NULL,'2025-01-30 09:56:30'),
(16,'itw','Invoice Termin Warning','integer','7','1',NULL,'2024-12-17 01:48:39'),
(17,'posi','PO Sign Image','file','S03biciD2xdPDk9awihudD1tiTOGB1yHawrbm7Fd.jpg','1',NULL,'2025-01-30 22:44:25'),
(18,'sosi','SO Sign Image','file','SLG5eyPcwPv0uFsqau7dBuDq0WYQDkXjC5Du2LNl.jpg','1',NULL,'2025-01-30 22:44:43'),
(19,'insi','Invoice Sign Image','file',NULL,'1',NULL,'2024-12-17 01:48:39'),
(20,'dpp','Others DPP','varchar','0.9166666666666667','1','2025-01-24 18:24:34','2025-01-30 23:44:20');
/*!40000 ALTER TABLE `prm_configs` ENABLE KEYS */;
UNLOCK TABLES;

--
-- Table structure for table `prm_menus`
--

DROP TABLE IF EXISTS `prm_menus`;
/*!40101 SET @saved_cs_client     = @@character_set_client */;
/*!40101 SET character_set_client = utf8mb4 */;
CREATE TABLE `prm_menus` (
  `id` bigint(20) unsigned NOT NULL AUTO_INCREMENT,
  `parent_id` bigint(20) NOT NULL DEFAULT 0,
  `name` varchar(50) NOT NULL,
  `icon` varchar(50) DEFAULT NULL,
  `action` varchar(100) NOT NULL DEFAULT '#',
  `seq` int(11) NOT NULL DEFAULT 1,
  `is_show` varchar(1) NOT NULL DEFAULT '1',
  `is_create` varchar(1) NOT NULL DEFAULT '0',
  `is_update` varchar(1) NOT NULL DEFAULT '0',
  `is_delete` varchar(1) NOT NULL DEFAULT '0',
  `is_sales` varchar(1) NOT NULL DEFAULT '0',
  `is_approved` varchar(1) NOT NULL DEFAULT '0',
  `is_status` varchar(1) NOT NULL DEFAULT '1',
  `created_at` timestamp NULL DEFAULT NULL,
  `updated_at` timestamp NULL DEFAULT NULL,
  PRIMARY KEY (`id`),
  KEY `prm_menus_id_index` (`id`),
  KEY `prm_menus_parent_id_index` (`parent_id`),
  KEY `prm_menus_seq_index` (`seq`),
  KEY `prm_menus_is_status_index` (`is_status`)
) ENGINE=InnoDB AUTO_INCREMENT=38 DEFAULT CHARSET=utf8mb4 COLLATE=utf8mb4_unicode_ci ROW_FORMAT=DYNAMIC;
/*!40101 SET character_set_client = @saved_cs_client */;

--
-- Dumping data for table `prm_menus`
--

LOCK TABLES `prm_menus` WRITE;
/*!40000 ALTER TABLE `prm_menus` DISABLE KEYS */;
INSERT INTO `prm_menus` VALUES
(1,0,'Dashboard','bxs-dashboard','/',1,'1','0','0','0','0','0','1','2024-12-18 16:43:00','2024-12-18 16:43:00'),
(2,0,'Purchase','bxs-purchase-tag','#',2,'1','0','0','0','0','0','1','2024-12-18 16:43:00','2024-12-18 16:43:00'),
(3,0,'Sales','bxs-offer','sales',3,'1','0','0','0','0','0','1','2024-12-18 16:43:00','2024-12-18 16:43:00'),
(4,0,'Expense','bxs-credit-card','#',4,'1','0','0','0','0','0','1','2024-12-18 16:43:00','2024-12-18 16:43:00'),
(5,4,'New Expense',NULL,'expanse/create',1,'1','1','0','0','0','0','1','2024-12-18 16:43:00','2024-12-18 16:43:00'),
(6,4,'Expense Records',NULL,'expanse',2,'1','1','0','0','0','0','1','2024-12-18 16:43:00','2024-12-18 16:43:00'),
(7,4,'Expense Accounts',NULL,'#',3,'1','1','1','0','0','0','0','2024-12-18 16:43:00','2024-12-18 16:43:00'),
(8,0,'Bank & Cash','bxs-bank','#',5,'0','0','0','0','0','0','0','2024-12-18 16:43:00','2024-12-18 16:43:00'),
(9,0,'Payments','bxs-receipt','#',6,'1','0','0','0','0','0','1','2024-12-18 16:43:00','2024-12-18 16:43:00'),
(10,9,'Pay Payments',NULL,'pay',1,'1','0','0','0','0','0','1','2024-12-18 16:43:00','2024-12-18 16:43:00'),
(11,9,'Receive Payments',NULL,'receive',2,'1','0','0','0','0','1','1','2024-12-18 16:43:00','2024-12-18 16:43:00'),
(12,0,'Reports','bxs-chalkboard','#',7,'1','0','0','0','0','0','1','2024-12-18 16:43:00','2024-12-18 16:43:00'),
(13,12,'Sales Report',NULL,'reports/sales',1,'1','1','0','0','0','0','1','2024-12-18 16:43:00','2024-12-18 16:43:00'),
(14,12,'Purchase Report',NULL,'reports/purchase',2,'1','1','0','0','0','0','1','2024-12-18 16:43:00','2024-12-18 16:43:00'),
(15,12,'Expanse Report',NULL,'reports/expanse',5,'1','0','0','0','0','0','1','2024-12-18 16:43:00','2024-12-18 16:43:00'),
(16,12,'Profit Loss Report',NULL,'reports/profit-loss',6,'1','0','0','0','0','0','1','2024-12-18 16:43:00','2024-12-18 16:43:00'),
(17,12,'Day Book',NULL,'reports/day-books',7,'1','0','0','0','0','0','1','2024-12-18 16:43:00','2024-12-18 16:43:00'),
(18,0,'Masters','bxs-cog','#',8,'1','0','0','0','0','0','1','2024-12-18 16:43:00','2024-12-18 16:43:00'),
(19,18,'Users',NULL,'masters/users',1,'1','1','1','1','0','0','1','2024-12-18 16:43:00','2024-12-18 16:43:00'),
(20,18,'Roles',NULL,'masters/roles',2,'1','1','1','1','0','0','1','2024-12-18 16:43:00','2024-12-18 16:43:00'),
(21,18,'Profile Company',NULL,'masters/profile-company',3,'1','0','1','0','0','0','1','2024-12-18 16:43:00','2024-12-18 16:43:00'),
(22,18,'Products',NULL,'masters/products',4,'1','1','1','0','0','0','1','2024-12-18 16:43:00','2024-12-18 16:43:00'),
(23,18,'Suppliers',NULL,'masters/suppliers',5,'1','1','1','1','0','0','1','2024-12-18 16:43:00','2024-12-18 16:43:00'),
(24,18,'Customers',NULL,'masters/customers',6,'1','1','1','1','0','0','1','2024-12-18 16:43:00','2024-12-18 16:43:00'),
(25,18,'Configuration',NULL,'masters/configuration',7,'1','0','1','0','0','0','1','2024-12-18 16:43:00','2024-12-18 16:43:00'),
(26,18,'Category Account',NULL,'masters/category-accounts',8,'1','1','1','1','0','0','1','2024-12-18 16:43:00','2024-12-18 16:43:00'),
(27,18,'Account',NULL,'masters/accounts',9,'1','1','1','1','0','0','1','2024-12-18 16:43:00','2024-12-18 16:43:00'),
(28,2,'PO Tax',NULL,'purchase',1,'1','1','1','0','1','1','1','2024-12-18 16:43:00','2024-12-18 16:43:00'),
(29,2,'PO Non Tax',NULL,'purchase/non-tax',2,'1','1','1','0','1','1','1','2024-12-18 16:43:00','2024-12-18 16:43:00'),
(30,3,'SO Tax',NULL,'sales',1,'1','1','1','0','1','1','1','2024-12-18 16:43:00','2024-12-18 16:43:00'),
(31,3,'SO Non Tax',NULL,'sales/non-tax',2,'1','1','1','0','1','1','1','2024-12-18 16:43:00','2024-12-18 16:43:00'),
(32,18,'Payment Methods',NULL,'masters/payment-methods',10,'1','1','1','1','0','0','1','2024-12-18 16:43:00','2024-12-18 16:43:00'),
(33,4,'Post Purchase',NULL,'expanse/post/purchase',3,'1','0','0','0','0','0','1','2024-11-22 16:51:00','2024-11-22 16:51:00'),
(34,4,'Post Sales',NULL,'expanse/post/sales',4,'1','0','0','0','0','0','1','2024-11-22 16:51:00','2024-11-22 16:51:00'),
(35,12,'Payment Report',NULL,'reports/pay',3,'1','0','0','0','0','0','1','2024-11-22 16:51:00','2024-11-22 16:51:00'),
(36,12,'Receive Report',NULL,'reports/receive',4,'1','0','0','0','0','0','1','2024-11-22 16:51:00','2024-11-22 16:51:00'),
(37,12,'Sales Incentive',NULL,'reports/sales/incentive',8,'1','0','0','0','1','0','1',NULL,NULL);
/*!40000 ALTER TABLE `prm_menus` ENABLE KEYS */;
UNLOCK TABLES;

--
-- Table structure for table `prm_role_menus`
--

DROP TABLE IF EXISTS `prm_role_menus`;
/*!40101 SET @saved_cs_client     = @@character_set_client */;
/*!40101 SET character_set_client = utf8mb4 */;
CREATE TABLE `prm_role_menus` (
  `id` bigint(20) unsigned NOT NULL AUTO_INCREMENT,
  `role_id` bigint(20) NOT NULL,
  `menu_id` bigint(20) NOT NULL,
  `is_show` varchar(1) NOT NULL DEFAULT '1',
  `is_create` varchar(1) NOT NULL DEFAULT '0',
  `is_update` varchar(1) NOT NULL DEFAULT '0',
  `is_delete` varchar(1) NOT NULL DEFAULT '0',
  `is_sales` varchar(1) NOT NULL DEFAULT '0',
  `is_approved` varchar(1) NOT NULL DEFAULT '0',
  `is_status` varchar(1) NOT NULL DEFAULT '1',
  `created_at` timestamp NULL DEFAULT NULL,
  `updated_at` timestamp NULL DEFAULT NULL,
  PRIMARY KEY (`id`),
  KEY `prm_role_menus_id_index` (`id`),
  KEY `prm_role_menus_role_id_index` (`role_id`),
  KEY `prm_role_menus_menu_id_index` (`menu_id`),
  KEY `prm_role_menus_is_status_index` (`is_status`)
) ENGINE=InnoDB AUTO_INCREMENT=348 DEFAULT CHARSET=utf8mb4 COLLATE=utf8mb4_unicode_ci ROW_FORMAT=DYNAMIC;
/*!40101 SET character_set_client = @saved_cs_client */;

--
-- Dumping data for table `prm_role_menus`
--

LOCK TABLES `prm_role_menus` WRITE;
/*!40000 ALTER TABLE `prm_role_menus` DISABLE KEYS */;
INSERT INTO `prm_role_menus` VALUES
(71,4,1,'1','0','0','0','0','0','1','2024-12-23 10:04:35','2024-12-23 10:04:35'),
(72,4,12,'1','0','0','0','0','0','1','2024-12-23 10:04:35','2024-12-23 10:04:35'),
(73,4,13,'1','1','0','0','0','0','1','2024-12-23 10:04:35','2024-12-23 10:04:35'),
(74,4,14,'1','1','0','0','0','0','1','2024-12-23 10:04:35','2024-12-23 10:04:35'),
(75,4,15,'1','0','0','0','0','0','1','2024-12-23 10:04:35','2024-12-23 10:04:35'),
(76,4,16,'1','0','0','0','0','0','1','2024-12-23 10:04:35','2024-12-23 10:04:35'),
(77,4,17,'1','0','0','0','0','0','1','2024-12-23 10:04:35','2024-12-23 10:04:35'),
(208,5,1,'1','0','0','0','0','0','1','2025-01-30 22:33:29','2025-01-30 22:33:29'),
(209,5,2,'1','0','0','0','0','0','1','2025-01-30 22:33:29','2025-01-30 22:33:29'),
(210,5,28,'1','1','1','0','0','1','1','2025-01-30 22:33:29','2025-01-30 22:33:29'),
(211,5,29,'1','1','1','0','0','1','1','2025-01-30 22:33:29','2025-01-30 22:33:29'),
(212,5,3,'1','0','0','0','0','0','1','2025-01-30 22:33:29','2025-01-30 22:33:29'),
(213,5,30,'1','1','1','0','0','1','1','2025-01-30 22:33:29','2025-01-30 22:33:29'),
(214,5,31,'1','1','1','0','0','1','1','2025-01-30 22:33:29','2025-01-30 22:33:29'),
(215,5,4,'1','0','0','0','0','0','1','2025-01-30 22:33:29','2025-01-30 22:33:29'),
(216,5,5,'1','1','0','0','0','0','1','2025-01-30 22:33:29','2025-01-30 22:33:29'),
(217,5,6,'1','1','0','0','0','0','1','2025-01-30 22:33:29','2025-01-30 22:33:29'),
(218,5,33,'1','0','0','0','0','0','1','2025-01-30 22:33:29','2025-01-30 22:33:29'),
(219,5,34,'1','0','0','0','0','0','1','2025-01-30 22:33:29','2025-01-30 22:33:29'),
(220,5,9,'1','0','0','0','0','0','1','2025-01-30 22:33:29','2025-01-30 22:33:29'),
(221,5,10,'1','0','0','0','0','0','1','2025-01-30 22:33:29','2025-01-30 22:33:29'),
(222,5,11,'1','0','0','0','0','1','1','2025-01-30 22:33:29','2025-01-30 22:33:29'),
(223,5,12,'1','0','0','0','0','0','1','2025-01-30 22:33:29','2025-01-30 22:33:29'),
(224,5,13,'1','1','0','0','0','0','1','2025-01-30 22:33:29','2025-01-30 22:33:29'),
(225,5,14,'1','1','0','0','0','0','1','2025-01-30 22:33:29','2025-01-30 22:33:29'),
(226,5,35,'1','0','0','0','0','0','1','2025-01-30 22:33:29','2025-01-30 22:33:29'),
(227,5,36,'1','0','0','0','0','0','1','2025-01-30 22:33:29','2025-01-30 22:33:29'),
(228,5,15,'1','0','0','0','0','0','1','2025-01-30 22:33:29','2025-01-30 22:33:29'),
(229,5,16,'1','0','0','0','0','0','1','2025-01-30 22:33:29','2025-01-30 22:33:29'),
(230,5,17,'1','0','0','0','0','0','1','2025-01-30 22:33:29','2025-01-30 22:33:29'),
(231,5,37,'1','0','0','0','0','0','1','2025-01-30 22:33:29','2025-01-30 22:33:29'),
(232,5,18,'1','0','0','0','0','0','1','2025-01-30 22:33:29','2025-01-30 22:33:29'),
(233,5,19,'1','1','1','1','0','0','1','2025-01-30 22:33:29','2025-01-30 22:33:29'),
(234,5,20,'1','1','1','1','0','0','1','2025-01-30 22:33:29','2025-01-30 22:33:29'),
(235,5,21,'1','0','1','0','0','0','1','2025-01-30 22:33:29','2025-01-30 22:33:29'),
(236,5,22,'1','1','1','0','0','0','1','2025-01-30 22:33:29','2025-01-30 22:33:29'),
(237,5,23,'1','1','1','1','0','0','1','2025-01-30 22:33:29','2025-01-30 22:33:29'),
(238,5,24,'1','1','1','1','0','0','1','2025-01-30 22:33:29','2025-01-30 22:33:29'),
(239,5,25,'1','0','1','0','0','0','1','2025-01-30 22:33:29','2025-01-30 22:33:29'),
(240,5,26,'1','1','1','1','0','0','1','2025-01-30 22:33:29','2025-01-30 22:33:29'),
(241,5,27,'1','1','1','1','0','0','1','2025-01-30 22:33:29','2025-01-30 22:33:29'),
(242,5,32,'1','1','1','1','0','0','1','2025-01-30 22:33:29','2025-01-30 22:33:29'),
(243,1,1,'1','0','0','0','0','0','1','2025-01-30 22:49:16','2025-01-30 22:49:16'),
(244,1,2,'1','1','1','1','0','0','1','2025-01-30 22:49:16','2025-01-30 22:49:16'),
(245,1,28,'1','1','1','0','1','1','1','2025-01-30 22:49:16','2025-01-30 22:49:16'),
(246,1,29,'1','1','1','0','1','1','1','2025-01-30 22:49:16','2025-01-30 22:49:16'),
(247,1,3,'1','1','1','1','0','0','1','2025-01-30 22:49:16','2025-01-30 22:49:16'),
(248,1,30,'1','1','1','0','1','1','1','2025-01-30 22:49:16','2025-01-30 22:49:16'),
(249,1,31,'1','1','1','0','1','1','1','2025-01-30 22:49:16','2025-01-30 22:49:16'),
(250,1,4,'1','0','0','0','0','0','1','2025-01-30 22:49:16','2025-01-30 22:49:16'),
(251,1,5,'1','1','0','0','0','0','1','2025-01-30 22:49:16','2025-01-30 22:49:16'),
(252,1,6,'1','1','0','0','0','0','1','2025-01-30 22:49:16','2025-01-30 22:49:16'),
(253,1,33,'1','0','0','0','0','0','1','2025-01-30 22:49:16','2025-01-30 22:49:16'),
(254,1,34,'1','0','0','0','0','0','1','2025-01-30 22:49:16','2025-01-30 22:49:16'),
(255,1,9,'1','0','0','0','0','0','1','2025-01-30 22:49:16','2025-01-30 22:49:16'),
(256,1,10,'1','0','0','0','0','0','1','2025-01-30 22:49:16','2025-01-30 22:49:16'),
(257,1,11,'1','0','0','0','0','1','1','2025-01-30 22:49:16','2025-01-30 22:49:16'),
(258,1,12,'1','0','0','0','0','0','1','2025-01-30 22:49:16','2025-01-30 22:49:16'),
(259,1,13,'1','1','0','0','0','0','1','2025-01-30 22:49:16','2025-01-30 22:49:16'),
(260,1,14,'1','1','0','0','0','0','1','2025-01-30 22:49:16','2025-01-30 22:49:16'),
(261,1,35,'1','0','0','0','0','0','1','2025-01-30 22:49:16','2025-01-30 22:49:16'),
(262,1,36,'1','0','0','0','0','0','1','2025-01-30 22:49:16','2025-01-30 22:49:16'),
(263,1,15,'1','0','0','0','0','0','1','2025-01-30 22:49:16','2025-01-30 22:49:16'),
(264,1,16,'1','0','0','0','0','0','1','2025-01-30 22:49:16','2025-01-30 22:49:16'),
(265,1,17,'1','0','0','0','0','0','1','2025-01-30 22:49:16','2025-01-30 22:49:16'),
(266,1,37,'1','0','0','0','1','0','1','2025-01-30 22:49:16','2025-01-30 22:49:16'),
(267,1,18,'1','0','0','0','0','0','1','2025-01-30 22:49:16','2025-01-30 22:49:16'),
(268,1,19,'1','1','1','1','0','0','1','2025-01-30 22:49:16','2025-01-30 22:49:16'),
(269,1,20,'1','1','1','1','0','0','1','2025-01-30 22:49:16','2025-01-30 22:49:16'),
(270,1,21,'1','0','1','0','0','0','1','2025-01-30 22:49:16','2025-01-30 22:49:16'),
(271,1,22,'1','1','1','0','0','0','1','2025-01-30 22:49:16','2025-01-30 22:49:16'),
(272,1,23,'1','1','1','1','0','0','1','2025-01-30 22:49:16','2025-01-30 22:49:16'),
(273,1,24,'1','1','1','1','0','0','1','2025-01-30 22:49:16','2025-01-30 22:49:16'),
(274,1,25,'1','0','1','0','0','0','1','2025-01-30 22:49:16','2025-01-30 22:49:16'),
(275,1,26,'1','1','1','1','0','0','1','2025-01-30 22:49:16','2025-01-30 22:49:16'),
(276,1,27,'1','1','1','1','0','0','1','2025-01-30 22:49:16','2025-01-30 22:49:16'),
(277,1,32,'1','1','1','1','0','0','1','2025-01-30 22:49:16','2025-01-30 22:49:16'),
(278,6,1,'1','0','0','0','0','0','1','2025-01-30 22:54:44','2025-01-30 22:54:44'),
(279,6,2,'1','0','0','0','0','0','1','2025-01-30 22:54:44','2025-01-30 22:54:44'),
(280,6,28,'1','1','1','0','1','1','1','2025-01-30 22:54:44','2025-01-30 22:54:44'),
(281,6,29,'1','1','1','0','1','1','1','2025-01-30 22:54:44','2025-01-30 22:54:44'),
(282,6,3,'1','0','0','0','0','0','1','2025-01-30 22:54:44','2025-01-30 22:54:44'),
(283,6,30,'1','1','1','0','1','1','1','2025-01-30 22:54:44','2025-01-30 22:54:44'),
(284,6,31,'1','1','1','0','1','1','1','2025-01-30 22:54:44','2025-01-30 22:54:44'),
(285,6,12,'1','0','0','0','0','0','1','2025-01-30 22:54:44','2025-01-30 22:54:44'),
(286,6,13,'1','1','0','0','0','0','1','2025-01-30 22:54:44','2025-01-30 22:54:44'),
(287,6,14,'1','1','0','0','0','0','1','2025-01-30 22:54:44','2025-01-30 22:54:44'),
(288,6,35,'1','0','0','0','0','0','1','2025-01-30 22:54:44','2025-01-30 22:54:44'),
(289,6,36,'1','0','0','0','0','0','1','2025-01-30 22:54:44','2025-01-30 22:54:44'),
(290,6,15,'1','0','0','0','0','0','1','2025-01-30 22:54:44','2025-01-30 22:54:44'),
(291,6,16,'1','0','0','0','0','0','1','2025-01-30 22:54:44','2025-01-30 22:54:44'),
(292,6,17,'1','0','0','0','0','0','1','2025-01-30 22:54:44','2025-01-30 22:54:44'),
(293,6,37,'1','0','0','0','1','0','1','2025-01-30 22:54:44','2025-01-30 22:54:44'),
(294,6,18,'1','0','0','0','0','0','1','2025-01-30 22:54:44','2025-01-30 22:54:44'),
(295,6,19,'1','1','1','1','0','0','1','2025-01-30 22:54:44','2025-01-30 22:54:44'),
(296,6,20,'1','1','1','1','0','0','1','2025-01-30 22:54:44','2025-01-30 22:54:44'),
(297,6,21,'1','0','1','0','0','0','1','2025-01-30 22:54:44','2025-01-30 22:54:44'),
(298,6,22,'1','1','1','0','0','0','1','2025-01-30 22:54:44','2025-01-30 22:54:44'),
(299,6,23,'1','1','1','1','0','0','1','2025-01-30 22:54:44','2025-01-30 22:54:44'),
(300,6,24,'1','1','1','1','0','0','1','2025-01-30 22:54:44','2025-01-30 22:54:44'),
(301,6,25,'1','0','1','0','0','0','1','2025-01-30 22:54:44','2025-01-30 22:54:44'),
(302,2,1,'1','0','0','0','0','0','1','2025-02-18 23:18:40','2025-02-18 23:18:40'),
(303,2,2,'1','0','0','0','0','0','1','2025-02-18 23:18:40','2025-02-18 23:18:40'),
(304,2,28,'1','1','1','0','0','0','1','2025-02-18 23:18:40','2025-02-18 23:18:40'),
(305,2,29,'1','1','1','0','0','0','1','2025-02-18 23:18:40','2025-02-18 23:18:40'),
(306,2,3,'1','0','0','0','0','0','1','2025-02-18 23:18:40','2025-02-18 23:18:40'),
(307,2,30,'1','1','1','0','1','0','1','2025-02-18 23:18:40','2025-02-18 23:18:40'),
(308,2,31,'1','1','1','0','1','0','1','2025-02-18 23:18:40','2025-02-18 23:18:40'),
(309,2,12,'1','0','0','0','0','0','1','2025-02-18 23:18:40','2025-02-18 23:18:40'),
(310,2,13,'1','1','0','0','0','0','1','2025-02-18 23:18:40','2025-02-18 23:18:40'),
(311,2,14,'1','1','0','0','0','0','1','2025-02-18 23:18:40','2025-02-18 23:18:40'),
(312,2,37,'1','0','0','0','0','0','1','2025-02-18 23:18:40','2025-02-18 23:18:40'),
(313,2,18,'1','0','0','0','0','0','1','2025-02-18 23:18:40','2025-02-18 23:18:40'),
(314,2,22,'1','1','1','0','0','0','1','2025-02-18 23:18:40','2025-02-18 23:18:40'),
(315,2,23,'1','1','1','1','0','0','1','2025-02-18 23:18:40','2025-02-18 23:18:40'),
(316,2,24,'1','1','1','1','0','0','1','2025-02-18 23:18:40','2025-02-18 23:18:40'),
(317,3,1,'1','0','0','0','0','0','1','2025-02-19 13:40:52','2025-02-19 13:40:52'),
(318,3,2,'1','0','0','0','0','0','1','2025-02-19 13:40:52','2025-02-19 13:40:52'),
(319,3,28,'1','0','0','0','0','0','1','2025-02-19 13:40:52','2025-02-19 13:40:52'),
(320,3,29,'1','0','0','0','0','0','1','2025-02-19 13:40:52','2025-02-19 13:40:52'),
(321,3,3,'1','0','0','0','0','0','1','2025-02-19 13:40:52','2025-02-19 13:40:52'),
(322,3,30,'1','0','0','0','0','0','1','2025-02-19 13:40:52','2025-02-19 13:40:52'),
(323,3,31,'1','0','0','0','0','0','1','2025-02-19 13:40:52','2025-02-19 13:40:52'),
(324,3,4,'1','0','0','0','0','0','1','2025-02-19 13:40:52','2025-02-19 13:40:52'),
(325,3,5,'1','1','0','0','0','0','1','2025-02-19 13:40:52','2025-02-19 13:40:52'),
(326,3,6,'1','1','0','0','0','0','1','2025-02-19 13:40:52','2025-02-19 13:40:52'),
(327,3,33,'1','0','0','0','0','0','1','2025-02-19 13:40:52','2025-02-19 13:40:52'),
(328,3,34,'1','0','0','0','0','0','1','2025-02-19 13:40:52','2025-02-19 13:40:52'),
(329,3,9,'1','0','0','0','0','0','1','2025-02-19 13:40:52','2025-02-19 13:40:52'),
(330,3,10,'1','0','0','0','0','0','1','2025-02-19 13:40:52','2025-02-19 13:40:52'),
(331,3,11,'1','0','0','0','0','0','1','2025-02-19 13:40:52','2025-02-19 13:40:52'),
(332,3,12,'1','0','0','0','0','0','1','2025-02-19 13:40:52','2025-02-19 13:40:52'),
(333,3,13,'1','1','0','0','0','0','1','2025-02-19 13:40:52','2025-02-19 13:40:52'),
(334,3,14,'1','1','0','0','0','0','1','2025-02-19 13:40:52','2025-02-19 13:40:52'),
(335,3,35,'1','0','0','0','0','0','1','2025-02-19 13:40:52','2025-02-19 13:40:52'),
(336,3,36,'1','0','0','0','0','0','1','2025-02-19 13:40:52','2025-02-19 13:40:52'),
(337,3,15,'1','0','0','0','0','0','1','2025-02-19 13:40:52','2025-02-19 13:40:52'),
(338,3,16,'1','0','0','0','0','0','1','2025-02-19 13:40:52','2025-02-19 13:40:52'),
(339,3,17,'1','0','0','0','0','0','1','2025-02-19 13:40:52','2025-02-19 13:40:52'),
(340,3,37,'1','0','0','0','1','0','1','2025-02-19 13:40:52','2025-02-19 13:40:52'),
(341,3,18,'1','0','0','0','0','0','1','2025-02-19 13:40:52','2025-02-19 13:40:52'),
(342,3,22,'1','0','0','0','0','0','1','2025-02-19 13:40:52','2025-02-19 13:40:52'),
(343,3,23,'1','0','0','0','0','0','1','2025-02-19 13:40:52','2025-02-19 13:40:52'),
(344,3,24,'1','0','0','0','0','0','1','2025-02-19 13:40:52','2025-02-19 13:40:52'),
(345,3,26,'1','1','1','1','0','0','1','2025-02-19 13:40:52','2025-02-19 13:40:52'),
(346,3,27,'1','1','1','1','0','0','1','2025-02-19 13:40:52','2025-02-19 13:40:52'),
(347,3,32,'1','1','1','1','0','0','1','2025-02-19 13:40:52','2025-02-19 13:40:52');
/*!40000 ALTER TABLE `prm_role_menus` ENABLE KEYS */;
UNLOCK TABLES;

--
-- Table structure for table `prm_roles`
--

DROP TABLE IF EXISTS `prm_roles`;
/*!40101 SET @saved_cs_client     = @@character_set_client */;
/*!40101 SET character_set_client = utf8mb4 */;
CREATE TABLE `prm_roles` (
  `id` bigint(20) unsigned NOT NULL AUTO_INCREMENT,
  `name` varchar(50) NOT NULL,
  `is_status` varchar(1) NOT NULL DEFAULT '1',
  `created_at` timestamp NULL DEFAULT NULL,
  `updated_at` timestamp NULL DEFAULT NULL,
  PRIMARY KEY (`id`),
  KEY `prm_roles_id_index` (`id`),
  KEY `prm_roles_is_status_index` (`is_status`)
) ENGINE=InnoDB AUTO_INCREMENT=7 DEFAULT CHARSET=utf8mb4 COLLATE=utf8mb4_unicode_ci ROW_FORMAT=DYNAMIC;
/*!40101 SET character_set_client = @saved_cs_client */;

--
-- Dumping data for table `prm_roles`
--

LOCK TABLES `prm_roles` WRITE;
/*!40000 ALTER TABLE `prm_roles` DISABLE KEYS */;
INSERT INTO `prm_roles` VALUES
(1,'Administrator','1','2024-12-18 16:43:00','2024-12-18 16:43:00'),
(2,'Sales','1','2024-12-18 17:01:53','2024-12-18 17:01:53'),
(3,'Admin Finance','1','2024-12-22 15:51:08','2024-12-22 15:51:08'),
(4,'konsultan Pajak','1','2024-12-23 10:04:35','2024-12-23 10:04:35'),
(5,'Level C','1','2025-01-30 11:22:07','2025-01-30 11:22:07'),
(6,'sales manager','1','2025-01-30 22:54:44','2025-01-30 22:54:44');
/*!40000 ALTER TABLE `prm_roles` ENABLE KEYS */;
UNLOCK TABLES;

--
-- Table structure for table `tr_general_ledger_details`
--

DROP TABLE IF EXISTS `tr_general_ledger_details`;
/*!40101 SET @saved_cs_client     = @@character_set_client */;
/*!40101 SET character_set_client = utf8mb4 */;
CREATE TABLE `tr_general_ledger_details` (
  `id` bigint(20) unsigned NOT NULL AUTO_INCREMENT,
  `general_ledger_id` bigint(20) NOT NULL,
  `account_id` bigint(20) NOT NULL,
  `type` varchar(2) NOT NULL COMMENT 'db = debit, cr = credit',
  `amount` decimal(18,2) NOT NULL DEFAULT 0.00,
  `is_status` varchar(1) NOT NULL DEFAULT '1',
  `created_at` timestamp NULL DEFAULT NULL,
  `updated_at` timestamp NULL DEFAULT NULL,
  PRIMARY KEY (`id`),
  KEY `tr_general_ledger_details_id_index` (`id`),
  KEY `tr_general_ledger_details_general_ledger_id_index` (`general_ledger_id`),
  KEY `tr_general_ledger_details_account_id_index` (`account_id`),
  KEY `tr_general_ledger_details_type_index` (`type`),
  KEY `tr_general_ledger_details_is_status_index` (`is_status`)
) ENGINE=InnoDB AUTO_INCREMENT=327 DEFAULT CHARSET=utf8mb4 COLLATE=utf8mb4_unicode_ci ROW_FORMAT=DYNAMIC;
/*!40101 SET character_set_client = @saved_cs_client */;

--
-- Dumping data for table `tr_general_ledger_details`
--

LOCK TABLES `tr_general_ledger_details` WRITE;
/*!40000 ALTER TABLE `tr_general_ledger_details` DISABLE KEYS */;
INSERT INTO `tr_general_ledger_details` VALUES
(9,1,3,'db',150753.00,'1','2025-01-04 23:00:53','2025-01-04 23:00:53'),
(10,1,101,'cr',150753.00,'1','2025-01-04 23:00:53','2025-01-04 23:00:53'),
(11,4,3,'db',28542.00,'1','2025-01-04 23:02:09','2025-01-04 23:02:09'),
(12,4,101,'cr',28542.00,'1','2025-01-04 23:02:09','2025-01-04 23:02:09'),
(13,2,3,'db',45197.00,'1','2025-01-04 23:03:20','2025-01-04 23:03:20'),
(14,2,101,'cr',45197.00,'1','2025-01-04 23:03:20','2025-01-04 23:03:20'),
(15,3,3,'db',131034.00,'1','2025-01-04 23:04:41','2025-01-04 23:04:41'),
(16,3,33,'cr',131034.00,'1','2025-01-04 23:04:41','2025-01-04 23:04:41'),
(20,7,3,'db',13000.00,'1','2025-01-07 20:08:22','2025-01-07 20:08:22'),
(21,7,80,'cr',13000.00,'1','2025-01-07 20:08:22','2025-01-07 20:08:22'),
(22,6,3,'db',50000.00,'1','2025-01-07 20:08:53','2025-01-07 20:08:53'),
(23,6,89,'cr',50000.00,'1','2025-01-07 20:08:53','2025-01-07 20:08:53'),
(24,5,3,'db',503500.00,'1','2025-01-07 20:09:33','2025-01-07 20:09:33'),
(25,5,101,'cr',503500.00,'1','2025-01-07 20:09:33','2025-01-07 20:09:33'),
(29,10,3,'db',178000.00,'1','2025-01-13 09:40:55','2025-01-13 09:40:55'),
(30,10,83,'cr',178000.00,'1','2025-01-13 09:40:55','2025-01-13 09:40:55'),
(31,9,3,'db',58400.00,'1','2025-01-13 09:41:34','2025-01-13 09:41:34'),
(32,9,83,'cr',58400.00,'1','2025-01-13 09:41:34','2025-01-13 09:41:34'),
(33,8,3,'db',149000.00,'1','2025-01-13 09:42:40','2025-01-13 09:42:40'),
(34,8,89,'cr',149000.00,'1','2025-01-13 09:42:40','2025-01-13 09:42:40'),
(40,12,3,'db',250000.00,'1','2025-01-15 10:29:58','2025-01-15 10:29:58'),
(41,12,89,'cr',250000.00,'1','2025-01-15 10:29:58','2025-01-15 10:29:58'),
(42,11,3,'db',104433.00,'1','2025-01-15 10:30:49','2025-01-15 10:30:49'),
(43,11,80,'cr',104433.00,'1','2025-01-15 10:30:49','2025-01-15 10:30:49'),
(46,13,3,'db',50000.00,'1','2025-01-17 21:54:52','2025-01-17 21:54:52'),
(47,13,89,'cr',50000.00,'1','2025-01-17 21:54:52','2025-01-17 21:54:52'),
(48,14,3,'db',150000.00,'1','2025-01-17 21:57:11','2025-01-17 21:57:11'),
(49,14,94,'cr',150000.00,'1','2025-01-17 21:57:11','2025-01-17 21:57:11'),
(54,16,3,'db',4124962.00,'1','2025-01-21 14:47:06','2025-01-21 14:47:06'),
(55,16,33,'cr',4124962.00,'1','2025-01-21 14:47:06','2025-01-21 14:47:06'),
(56,15,3,'db',718860.00,'1','2025-01-21 15:25:03','2025-01-21 15:25:03'),
(57,15,33,'cr',718860.00,'1','2025-01-21 15:25:03','2025-01-21 15:25:03'),
(58,17,3,'db',125000.00,'1','2025-01-21 15:25:35','2025-01-21 15:25:35'),
(59,17,83,'cr',125000.00,'1','2025-01-21 15:25:35','2025-01-21 15:25:35'),
(61,18,3,'db',2000.00,'1','2025-01-30 09:55:41','2025-01-30 09:55:41'),
(62,18,89,'cr',2000.00,'1','2025-01-30 09:55:41','2025-01-30 09:55:41'),
(75,30,3,'db',30000.00,'1','2025-02-07 10:41:13','2025-02-07 10:41:13'),
(76,30,89,'cr',30000.00,'1','2025-02-07 10:41:13','2025-02-07 10:41:13'),
(77,29,3,'db',350000.00,'1','2025-02-07 10:41:37','2025-02-07 10:41:37'),
(78,29,89,'cr',350000.00,'1','2025-02-07 10:41:37','2025-02-07 10:41:37'),
(79,28,3,'db',50000.00,'1','2025-02-07 10:41:58','2025-02-07 10:41:58'),
(80,28,89,'cr',50000.00,'1','2025-02-07 10:41:58','2025-02-07 10:41:58'),
(83,26,3,'db',147206.00,'1','2025-02-07 10:42:53','2025-02-07 10:42:53'),
(84,26,86,'cr',147206.00,'1','2025-02-07 10:42:53','2025-02-07 10:42:53'),
(85,25,3,'db',348370.00,'1','2025-02-07 10:43:20','2025-02-07 10:43:20'),
(86,25,86,'cr',348370.00,'1','2025-02-07 10:43:20','2025-02-07 10:43:20'),
(87,24,3,'db',110213.00,'1','2025-02-07 10:43:44','2025-02-07 10:43:44'),
(88,24,86,'cr',110213.00,'1','2025-02-07 10:43:44','2025-02-07 10:43:44'),
(89,23,3,'db',45000.00,'1','2025-02-07 10:44:37','2025-02-07 10:44:37'),
(90,23,98,'cr',45000.00,'1','2025-02-07 10:44:37','2025-02-07 10:44:37'),
(91,22,3,'db',485966.00,'1','2025-02-07 10:44:57','2025-02-07 10:44:57'),
(92,22,83,'cr',485966.00,'1','2025-02-07 10:44:57','2025-02-07 10:44:57'),
(93,21,3,'db',168000.00,'1','2025-02-07 10:45:15','2025-02-07 10:45:15'),
(94,21,86,'cr',168000.00,'1','2025-02-07 10:45:15','2025-02-07 10:45:15'),
(95,20,3,'db',450000.00,'1','2025-02-07 10:45:39','2025-02-07 10:45:39'),
(96,20,33,'cr',450000.00,'1','2025-02-07 10:45:39','2025-02-07 10:45:39'),
(97,19,3,'db',350000.00,'1','2025-02-07 10:46:01','2025-02-07 10:46:01'),
(98,19,89,'cr',350000.00,'1','2025-02-07 10:46:01','2025-02-07 10:46:01'),
(99,27,3,'db',309810.00,'1','2025-02-07 10:46:47','2025-02-07 10:46:47'),
(100,27,86,'cr',309810.00,'1','2025-02-07 10:46:47','2025-02-07 10:46:47'),
(105,34,3,'db',505505.00,'1','2025-02-12 10:21:49','2025-02-12 10:21:49'),
(106,34,89,'cr',505505.00,'1','2025-02-12 10:21:49','2025-02-12 10:21:49'),
(107,33,3,'db',101358.00,'1','2025-02-12 10:23:30','2025-02-12 10:23:30'),
(108,33,89,'cr',101358.00,'1','2025-02-12 10:23:30','2025-02-12 10:23:30'),
(109,32,3,'db',65000.00,'1','2025-02-12 10:24:41','2025-02-12 10:24:41'),
(110,32,89,'cr',65000.00,'1','2025-02-12 10:24:41','2025-02-12 10:24:41'),
(116,31,3,'db',148000.00,'1','2025-02-14 22:02:03','2025-02-14 22:02:03'),
(117,31,83,'cr',148000.00,'1','2025-02-14 22:02:03','2025-02-14 22:02:03'),
(135,54,9,'db',20500.00,'1','2025-02-21 15:58:07','2025-02-21 15:58:07'),
(142,60,3,'db',8000.00,'1','2025-02-25 21:38:55','2025-02-25 21:38:55'),
(143,60,89,'cr',8000.00,'1','2025-02-25 21:38:55','2025-02-25 21:38:55'),
(144,59,3,'db',5000.00,'1','2025-02-25 21:39:26','2025-02-25 21:39:26'),
(145,59,89,'cr',5000.00,'1','2025-02-25 21:39:26','2025-02-25 21:39:26'),
(151,55,3,'db',52000.00,'1','2025-02-25 21:42:36','2025-02-25 21:42:36'),
(152,55,89,'cr',52000.00,'1','2025-02-25 21:42:36','2025-02-25 21:42:36'),
(153,53,9,'db',250000.00,'1','2025-02-25 21:44:12','2025-02-25 21:44:12'),
(154,53,89,'cr',250000.00,'1','2025-02-25 21:44:12','2025-02-25 21:44:12'),
(155,52,9,'db',424800.00,'1','2025-02-25 21:44:36','2025-02-25 21:44:36'),
(156,52,97,'cr',424800.00,'1','2025-02-25 21:44:36','2025-02-25 21:44:36'),
(157,51,3,'db',2000.00,'1','2025-02-25 21:44:59','2025-02-25 21:44:59'),
(158,51,89,'cr',2000.00,'1','2025-02-25 21:44:59','2025-02-25 21:44:59'),
(159,50,9,'db',460000.00,'1','2025-02-25 21:45:34','2025-02-25 21:45:34'),
(160,50,80,'cr',460000.00,'1','2025-02-25 21:45:34','2025-02-25 21:45:34'),
(161,49,9,'db',105000.00,'1','2025-02-25 21:45:59','2025-02-25 21:45:59'),
(162,49,80,'cr',105000.00,'1','2025-02-25 21:45:59','2025-02-25 21:45:59'),
(163,48,3,'db',60000.00,'1','2025-02-25 21:46:35','2025-02-25 21:46:35'),
(164,48,83,'cr',60000.00,'1','2025-02-25 21:46:35','2025-02-25 21:46:35'),
(165,47,3,'db',70000.00,'1','2025-02-25 21:46:58','2025-02-25 21:46:58'),
(166,47,80,'cr',70000.00,'1','2025-02-25 21:46:58','2025-02-25 21:46:58'),
(167,46,3,'db',66682.00,'1','2025-02-25 21:47:35','2025-02-25 21:47:35'),
(168,46,33,'cr',66682.00,'1','2025-02-25 21:47:35','2025-02-25 21:47:35'),
(169,45,3,'db',121190.00,'1','2025-02-25 21:48:03','2025-02-25 21:48:03'),
(170,45,33,'cr',121190.00,'1','2025-02-25 21:48:03','2025-02-25 21:48:03'),
(171,44,3,'db',81314.00,'1','2025-02-25 21:48:27','2025-02-25 21:48:27'),
(172,44,33,'cr',81314.00,'1','2025-02-25 21:48:27','2025-02-25 21:48:27'),
(173,43,3,'db',80551.00,'1','2025-02-25 21:48:53','2025-02-25 21:48:53'),
(174,43,33,'cr',80551.00,'1','2025-02-25 21:48:53','2025-02-25 21:48:53'),
(175,42,3,'db',453884.00,'1','2025-02-25 21:49:20','2025-02-25 21:49:20'),
(176,42,98,'cr',453884.00,'1','2025-02-25 21:49:20','2025-02-25 21:49:20'),
(177,41,3,'db',465000.00,'1','2025-02-25 21:49:49','2025-02-25 21:49:49'),
(178,41,33,'cr',465000.00,'1','2025-02-25 21:49:49','2025-02-25 21:49:49'),
(179,40,3,'db',320000.00,'1','2025-02-25 21:50:11','2025-02-25 21:50:11'),
(180,40,33,'cr',320000.00,'1','2025-02-25 21:50:11','2025-02-25 21:50:11'),
(181,39,3,'db',150000.00,'1','2025-02-25 21:50:44','2025-02-25 21:50:44'),
(182,39,101,'cr',150000.00,'1','2025-02-25 21:50:44','2025-02-25 21:50:44'),
(183,38,3,'db',40000.00,'1','2025-02-25 21:51:14','2025-02-25 21:51:14'),
(184,38,33,'cr',40000.00,'1','2025-02-25 21:51:14','2025-02-25 21:51:14'),
(185,37,3,'db',50000.00,'1','2025-02-25 21:51:38','2025-02-25 21:51:38'),
(186,37,89,'cr',50000.00,'1','2025-02-25 21:51:38','2025-02-25 21:51:38'),
(187,36,3,'db',150000.00,'1','2025-02-25 21:52:16','2025-02-25 21:52:16'),
(188,36,124,'cr',150000.00,'1','2025-02-25 21:52:16','2025-02-25 21:52:16'),
(189,35,3,'db',230000.00,'1','2025-02-25 21:53:19','2025-02-25 21:53:19'),
(190,35,83,'cr',230000.00,'1','2025-02-25 21:53:19','2025-02-25 21:53:19'),
(191,56,3,'db',1000000.00,'1','2025-02-25 21:54:16','2025-02-25 21:54:16'),
(192,56,86,'cr',1000000.00,'1','2025-02-25 21:54:16','2025-02-25 21:54:16'),
(193,58,3,'db',1000000.00,'1','2025-02-25 21:54:35','2025-02-25 21:54:35'),
(194,58,86,'cr',1000000.00,'1','2025-02-25 21:54:35','2025-02-25 21:54:35'),
(195,57,3,'db',1000000.00,'1','2025-02-25 21:54:47','2025-02-25 21:54:47'),
(196,57,86,'cr',1000000.00,'1','2025-02-25 21:54:47','2025-02-25 21:54:47'),
(197,61,3,'db',20000.00,'1','2025-02-27 09:55:53','2025-02-27 09:55:53'),
(198,61,89,'cr',20000.00,'1','2025-02-27 09:55:53','2025-02-27 09:55:53'),
(199,62,3,'db',10000.00,'1','2025-02-27 11:08:01','2025-02-27 11:08:01'),
(200,62,94,'cr',10000.00,'1','2025-02-27 11:08:01','2025-02-27 11:08:01'),
(201,63,9,'db',610000.00,'1','2025-02-27 15:40:45','2025-02-27 15:40:45'),
(202,63,105,'cr',610000.00,'1','2025-02-27 15:40:45','2025-02-27 15:40:45'),
(203,64,9,'db',1000000.00,'1','2025-02-27 15:42:18','2025-02-27 15:42:18'),
(204,64,10,'cr',1000000.00,'1','2025-02-27 15:42:18','2025-02-27 15:42:18'),
(205,65,9,'db',74500000.00,'1','2025-02-27 15:44:17','2025-02-27 15:44:17'),
(206,65,120,'cr',74500000.00,'1','2025-02-27 15:44:17','2025-02-27 15:44:17'),
(207,66,9,'db',1000000.00,'1','2025-02-27 16:07:18','2025-02-27 16:07:18'),
(208,66,10,'cr',1000000.00,'1','2025-02-27 16:07:18','2025-02-27 16:07:18'),
(209,67,9,'db',5500000.00,'1','2025-02-27 16:11:52','2025-02-27 16:11:52'),
(210,67,120,'cr',5500000.00,'1','2025-02-27 16:11:52','2025-02-27 16:11:52'),
(211,68,9,'db',500000.00,'1','2025-02-27 16:16:44','2025-02-27 16:16:44'),
(212,68,10,'cr',500000.00,'1','2025-02-27 16:16:44','2025-02-27 16:16:44'),
(213,69,9,'db',8000000.00,'1','2025-02-27 16:21:40','2025-02-27 16:21:40'),
(214,69,120,'cr',8000000.00,'1','2025-02-27 16:21:40','2025-02-27 16:21:40'),
(215,70,9,'db',18000000.00,'1','2025-02-27 16:34:49','2025-02-27 16:34:49'),
(216,70,120,'cr',18000000.00,'1','2025-02-27 16:34:49','2025-02-27 16:34:49'),
(217,71,3,'db',200000.00,'1','2025-03-03 10:04:39','2025-03-03 10:04:39'),
(218,71,124,'cr',200000.00,'1','2025-03-03 10:04:39','2025-03-03 10:04:39'),
(219,72,3,'db',230500.00,'1','2025-03-03 11:20:37','2025-03-03 11:20:37'),
(220,72,83,'cr',230500.00,'1','2025-03-03 11:20:37','2025-03-03 11:20:37'),
(223,73,3,'db',147000.00,'1','2025-03-05 11:03:45','2025-03-05 11:03:45'),
(224,73,33,'cr',147000.00,'1','2025-03-05 11:03:45','2025-03-05 11:03:45'),
(227,75,3,'db',20000.00,'1','2025-03-10 08:27:22','2025-03-10 08:27:22'),
(228,75,89,'cr',20000.00,'1','2025-03-10 08:27:22','2025-03-10 08:27:22'),
(229,76,3,'db',8000.00,'1','2025-03-10 08:30:07','2025-03-10 08:30:07'),
(230,76,105,'cr',8000.00,'1','2025-03-10 08:30:07','2025-03-10 08:30:07'),
(231,77,3,'db',8500.00,'1','2025-03-10 09:50:52','2025-03-10 09:50:52'),
(232,77,105,'cr',8500.00,'1','2025-03-10 09:50:52','2025-03-10 09:50:52'),
(233,78,3,'db',1500.00,'1','2025-03-11 15:21:09','2025-03-11 15:21:09'),
(234,78,105,'cr',1500.00,'1','2025-03-11 15:21:09','2025-03-11 15:21:09'),
(235,79,3,'db',12500.00,'1','2025-03-13 10:02:29','2025-03-13 10:02:29'),
(236,79,105,'cr',12500.00,'1','2025-03-13 10:02:29','2025-03-13 10:02:29'),
(237,74,9,'db',1000000.00,'1','2025-03-17 13:05:13','2025-03-17 13:05:13'),
(238,74,10,'cr',1000000.00,'1','2025-03-17 13:05:13','2025-03-17 13:05:13'),
(239,80,9,'db',424800.00,'1','2025-03-17 13:46:41','2025-03-17 13:46:41'),
(240,80,97,'cr',424800.00,'1','2025-03-17 13:46:41','2025-03-17 13:46:41'),
(241,81,3,'db',9000.00,'1','2025-03-17 14:26:31','2025-03-17 14:26:31'),
(242,81,105,'cr',9000.00,'1','2025-03-17 14:26:31','2025-03-17 14:26:31'),
(245,83,3,'db',50000.00,'1','2025-03-19 20:53:10','2025-03-19 20:53:10'),
(246,83,125,'cr',50000.00,'1','2025-03-19 20:53:10','2025-03-19 20:53:10'),
(247,84,3,'db',15000.00,'1','2025-03-21 15:49:37','2025-03-21 15:49:37'),
(248,84,89,'cr',15000.00,'1','2025-03-21 15:49:37','2025-03-21 15:49:37'),
(249,85,3,'db',35000.00,'1','2025-03-24 08:46:39','2025-03-24 08:46:39'),
(250,85,89,'cr',35000.00,'1','2025-03-24 08:46:39','2025-03-24 08:46:39'),
(251,86,3,'db',44100.00,'1','2025-03-24 08:47:47','2025-03-24 08:47:47'),
(252,86,89,'cr',44100.00,'1','2025-03-24 08:47:47','2025-03-24 08:47:47'),
(253,87,3,'db',2000.00,'1','2025-03-24 08:50:05','2025-03-24 08:50:05'),
(254,87,105,'cr',2000.00,'1','2025-03-24 08:50:05','2025-03-24 08:50:05'),
(255,88,3,'db',320000.00,'1','2025-03-24 09:13:45','2025-03-24 09:13:45'),
(256,88,105,'cr',320000.00,'1','2025-03-24 09:13:45','2025-03-24 09:13:45'),
(257,89,3,'db',465000.00,'1','2025-03-24 09:20:54','2025-03-24 09:20:54'),
(258,89,105,'cr',465000.00,'1','2025-03-24 09:20:54','2025-03-24 09:20:54'),
(259,90,9,'db',42000000.00,'1','2025-03-24 10:41:09','2025-03-24 10:41:09'),
(260,90,120,'cr',42000000.00,'1','2025-03-24 10:41:09','2025-03-24 10:41:09'),
(261,91,120,'db',11000000.00,'1','2025-03-24 10:49:51','2025-03-24 10:49:51'),
(262,91,9,'cr',11000000.00,'1','2025-03-24 10:49:51','2025-03-24 10:49:51'),
(263,92,9,'db',150000.00,'1','2025-03-24 11:04:54','2025-03-24 11:04:54'),
(264,92,105,'cr',150000.00,'1','2025-03-24 11:04:54','2025-03-24 11:04:54'),
(265,82,3,'db',20000.00,'1','2025-03-24 13:36:13','2025-03-24 13:36:13'),
(266,82,89,'cr',20000.00,'1','2025-03-24 13:36:13','2025-03-24 13:36:13'),
(267,93,9,'db',500000.00,'1','2025-03-25 15:42:08','2025-03-25 15:42:08'),
(268,93,10,'cr',500000.00,'1','2025-03-25 15:42:08','2025-03-25 15:42:08'),
(269,94,3,'db',20000.00,'1','2025-03-26 13:17:34','2025-03-26 13:17:34'),
(270,94,89,'cr',20000.00,'1','2025-03-26 13:17:34','2025-03-26 13:17:34'),
(271,95,9,'db',500000.00,'1','2025-03-26 13:52:48','2025-03-26 13:52:48'),
(272,95,10,'cr',500000.00,'1','2025-03-26 13:52:48','2025-03-26 13:52:48'),
(275,97,9,'db',15500000.00,'1','2025-04-09 09:39:53','2025-04-09 09:39:53'),
(276,97,120,'cr',15500000.00,'1','2025-04-09 09:39:53','2025-04-09 09:39:53'),
(277,96,3,'db',502500.00,'1','2025-04-09 09:41:25','2025-04-09 09:41:25'),
(278,96,105,'cr',502500.00,'1','2025-04-09 09:41:25','2025-04-09 09:41:25'),
(279,98,3,'db',117800.00,'1','2025-04-14 14:56:50','2025-04-14 14:56:50'),
(280,98,83,'cr',117800.00,'1','2025-04-14 14:56:50','2025-04-14 14:56:50'),
(281,99,3,'db',200000.00,'1','2025-04-14 15:00:14','2025-04-14 15:00:14'),
(282,99,89,'cr',200000.00,'1','2025-04-14 15:00:14','2025-04-14 15:00:14'),
(283,100,3,'db',20000.00,'1','2025-04-14 15:01:53','2025-04-14 15:01:53'),
(284,100,89,'cr',20000.00,'1','2025-04-14 15:01:53','2025-04-14 15:01:53'),
(285,101,3,'db',132500.00,'1','2025-04-14 15:18:14','2025-04-14 15:18:14'),
(286,101,83,'cr',132500.00,'1','2025-04-14 15:18:14','2025-04-14 15:18:14'),
(287,102,3,'db',50000.00,'1','2025-04-14 15:21:42','2025-04-14 15:21:42'),
(288,102,89,'cr',50000.00,'1','2025-04-14 15:21:42','2025-04-14 15:21:42'),
(289,103,3,'db',100000.00,'1','2025-04-14 15:23:07','2025-04-14 15:23:07'),
(290,103,124,'cr',100000.00,'1','2025-04-14 15:23:07','2025-04-14 15:23:07'),
(291,104,9,'db',15000000.00,'1','2025-04-14 15:27:37','2025-04-14 15:27:37'),
(292,104,120,'cr',15000000.00,'1','2025-04-14 15:27:37','2025-04-14 15:27:37'),
(293,105,3,'db',25000.00,'1','2025-04-14 15:28:50','2025-04-14 15:28:50'),
(294,105,89,'cr',25000.00,'1','2025-04-14 15:28:50','2025-04-14 15:28:50'),
(295,106,3,'db',30000.00,'1','2025-04-14 19:33:16','2025-04-14 19:33:16'),
(296,106,104,'cr',30000.00,'1','2025-04-14 19:33:16','2025-04-14 19:33:16'),
(297,107,3,'db',21000.00,'1','2025-04-14 19:36:12','2025-04-14 19:36:12'),
(298,107,105,'cr',21000.00,'1','2025-04-14 19:36:12','2025-04-14 19:36:12'),
(299,108,9,'db',22850000.00,'1','2025-04-17 11:20:33','2025-04-17 11:20:33'),
(300,108,120,'cr',22850000.00,'1','2025-04-17 11:20:33','2025-04-17 11:20:33'),
(301,109,9,'db',1800000.00,'1','2025-04-17 11:22:00','2025-04-17 11:22:00'),
(302,109,120,'cr',1800000.00,'1','2025-04-17 11:22:00','2025-04-17 11:22:00'),
(303,110,9,'db',424800.00,'1','2025-04-17 11:23:47','2025-04-17 11:23:47'),
(304,110,97,'cr',424800.00,'1','2025-04-17 11:23:47','2025-04-17 11:23:47'),
(305,111,9,'db',3900000.00,'1','2025-04-17 11:25:22','2025-04-17 11:25:22'),
(306,111,120,'cr',3900000.00,'1','2025-04-17 11:25:22','2025-04-17 11:25:22'),
(307,112,3,'db',71834.00,'1','2025-04-17 13:18:14','2025-04-17 13:18:14'),
(308,112,105,'cr',71834.00,'1','2025-04-17 13:18:14','2025-04-17 13:18:14'),
(309,113,3,'db',86434.00,'1','2025-04-17 13:19:45','2025-04-17 13:19:45'),
(310,113,105,'cr',86434.00,'1','2025-04-17 13:19:45','2025-04-17 13:19:45'),
(311,114,9,'db',110000.00,'1','2025-04-21 09:34:51','2025-04-21 09:34:51'),
(312,114,120,'cr',110000.00,'1','2025-04-21 09:34:51','2025-04-21 09:34:51'),
(313,115,3,'db',20000.00,'1','2025-04-21 09:36:43','2025-04-21 09:36:43'),
(314,115,89,'cr',20000.00,'1','2025-04-21 09:36:43','2025-04-21 09:36:43'),
(315,116,9,'db',71600000.00,'1','2025-04-21 09:38:33','2025-04-21 09:38:33'),
(316,116,120,'cr',71600000.00,'1','2025-04-21 09:38:33','2025-04-21 09:38:33'),
(317,117,3,'db',40000.00,'1','2025-04-21 09:40:40','2025-04-21 09:40:40'),
(318,117,89,'cr',40000.00,'1','2025-04-21 09:40:40','2025-04-21 09:40:40'),
(319,118,3,'db',320000.00,'1','2025-04-21 09:42:10','2025-04-21 09:42:10'),
(320,118,105,'cr',320000.00,'1','2025-04-21 09:42:10','2025-04-21 09:42:10'),
(321,119,3,'db',465000.00,'1','2025-04-21 09:43:32','2025-04-21 09:43:32'),
(322,119,105,'cr',465000.00,'1','2025-04-21 09:43:32','2025-04-21 09:43:32'),
(323,120,3,'db',507273.00,'1','2025-04-21 11:35:55','2025-04-21 11:35:55'),
(324,120,105,'cr',507273.00,'1','2025-04-21 11:35:55','2025-04-21 11:35:55'),
(325,121,9,'db',3800000.00,'1','2025-04-24 10:51:29','2025-04-24 10:51:29'),
(326,121,120,'cr',3800000.00,'1','2025-04-24 10:51:29','2025-04-24 10:51:29');
/*!40000 ALTER TABLE `tr_general_ledger_details` ENABLE KEYS */;
UNLOCK TABLES;

--
-- Table structure for table `tr_general_ledgers`
--

DROP TABLE IF EXISTS `tr_general_ledgers`;
/*!40101 SET @saved_cs_client     = @@character_set_client */;
/*!40101 SET character_set_client = utf8mb4 */;
CREATE TABLE `tr_general_ledgers` (
  `id` bigint(20) unsigned NOT NULL AUTO_INCREMENT,
  `number` varchar(50) NOT NULL,
  `date` date NOT NULL,
  `reference` varchar(50) DEFAULT NULL,
  `notes` text DEFAULT NULL,
  `total_debit` decimal(18,2) NOT NULL DEFAULT 0.00,
  `total_credit` decimal(18,2) NOT NULL DEFAULT 0.00,
  `is_status` varchar(1) NOT NULL DEFAULT '1',
  `created_at` timestamp NULL DEFAULT NULL,
  `updated_at` timestamp NULL DEFAULT NULL,
  `created_by` bigint(20) DEFAULT NULL,
  `updated_by` bigint(20) DEFAULT NULL,
  PRIMARY KEY (`id`),
  KEY `tr_general_ledgers_id_index` (`id`),
  KEY `tr_general_ledgers_number_index` (`number`),
  KEY `tr_general_ledgers_date_index` (`date`),
  KEY `tr_general_ledgers_reference_index` (`reference`),
  KEY `tr_general_ledgers_is_status_index` (`is_status`),
  KEY `tr_general_ledgers_created_by_index` (`created_by`)
) ENGINE=InnoDB AUTO_INCREMENT=122 DEFAULT CHARSET=utf8mb4 COLLATE=utf8mb4_unicode_ci ROW_FORMAT=DYNAMIC;
/*!40101 SET character_set_client = @saved_cs_client */;

--
-- Dumping data for table `tr_general_ledgers`
--

LOCK TABLES `tr_general_ledgers` WRITE;
/*!40000 ALTER TABLE `tr_general_ledgers` DISABLE KEYS */;
INSERT INTO `tr_general_ledgers` VALUES
(1,'EX/ESB/012025/0001','2025-01-03',NULL,'adven kipas dinding 16 inch',150753.00,150753.00,'1','2025-01-03 09:10:50','2025-01-04 23:00:53',5,2),
(2,'EX/ESB/012025/0002','2025-01-03',NULL,'stand holder hp, cover roda koper,kotak tissue ',45197.00,45197.00,'1','2025-01-03 09:26:03','2025-01-04 23:03:20',5,2),
(3,'EX/ESB/012025/0003','2025-01-03',NULL,'4 susun rak serba guna',131034.00,131034.00,'1','2025-01-03 09:30:34','2025-01-04 23:04:41',5,2),
(4,'EX/ESB/012025/0004','2025-01-03',NULL,'kape pvc 5\", list keramik 10cm, tee cabang broco.',28542.00,28542.00,'1','2025-01-03 09:32:22','2025-01-04 23:02:09',5,2),
(5,'EX/ESB/012025/0005','2025-01-06',NULL,'TOKEN LISTRIK',503500.00,503500.00,'1','2025-01-06 13:55:03','2025-01-07 20:09:33',5,2),
(6,'EX/ESB/012025/0006','2025-01-06',NULL,'E-MONEY',50000.00,50000.00,'1','2025-01-06 13:56:16','2025-01-07 20:08:53',5,2),
(7,'EX/ESB/012025/0007','2025-01-06',NULL,'ONGKIR LALAMOVE + PARKIR SAMPLE  UTK PT MOSAIC',13000.00,13000.00,'1','2025-01-06 19:30:00','2025-01-07 20:08:22',5,2),
(8,'EX/ESB/012025/0008','2025-01-10',NULL,'E - Money',149000.00,149000.00,'1','2025-01-13 09:02:32','2025-01-13 09:42:40',5,2),
(9,'EX/ESB/012025/0009','2025-01-11',NULL,'Biaya Marketing',58400.00,58400.00,'1','2025-01-13 09:07:08','2025-01-13 09:41:34',5,2),
(10,'EX/ESB/012025/0010','2025-01-12',NULL,'Biaya Marketing',178000.00,178000.00,'1','2025-01-13 09:08:56','2025-01-13 09:40:55',5,2),
(11,'EX/ESB/012025/0011','2025-01-13',NULL,'ONGKIR LALAMOVE TRIPOLA',104433.00,104433.00,'1','2025-01-13 20:28:35','2025-01-15 10:30:49',5,2),
(12,'EX/ESB/012025/0012','2025-01-10',NULL,'isi bensin mobil operasional',250000.00,250000.00,'1','2025-01-15 08:05:54','2025-01-15 10:29:58',5,2),
(13,'EX/ESB/012025/0013','2025-01-15',NULL,'Isi E-money',50000.00,50000.00,'1','2025-01-16 08:05:29','2025-01-17 21:54:52',5,2),
(14,'EX/ESB/012025/0014','2025-01-15',NULL,'MATERAI',150000.00,150000.00,'1','2025-01-16 20:45:30','2025-01-17 21:57:11',5,2),
(15,'EX/ESB/012025/0015','2025-01-07',NULL,'Keyboard Tap ',718860.00,718860.00,'1','2025-01-20 08:17:12','2025-01-21 15:25:03',5,2),
(16,'EX/ESB/012025/0016','2025-01-07',NULL,'Tap ( hp )',4124962.00,4124962.00,'1','2025-01-20 08:18:46','2025-01-21 14:47:06',5,2),
(17,'EX/ESB/012025/0017','2025-01-17',NULL,'Biaya Marketing',125000.00,125000.00,'1','2025-01-20 08:24:42','2025-01-21 15:25:35',5,2),
(18,'EX/ESB/012025/0018','2025-01-24',NULL,'parkir di bank BCA',2000.00,2000.00,'1','2025-01-24 10:42:55','2025-01-30 09:55:41',5,2),
(19,'EX/ESB/012025/0019','2025-01-29',NULL,'isi bensin mobil operasional',350000.00,350000.00,'1','2025-01-31 08:11:56','2025-02-07 10:46:01',5,1),
(20,'EX/ESB/012025/0020','2025-01-06',NULL,'1 set Tinta Epson',450000.00,450000.00,'1','2025-01-31 09:30:11','2025-02-07 10:45:39',5,1),
(21,'EX/ESB/012025/0021','2025-01-28',NULL,'4 box kue cina untuk Hampers Implek',168000.00,168000.00,'1','2025-01-31 09:36:06','2025-02-07 10:45:15',5,1),
(22,'EX/ESB/012025/0022','2025-01-25',NULL,'Biaya Marketing dengan Koperasi Astra',485966.00,485966.00,'1','2025-01-31 09:38:13','2025-02-07 10:44:57',5,1),
(23,'EX/ESB/012025/0023','2025-01-27',NULL,'Lampu LED Beta 30Watt & LED Premier 9Watt',45000.00,45000.00,'1','2025-01-31 09:41:17','2025-02-07 10:44:37',5,1),
(24,'EX/ESB/012025/0024','2025-01-26',NULL,'untuk Hampers Imlek',110213.00,110213.00,'1','2025-01-31 09:43:05','2025-02-07 10:43:44',5,1),
(25,'EX/ESB/012025/0025','2025-01-23',NULL,'Kue kering untuk Hampers Imlek',348370.00,348370.00,'1','2025-01-31 09:44:36','2025-02-07 10:43:20',5,1),
(26,'EX/ESB/012025/0026','2025-01-27',NULL,'untuk Hampers Imlek',147206.00,147206.00,'1','2025-01-31 09:46:01','2025-02-07 10:42:53',5,1),
(27,'EX/ESB/012025/0027','2025-01-24',NULL,'untuk Hampers Imlek',309810.00,309810.00,'1','2025-01-31 09:47:49','2025-02-07 10:46:47',5,1),
(28,'EX/ESB/012025/0028','2025-01-31',NULL,'isi Bensin Motor Operasional',50000.00,50000.00,'1','2025-01-31 09:59:05','2025-02-07 10:41:58',5,1),
(29,'EX/ESB/022025/0001','2025-02-02',NULL,'isi bensin mobil inventaris',350000.00,350000.00,'1','2025-02-05 09:40:55','2025-02-07 10:41:37',5,1),
(30,'EX/ESB/022025/0002','2025-02-05',NULL,'isi bensin motor operasinal',30000.00,30000.00,'1','2025-02-05 09:41:45','2025-02-07 10:41:13',5,1),
(31,'EX/ESB/022025/0003','2025-02-08',NULL,'Biaya Marketing dengan Hazedon',148000.00,148000.00,'1','2025-02-10 11:19:04','2025-02-14 22:02:03',5,6),
(32,'EX/ESB/022025/0004','2025-02-08',NULL,'Isi Bensin Motor Operasional',65000.00,65000.00,'1','2025-02-10 11:21:04','2025-02-12 10:24:41',5,1),
(33,'EX/ESB/022025/0005','2025-02-10',NULL,'PDAM Jan\'25',101358.00,101358.00,'1','2025-02-10 11:22:01','2025-02-12 10:23:30',5,1),
(34,'EX/ESB/022025/0006','2025-02-12',NULL,'Token PLN',505505.00,505505.00,'1','2025-02-12 09:22:59','2025-02-12 10:21:49',5,1),
(35,'EX/ESB/022025/0007','2025-02-07',NULL,'syukuran Bunga Hazedon',230000.00,230000.00,'1','2025-02-14 09:43:59','2025-02-25 21:53:19',5,2),
(36,'EX/ESB/022025/0008','2025-02-14',NULL,'Materai 15 pcs',150000.00,150000.00,'1','2025-02-14 20:07:25','2025-02-25 21:52:16',5,2),
(37,'EX/ESB/022025/0009','2025-02-14',NULL,'ISI BENSIN MOTOR OPERASIONAL',50000.00,50000.00,'1','2025-02-14 20:24:27','2025-02-25 21:51:38',5,2),
(38,'EX/ESB/022025/0010','2025-02-08',NULL,'pasang ban motor ',40000.00,40000.00,'1','2025-02-19 09:49:53','2025-02-25 21:51:14',5,2),
(39,'EX/ESB/022025/0011','2025-02-05',NULL,'uang lingkungan dan sampah',150000.00,150000.00,'1','2025-02-19 09:51:23','2025-02-25 21:50:44',5,2),
(40,'EX/ESB/022025/0012','2025-02-06',NULL,'air galon bulanan',320000.00,320000.00,'1','2025-02-19 09:52:56','2025-02-25 21:50:11',5,2),
(41,'EX/ESB/022025/0013','2025-02-10',NULL,'tinta printer epson',465000.00,465000.00,'1','2025-02-19 09:53:59','2025-02-25 21:49:49',5,2),
(42,'EX/ESB/022025/0014','2025-02-05',NULL,'ban motor inventaris',453884.00,453884.00,'1','2025-02-19 09:55:34','2025-02-25 21:49:20',5,2),
(43,'EX/ESB/022025/0015','2025-02-03',NULL,'charger laptop lenovo admin',80551.00,80551.00,'1','2025-02-19 09:56:53','2025-02-25 21:48:53',5,2),
(44,'EX/ESB/022025/0016','2025-02-10',NULL,'Rak untuk admin',81314.00,81314.00,'1','2025-02-19 09:57:54','2025-02-25 21:48:27',5,2),
(45,'EX/ESB/022025/0017','2025-02-04',NULL,'sendok garpu untuk office',121190.00,121190.00,'1','2025-02-19 09:59:21','2025-02-25 21:48:03',5,2),
(46,'EX/ESB/022025/0018','2025-02-06',NULL,'tempat sendok untuk office',66682.00,66682.00,'1','2025-02-19 10:00:20','2025-02-25 21:47:35',5,2),
(47,'EX/ESB/022025/0019','2025-02-07',NULL,'ongkir bapak hendra + parkir ',70000.00,70000.00,'1','2025-02-19 10:02:23','2025-02-25 21:46:58',5,2),
(48,'EX/ESB/022025/0020','2025-02-10',NULL,'sample dari pabrik ke ellia + parkir',60000.00,60000.00,'1','2025-02-19 10:08:15','2025-02-25 21:46:35',5,2),
(49,'EX/ESB/022025/0021','2025-02-18',NULL,'ONGKIR LALAMOVE BU RANI ( PRAMONO CHANDRA LUKITO )',105000.00,105000.00,'1','2025-02-20 10:25:51','2025-02-25 21:45:59',5,2),
(50,'EX/ESB/022025/0022','2025-02-19',NULL,'ONGKIR LALAMOVE ALPINE ( IWAN BIN MUAD )',460000.00,460000.00,'1','2025-02-20 10:35:52','2025-02-25 21:45:34',5,2),
(51,'EX/ESB/022025/0023','2025-02-21',NULL,'parkir bank BCA',2000.00,2000.00,'1','2025-02-21 08:49:54','2025-02-25 21:44:59',5,2),
(52,'EX/ESB/022025/0024','2025-02-15',NULL,'Wifi ESB',424800.00,424800.00,'1','2025-02-21 14:47:52','2025-02-25 21:44:36',5,2),
(53,'EX/ESB/022025/0025','2025-02-17',NULL,'  ongkir lalamove Tripola ( Rudoni )',250000.00,250000.00,'1','2025-02-21 15:50:35','2025-02-25 21:44:12',5,2),
(54,'EX/ESB/022025/0026','2025-02-12',NULL,'toll lalamove siswadi ( Doni Hanafi Adnand )',20500.00,20500.00,'1','2025-02-21 15:57:20','2025-02-21 15:58:07',5,5),
(55,'EX/ESB/022025/0027','2025-02-22',NULL,'bensin motor operasional',52000.00,52000.00,'1','2025-02-22 19:46:29','2025-02-25 21:42:36',5,2),
(56,'EX/ESB/022025/0028','2025-02-01',NULL,'ANGPOU IMLEK UNTUK KULI PROYEK UNTAR',1000000.00,1000000.00,'1','2025-02-25 16:22:37','2025-02-25 21:54:15',5,2),
(57,'EX/ESB/022025/0029','2025-02-01',NULL,'ANGPOU IMLEK UNTUK PROYEK UT',1000000.00,1000000.00,'1','2025-02-25 16:23:22','2025-02-25 21:54:47',5,2),
(58,'EX/ESB/022025/0030','2025-02-01',NULL,'ANGPOU IMLEK UNTUK LINGKUNGAN KANTOR',1000000.00,1000000.00,'1','2025-02-25 16:24:07','2025-02-25 21:54:35',5,2),
(59,'EX/ESB/022025/0031','2025-02-25',NULL,'KIRIM DOKUMEN WAHANA BAPAK GUTOMO',5000.00,5000.00,'1','2025-02-25 16:25:31','2025-02-25 21:39:26',5,2),
(60,'EX/ESB/022025/0032','2025-02-25',NULL,'KIRIM DOKUMEN PAK SOLEH KATALOG',8000.00,8000.00,'1','2025-02-25 16:27:18','2025-02-25 21:38:55',5,2),
(61,'EX/ESB/22025/0033','2025-02-26',NULL,'bensin motor operasional',20000.00,20000.00,'1','2025-02-27 09:55:53','2025-02-27 09:55:53',5,5),
(62,'EX/ESB/22025/0034','2025-02-26',NULL,'kirim dokumen jne multi sarana satria',10000.00,10000.00,'1','2025-02-27 11:08:01','2025-02-27 11:08:01',5,5),
(63,'EX/ESB/22025/0035','2025-01-28',NULL,'ONGKIR LALAMOVE SMESCO IBU RANI',610000.00,610000.00,'1','2025-02-27 15:40:45','2025-02-27 15:40:45',5,5),
(64,'EX/ESB/22025/0036','2025-01-29',NULL,'KAS TRANSPORT',1000000.00,1000000.00,'1','2025-02-27 15:42:18','2025-02-27 15:42:18',5,5),
(65,'EX/ESB/22025/0037','2025-01-30',NULL,'PEMINDAH BUKUAN ',74500000.00,74500000.00,'1','2025-02-27 15:44:17','2025-02-27 15:44:17',5,5),
(66,'EX/ESB/22025/0038','2025-02-04',NULL,'KAS TRANSPORT',1000000.00,1000000.00,'1','2025-02-27 16:07:18','2025-02-27 16:07:18',5,5),
(67,'EX/ESB/22025/0039','2025-02-07',NULL,'PEMINDAH BUKUAN',5500000.00,5500000.00,'1','2025-02-27 16:11:52','2025-02-27 16:11:52',5,5),
(68,'EX/ESB/22025/0040','2025-02-11',NULL,'KAS TRANSPORT',500000.00,500000.00,'1','2025-02-27 16:16:44','2025-02-27 16:16:44',5,5),
(69,'EX/ESB/22025/0041','2025-02-12',NULL,'PEMINDAH BUKUAN',8000000.00,8000000.00,'1','2025-02-27 16:21:40','2025-02-27 16:21:40',5,5),
(70,'EX/ESB/22025/0042','2025-02-17',NULL,'PEMINDAH BUKUAN',18000000.00,18000000.00,'1','2025-02-27 16:34:49','2025-02-27 16:34:49',5,5),
(71,'EX/ESB/32025/0001','2025-03-03',NULL,'beli materai 20pcs',200000.00,200000.00,'1','2025-03-03 10:04:39','2025-03-03 10:04:39',5,5),
(72,'EX/ESB/32025/0002','2025-03-03',NULL,'PERTEMUAN DENGAN CUSTOMER BAPAK NICO',230500.00,230500.00,'1','2025-03-03 11:20:37','2025-03-03 11:20:37',5,5),
(73,'EX/ESB/032025/0003','2025-03-03',NULL,'PEMBELIAN ATK ',147000.00,147000.00,'1','2025-03-03 11:42:36','2025-03-05 11:03:45',5,6),
(74,'EX/ESB/032025/0004','2025-02-20',NULL,'KAS TRANSPORT',1000000.00,1000000.00,'1','2025-03-05 16:52:05','2025-03-17 13:05:13',5,5),
(75,'EX/ESB/32025/0005','2025-03-07',NULL,'isi bensin motor operasional',20000.00,20000.00,'1','2025-03-10 08:27:22','2025-03-10 08:27:22',5,5),
(76,'EX/ESB/32025/0006','2025-03-07',NULL,'Print & Fotocopy ',8000.00,8000.00,'1','2025-03-10 08:30:07','2025-03-10 08:30:07',5,5),
(77,'EX/ESB/32025/0007','2025-03-10',NULL,'PRINT & FOTOCOPY',8500.00,8500.00,'1','2025-03-10 09:50:52','2025-03-10 09:50:52',5,5),
(78,'EX/ESB/32025/0008','2025-03-11',NULL,'PRINT ',1500.00,1500.00,'1','2025-03-11 15:21:09','2025-03-11 15:21:09',5,5),
(79,'EX/ESB/32025/0009','2025-03-13',NULL,'print',12500.00,12500.00,'1','2025-03-13 10:02:29','2025-03-13 10:02:29',5,5),
(80,'EX/ESB/32025/0010','2025-03-15',NULL,'WIFI ESB',424800.00,424800.00,'1','2025-03-17 13:46:41','2025-03-17 13:46:41',5,5),
(81,'EX/ESB/32025/0011','2025-03-17',NULL,'PRINT',9000.00,9000.00,'1','2025-03-17 14:26:31','2025-03-17 14:26:31',5,5),
(82,'EX/ESB/032025/0012','2025-03-18',NULL,'bensin motor operasional',20000.00,20000.00,'1','2025-03-18 21:06:40','2025-03-24 13:36:13',5,5),
(83,'EX/ESB/32025/0013','2025-03-19',NULL,'ONGKIR SAMPLE',50000.00,50000.00,'1','2025-03-19 20:53:10','2025-03-19 20:53:10',5,5),
(84,'EX/ESB/32025/0014','2025-03-21',NULL,'bensin motor operasional',15000.00,15000.00,'1','2025-03-21 15:49:37','2025-03-21 15:49:37',5,5),
(85,'EX/ESB/32025/0015','2025-03-18',NULL,'bensin motor operasional',35000.00,35000.00,'1','2025-03-24 08:46:39','2025-03-24 08:46:39',5,5),
(86,'EX/ESB/32025/0016','2025-03-22',NULL,'bensin motor operasional',44100.00,44100.00,'1','2025-03-24 08:47:47','2025-03-24 08:47:47',5,5),
(87,'EX/ESB/32025/0017','2025-03-24',NULL,'parkir di bank BCA',2000.00,2000.00,'1','2025-03-24 08:50:05','2025-03-24 08:50:05',5,5),
(88,'EX/ESB/32025/0018','2025-03-24',NULL,'air galon bulanan',320000.00,320000.00,'1','2025-03-24 09:13:45','2025-03-24 09:13:45',5,5),
(89,'EX/ESB/32025/0019','2025-03-24',NULL,'1 set tinta printer epson',465000.00,465000.00,'1','2025-03-24 09:20:54','2025-03-24 09:20:54',5,5),
(90,'EX/ESB/32025/0020','2025-03-06',NULL,'PEMINDAH BUKUAN',42000000.00,42000000.00,'1','2025-03-24 10:41:09','2025-03-24 10:41:09',5,5),
(91,'EX/ESB/32025/0021','2025-03-11',NULL,'PEMINDAH BUKUAN',11000000.00,11000000.00,'1','2025-03-24 10:49:51','2025-03-24 10:49:51',5,5),
(92,'EX/ESB/32025/0022','2025-03-14',NULL,'ONGKIR LALAMOVE HAZEDON',150000.00,150000.00,'1','2025-03-24 11:04:54','2025-03-24 11:04:54',5,5),
(93,'EX/ESB/32025/0023','2025-03-24',NULL,'KAS TRANSPORT',500000.00,500000.00,'1','2025-03-25 15:42:08','2025-03-25 15:42:08',5,5),
(94,'EX/ESB/32025/0024','2025-03-25',NULL,'bensin motor operasional',20000.00,20000.00,'1','2025-03-26 13:17:34','2025-03-26 13:17:34',5,5),
(95,'EX/ESB/32025/0025','2025-03-26',NULL,'KAS TRANSPORT',500000.00,500000.00,'1','2025-03-26 13:52:48','2025-03-26 13:52:48',5,5),
(96,'EX/ESB/032025/0026','2025-03-27',NULL,'TOKEN LISTRIK',502500.00,502500.00,'1','2025-03-27 08:20:48','2025-04-09 09:41:25',5,5),
(97,'EX/ESB/42025/0001','2025-03-26',NULL,'PEMINDAH BUKUAN / TGL 26-03-25 ',15500000.00,15500000.00,'1','2025-04-09 09:39:53','2025-04-09 09:39:53',5,5),
(98,'EX/ESB/42025/0002','2025-03-29',NULL,'BIAYA MARKETING DENGAN ORANG BANK / TGL 29-03-25',117800.00,117800.00,'1','2025-04-14 14:56:50','2025-04-14 14:56:50',5,5),
(99,'EX/ESB/42025/0003','2025-03-31',NULL,'BENSIN MOBIL ',200000.00,200000.00,'1','2025-04-14 15:00:14','2025-04-14 15:00:14',5,5),
(100,'EX/ESB/42025/0004','2025-04-01',NULL,'BENSIN MOTOR',20000.00,20000.00,'1','2025-04-14 15:01:53','2025-04-14 15:01:53',5,5),
(101,'EX/ESB/42025/0005','2025-04-07',NULL,'BIAYA MARKETING DENGAN PIHAK KEPOLISIAN KASUS NTM',132500.00,132500.00,'1','2025-04-14 15:18:14','2025-04-14 15:18:14',5,5),
(102,'EX/ESB/42025/0006','2025-04-07',NULL,'BENSIN MOTOR ',50000.00,50000.00,'1','2025-04-14 15:21:42','2025-04-14 15:21:42',5,5),
(103,'EX/ESB/42025/0007','2025-04-08',NULL,'MATERAI 10 PCS',100000.00,100000.00,'1','2025-04-14 15:23:07','2025-04-14 15:23:07',5,5),
(104,'EX/ESB/42025/0008','2025-04-10',NULL,'PEMINDAH BUKUAN ',15000000.00,15000000.00,'1','2025-04-14 15:27:37','2025-04-14 15:27:37',5,5),
(105,'EX/ESB/42025/0009','2025-04-12',NULL,'BENSIN MOTOR',25000.00,25000.00,'1','2025-04-14 15:28:50','2025-04-14 15:28:50',5,5),
(106,'EX/ESB/42025/0010','2025-04-14',NULL,'BENSIN MOTOR',30000.00,30000.00,'1','2025-04-14 19:33:16','2025-04-14 19:33:16',5,5),
(107,'EX/ESB/42025/0011','2025-04-14',NULL,'BIAYA KIRIM SAMPLE UNTUK KATALO',21000.00,21000.00,'1','2025-04-14 19:36:12','2025-04-14 19:36:12',5,5),
(108,'EX/ESB/42025/0012','2025-04-15',NULL,'pemindah bukuan',22850000.00,22850000.00,'1','2025-04-17 11:20:33','2025-04-17 11:20:33',5,5),
(109,'EX/ESB/42025/0013','2025-04-15',NULL,'pemindah bukuan',1800000.00,1800000.00,'1','2025-04-17 11:22:00','2025-04-17 11:22:00',5,5),
(110,'EX/ESB/42025/0014','2025-04-15',NULL,'WIFI ESB',424800.00,424800.00,'1','2025-04-17 11:23:47','2025-04-17 11:23:47',5,5),
(111,'EX/ESB/42025/0015','2025-04-16',NULL,'PEMINDAH BUKUAN',3900000.00,3900000.00,'1','2025-04-17 11:25:22','2025-04-17 11:25:22',5,5),
(112,'EX/ESB/42025/0016','2025-03-05',NULL,'PDAM FEB\'25 ',71834.00,71834.00,'1','2025-04-17 13:18:14','2025-04-17 13:18:14',5,5),
(113,'EX/ESB/42025/0017','2025-04-17',NULL,'PDAM MAR\'25',86434.00,86434.00,'1','2025-04-17 13:19:45','2025-04-17 13:19:45',5,5),
(114,'EX/ESB/42025/0018','2025-04-17',NULL,'PEMINDAH BUKUAN',110000.00,110000.00,'1','2025-04-21 09:34:51','2025-04-21 09:34:51',5,5),
(115,'EX/ESB/42025/0019','2025-04-18',NULL,'BENSIN MOTOR ',20000.00,20000.00,'1','2025-04-21 09:36:43','2025-04-21 09:36:43',5,5),
(116,'EX/ESB/42025/0020','2025-04-19',NULL,'PEMINDAH BUKUAN',71600000.00,71600000.00,'1','2025-04-21 09:38:33','2025-04-21 09:38:33',5,5),
(117,'EX/ESB/42025/0021','2025-04-20',NULL,'BENSIN MOTOR',40000.00,40000.00,'1','2025-04-21 09:40:40','2025-04-21 09:40:40',5,5),
(118,'EX/ESB/42025/0022','2025-04-21',NULL,'AIR GALON BULANAN',320000.00,320000.00,'1','2025-04-21 09:42:10','2025-04-21 09:42:10',5,5),
(119,'EX/ESB/42025/0023','2025-04-21',NULL,'1 SET TINTA PRINTER EPSON',465000.00,465000.00,'1','2025-04-21 09:43:32','2025-04-21 09:43:32',5,5),
(120,'EX/ESB/42025/0024','2025-04-21',NULL,'TOKEN LISTRIK',507273.00,507273.00,'1','2025-04-21 11:35:55','2025-04-21 11:35:55',5,5),
(121,'EX/ESB/42025/0025','2025-04-23',NULL,'PEMINDAH BUKUAN',3800000.00,3800000.00,'1','2025-04-24 10:51:29','2025-04-24 10:51:29',5,5);
/*!40000 ALTER TABLE `tr_general_ledgers` ENABLE KEYS */;
UNLOCK TABLES;

--
-- Table structure for table `tr_invoices`
--

DROP TABLE IF EXISTS `tr_invoices`;
/*!40101 SET @saved_cs_client     = @@character_set_client */;
/*!40101 SET character_set_client = utf8mb4 */;
CREATE TABLE `tr_invoices` (
  `id` bigint(20) unsigned NOT NULL AUTO_INCREMENT,
  `sales_id` bigint(20) NOT NULL,
  `number` varchar(50) NOT NULL,
  `date` date NOT NULL,
  `due_termin` int(11) NOT NULL COMMENT 'in days',
  `due_date` date NOT NULL,
  `notes` text DEFAULT NULL,
  `subtotal` decimal(18,2) NOT NULL DEFAULT 0.00,
  `dpp` decimal(18,2) NOT NULL DEFAULT 0.00,
  `dpp_amount` decimal(18,2) NOT NULL DEFAULT 0.00,
  `delivery_fee` decimal(18,2) NOT NULL DEFAULT 0.00,
  `discount` decimal(18,2) NOT NULL DEFAULT 0.00,
  `ppn` decimal(18,2) NOT NULL DEFAULT 0.00,
  `ppn_amount` decimal(18,2) NOT NULL DEFAULT 0.00,
  `total` decimal(18,2) NOT NULL DEFAULT 0.00,
  `payment` decimal(18,2) NOT NULL DEFAULT 0.00,
  `rest` decimal(18,2) NOT NULL DEFAULT 0.00,
  `approved_at` timestamp NULL DEFAULT NULL,
  `approved_by` bigint(20) DEFAULT NULL,
  `is_posting` varchar(1) NOT NULL DEFAULT '0',
  `is_receive` tinyint(4) NOT NULL DEFAULT 0,
  `is_status` tinyint(4) NOT NULL DEFAULT 1,
  `created_at` timestamp NULL DEFAULT NULL,
  `updated_at` timestamp NULL DEFAULT NULL,
  `deleted_at` timestamp NULL DEFAULT NULL,
  `created_by` bigint(20) DEFAULT NULL,
  `updated_by` bigint(20) DEFAULT NULL,
  `deleted_by` bigint(20) DEFAULT NULL,
  PRIMARY KEY (`id`),
  KEY `tr_invoices_id_index` (`id`),
  KEY `tr_invoices_sales_id_index` (`sales_id`),
  KEY `tr_invoices_number_index` (`number`),
  KEY `tr_invoices_date_index` (`date`),
  KEY `tr_invoices_due_termin_index` (`due_termin`),
  KEY `tr_invoices_due_date_index` (`due_date`),
  KEY `tr_invoices_approved_at_index` (`approved_at`),
  KEY `tr_invoices_approved_by_index` (`approved_by`),
  KEY `tr_invoices_is_receive_index` (`is_receive`),
  KEY `tr_invoices_is_status_index` (`is_status`),
  KEY `tr_invoices_created_by_index` (`created_by`),
  KEY `tr_invoices_is_posting_index` (`is_posting`)
) ENGINE=InnoDB AUTO_INCREMENT=88 DEFAULT CHARSET=utf8mb4 COLLATE=utf8mb4_unicode_ci ROW_FORMAT=DYNAMIC;
/*!40101 SET character_set_client = @saved_cs_client */;

--
-- Dumping data for table `tr_invoices`
--

LOCK TABLES `tr_invoices` WRITE;
/*!40000 ALTER TABLE `tr_invoices` DISABLE KEYS */;
INSERT INTO `tr_invoices` VALUES
(1,67,'INV/ESB/22025/0001','2025-02-01',0,'2025-02-01',NULL,5549550.00,1.00,5087087.00,0.00,0.00,12.00,610450.00,6160000.00,6160000.00,0.00,'2025-02-16 14:55:21',6,'0',1,1,'2025-02-05 11:53:01','2025-02-19 10:51:18',NULL,5,5,NULL),
(3,60,'INV/ESB/22025/0003','2025-02-01',0,'2025-02-01',NULL,4909910.00,1.00,4500750.00,0.00,0.00,12.00,540090.00,5450000.00,5450000.00,0.00,'2025-02-16 15:21:47',6,'0',1,1,'2025-02-05 13:09:29','2025-03-03 16:55:22',NULL,5,5,NULL),
(4,62,'INV/ESB/22025/0004','2025-02-03',0,'2025-02-03',NULL,10162163.00,1.00,9315316.00,0.00,0.00,12.00,1117837.00,11280000.00,11280000.00,0.00,'2025-03-15 14:39:21',3,'0',1,1,'2025-02-05 13:18:00','2025-03-17 14:11:59',NULL,5,5,NULL),
(5,69,'INV/ESB/22025/0005','2025-02-03',0,'2025-02-03',NULL,1657658.00,1.00,1519519.00,0.00,0.00,12.00,182342.00,1840000.00,1840000.00,0.00,'2025-03-15 14:36:56',3,'0',1,1,'2025-02-05 14:15:07','2025-03-17 14:09:56',NULL,5,5,NULL),
(6,73,'INV/ESB/22025/0006','2025-02-04',0,'2025-02-04',NULL,7252253.00,1.00,6647898.00,0.00,0.00,12.00,797747.00,8050000.00,8050000.00,0.00,'2025-02-16 15:46:04',6,'0',1,1,'2025-02-05 14:16:51','2025-03-03 16:51:55',NULL,5,5,NULL),
(7,70,'INV/ESB/22025/0007','2025-02-04',0,'2025-02-04',NULL,4909910.00,1.00,4500750.00,0.00,0.00,12.00,540090.00,5450000.00,5450000.00,0.00,'2025-02-16 15:51:52',6,'0',1,1,'2025-02-05 14:25:14','2025-03-03 16:53:29',NULL,5,5,NULL),
(8,24,'INV/ESB/32025/0010','2025-03-12',0,'2025-02-04',NULL,62625226.00,1.00,57406457.00,0.00,0.00,12.00,6888774.00,69514000.00,69514000.00,0.00,'2025-03-31 00:38:50',6,'0',1,1,'2025-03-12 16:55:24','2025-04-11 14:19:42',NULL,5,5,NULL),
(9,22,'INV/ESB/32025/0011','2025-03-12',0,'2025-02-04',NULL,37626127.00,1.00,34490616.00,0.00,0.00,12.00,4138873.00,41765000.00,41765000.00,0.00,'2025-03-31 00:40:48',6,'0',1,1,'2025-03-12 16:55:24','2025-04-11 15:35:32',NULL,5,5,NULL),
(10,74,'INV/ESB/22025/0010','2025-02-07',0,'2025-02-07',NULL,747748.00,1.00,685435.00,100000.00,0.00,12.00,82252.00,930000.00,930000.00,0.00,'2025-02-25 07:18:42',6,'0',1,1,'2025-02-07 13:04:32','2025-03-05 13:41:35',NULL,5,5,NULL),
(11,83,'INV/ESB/22025/0011','2025-02-07',0,'2025-02-07',NULL,12500001.00,1.00,11458334.00,0.00,0.00,12.00,1375000.00,13875001.00,13875001.00,0.00,'2025-02-16 16:01:40',6,'0',1,1,'2025-02-07 13:41:39','2025-03-03 16:50:29',NULL,5,5,NULL),
(12,84,'INV/ESB/22025/0012','2025-02-07',0,'2025-02-07',NULL,1657658.00,1.00,1519519.00,0.00,0.00,12.00,182342.00,1840000.00,1840000.00,0.00,'2025-03-15 14:40:49',3,'0',1,1,'2025-02-07 13:46:09','2025-03-17 14:08:49',NULL,5,5,NULL),
(13,85,'INV/ESB/22025/0013','2025-02-07',0,'2025-02-07',NULL,1657658.00,1.00,1519519.00,0.00,0.00,12.00,182342.00,1840000.00,1840000.00,0.00,'2025-03-15 14:41:36',3,'0',1,1,'2025-02-07 13:48:25','2025-03-17 14:07:55',NULL,5,5,NULL),
(14,35,'INV/ESB/12025/0021','2025-01-22',30,'2025-02-21',NULL,7490991.00,0.00,0.00,0.00,0.00,11.00,824009.00,8315000.00,8315000.00,0.00,'2025-02-16 17:05:19',6,'0',1,1,'2025-01-22 22:39:10','2025-03-05 13:54:55',NULL,6,5,NULL),
(15,27,'INV/ESB/12025/0019','2025-01-16',30,'2025-02-15',NULL,5352253.00,0.00,0.00,0.00,0.00,11.00,588747.00,5941000.00,5941000.00,0.00,'2025-02-16 17:22:29',6,'0',1,1,'2025-01-16 22:46:38','2025-03-05 15:33:53',NULL,6,5,NULL),
(16,21,'INV/ESB/12025/0009','2025-01-11',0,'2025-01-11',NULL,4391892.00,1.00,4025901.00,0.00,0.00,12.00,483108.00,4875000.00,4875000.00,0.00,'2025-02-16 18:11:48',6,'0',1,1,'2025-01-11 22:46:38','2025-03-05 15:37:12',NULL,6,5,NULL),
(17,39,'INV/ESB/12025/0036','2025-01-30',0,'2025-01-30',NULL,2603604.00,0.00,0.00,396000.00,0.00,11.00,286396.00,3286000.00,3286000.00,0.00,'2025-02-16 18:15:17',6,'0',1,1,'2025-01-30 22:46:38','2025-02-19 15:33:46',NULL,6,5,NULL),
(18,33,'INV/ESB/12025/0018','2025-01-18',30,'2025-02-17',NULL,18093244.00,0.00,0.00,0.00,0.00,11.00,1990256.00,20083500.00,20083500.00,0.00,'2025-02-16 18:27:04',6,'0',1,1,'2025-01-18 22:46:38','2025-03-05 15:26:37',NULL,6,5,NULL),
(19,40,'INV/ESB/12025/0027','2025-01-27',0,'2025-01-27',NULL,3140541.00,0.00,0.00,100000.00,0.00,11.00,345459.00,3586000.00,3586000.00,0.00,'2025-02-16 18:30:39',6,'0',1,1,'2025-01-22 22:46:38','2025-03-05 13:47:57',NULL,6,5,NULL),
(20,12,'INV/ESB/12025/0006','2025-01-08',0,'2025-01-08',NULL,1414415.00,1.00,1296547.00,0.00,0.00,12.00,155585.00,1570000.00,1570000.00,0.00,'2025-02-16 16:39:15',6,'0',1,1,'2025-01-08 22:46:38','2025-03-03 16:42:46',NULL,6,5,NULL),
(21,2,'INV/ESB/12025/0004','2025-01-03',0,'2025-01-03',NULL,23459460.00,1.00,21504505.00,100000.00,0.00,12.00,2580540.00,26140000.00,26240000.00,-100000.00,'2025-02-16 16:45:28',6,'0',1,1,'2025-01-03 22:46:38','2025-02-18 22:05:01',NULL,6,3,NULL),
(22,41,'INV/ESB/12025/0028','2025-01-22',0,'2025-01-22',NULL,9405406.00,0.00,0.00,0.00,0.00,11.00,1034594.00,10440000.00,10440000.00,0.00,'2025-02-16 16:48:20',6,'0',1,1,'2025-01-22 22:46:38','2025-03-05 13:49:29',NULL,6,5,NULL),
(23,16,'INV/ESB/12025/0024','2025-01-14',0,'2025-01-14',NULL,10135136.00,0.00,0.00,0.00,0.00,11.00,1114864.00,11250000.00,11250000.00,0.00,'2025-02-16 16:54:59',6,'0',1,1,'2025-01-14 22:46:38','2025-03-05 15:38:46',NULL,6,5,NULL),
(24,31,'INV/ESB/12025/0017','2025-01-18',0,'2025-01-18',NULL,8108109.00,0.00,0.00,0.00,0.00,11.00,891891.00,9000000.00,9000000.00,0.00,'2025-02-16 16:59:12',6,'0',1,1,'2025-01-18 22:46:38','2025-03-05 15:28:39',NULL,6,5,NULL),
(25,38,'INV/ESB/12025/0034','2025-01-22',0,'2025-01-22',NULL,13261262.00,0.00,0.00,0.00,0.00,11.00,1458738.00,14720000.00,14720000.00,0.00,'2025-03-15 15:29:05',3,'0',1,1,'2025-01-22 22:46:38','2025-03-17 14:17:04',NULL,6,5,NULL),
(26,36,'INV/ESB/12025/0033','2025-01-22',0,'2025-01-22',NULL,10162163.00,0.00,0.00,0.00,0.00,11.00,1117837.00,11280000.00,11280000.00,0.00,'2025-03-15 15:28:30',3,'0',1,1,'2025-01-22 22:46:38','2025-03-17 14:18:29',NULL,6,5,NULL),
(27,34,'INV/ESB/12025/0020','2025-01-21',0,'2025-01-21',NULL,10162163.00,0.00,0.00,0.00,0.00,11.00,1117837.00,11280000.00,11280000.00,0.00,'2025-03-15 15:20:51',3,'0',1,1,'2025-01-21 22:46:38','2025-03-17 14:19:52',NULL,6,5,NULL),
(28,6,'INV/ESB/12025/0003','2025-01-07',0,'2025-01-07',NULL,10162163.00,1.00,9315316.00,0.00,0.00,12.00,1117837.00,11280000.00,11280000.00,0.00,'2025-03-15 15:09:52',3,'0',1,1,'2025-01-07 22:46:38','2025-03-17 14:20:59',NULL,6,5,NULL),
(29,14,'INV/ESB/12025/0008','2025-01-10',0,'2025-01-10',NULL,191892.00,1.00,175901.00,150000.00,0.00,12.00,21108.00,363000.00,363000.00,0.00,'2025-02-16 16:20:46',6,'0',1,1,'2025-01-10 22:46:38','2025-03-03 16:44:29',NULL,6,5,NULL),
(30,88,'INV/ESB/22025/0016','2025-02-11',30,'2025-03-13',NULL,6141442.00,1.00,5629655.00,0.00,0.00,12.00,675558.00,6817000.00,6917001.00,0.00,'2025-03-15 14:51:35',3,'0',1,1,'2025-02-14 21:21:12','2025-03-17 14:04:39',NULL,6,5,NULL),
(31,89,'INV/ESB/22025/0014','2025-02-11',0,'2025-02-11',NULL,6175676.00,1.00,5661036.00,0.00,0.00,12.00,679324.00,6855000.00,6855000.00,0.00,'2025-02-16 16:11:56',6,'0',1,1,'2025-02-16 16:03:41','2025-02-19 15:02:26',NULL,6,5,NULL),
(32,59,'INV/ESB/22025/0002','2025-02-01',30,'2025-03-03',NULL,17920000.00,1.00,16426666.00,0.00,0.00,12.00,1971199.00,19891199.00,19891199.00,0.00,'2025-02-16 19:10:42',6,'0',1,1,'2025-02-16 19:07:35','2025-03-17 14:13:22',NULL,6,5,NULL),
(33,97,'INV/ESB/22025/0017','2025-02-13',0,'2025-02-13',NULL,26129337.00,1.00,23951892.00,0.00,0.00,12.00,2874227.00,29003564.00,29003564.00,0.00,'2025-02-17 23:28:14',6,'0',1,1,'2025-02-17 23:17:54','2025-03-25 16:04:11',NULL,6,5,NULL),
(34,75,'INV/ESB/22025/0018','2025-02-15',0,'2025-02-15',NULL,16195172.00,1.00,14845574.00,0.00,0.00,12.00,1781468.00,17976640.00,17976640.00,0.00,'2025-02-17 23:45:44',6,'0',1,1,'2025-02-17 23:34:08','2025-02-23 10:49:30',NULL,6,5,NULL),
(35,92,'INV/ESB/22025/0019','2025-02-15',0,'2025-02-15',NULL,10162163.00,1.00,9315316.00,0.00,0.00,12.00,1117837.00,11280000.00,11280000.00,0.00,'2025-02-17 23:56:32',6,'0',1,1,'2025-02-17 23:49:57','2025-02-19 15:38:18',NULL,6,5,NULL),
(36,94,'INV/ESB/22025/0020','2025-02-17',0,'2025-02-17',NULL,1902000.00,1.00,1743500.00,0.00,0.00,12.00,209220.00,2111220.00,2111220.00,0.00,'2025-02-18 00:04:40',6,'0',1,1,'2025-02-17 23:59:01','2025-02-19 15:28:30',NULL,6,5,NULL),
(37,96,'INV/ESB/22025/0021','2025-02-17',0,'2025-02-17',NULL,899325.00,1.00,824381.00,0.00,0.00,12.00,98925.00,998250.00,998250.00,0.00,'2025-02-18 00:17:07',6,'0',1,1,'2025-02-18 00:08:18','2025-02-19 14:58:59',NULL,6,5,NULL),
(38,95,'INV/ESB/22025/0022','2025-01-06',0,'2025-01-06',NULL,1986487.00,1.00,1820946.00,100000.00,0.00,12.00,218513.00,2305000.00,2305000.00,0.00,'2025-02-18 00:31:37',6,'0',1,1,'2025-01-06 22:13:17','2025-01-06 22:13:17',NULL,6,5,NULL),
(39,3,'INV/ESB/12025/0022','2025-01-06',0,'2025-01-06',NULL,6148649.00,1.00,5636261.00,0.00,0.00,12.00,676351.00,6825000.00,6825000.00,0.00,'2025-03-15 15:23:14',3,'0',1,1,'2025-01-06 22:13:17','2025-03-17 14:22:23',NULL,3,5,NULL),
(40,93,'INV/ESB/22025/0023','2025-02-14',0,'2025-02-14','CASH BEFORE DELIVERY',31401081.00,1.00,28784324.00,0.00,0.00,12.00,3454118.00,34855199.00,34855199.00,0.00,'2025-02-18 22:19:51',3,'0',1,1,'2025-02-18 22:16:38','2025-02-18 22:23:26',NULL,3,3,NULL),
(41,98,'INV/ESB/22025/0024','2025-02-19',0,'2025-02-19',NULL,1657658.00,1.00,1519519.00,0.00,0.00,12.00,182342.00,1840000.00,1840000.00,0.00,'2025-02-19 23:52:14',6,'0',1,1,'2025-02-19 23:45:43','2025-02-23 10:44:29',NULL,6,5,NULL),
(42,90,'INV/ESB/22025/0025','2025-02-19',0,'2025-02-19',NULL,13823040.00,1.00,12671120.00,0.00,0.00,12.00,1520534.00,15343574.00,15343574.00,0.00,'2025-02-23 15:20:07',6,'0',1,1,'2025-02-23 15:12:56','2025-03-03 16:48:50',NULL,6,5,NULL),
(43,100,'INV/ESB/22025/0026','2025-02-20',0,'2025-02-20',NULL,26711352.00,1.00,24485406.00,0.00,0.00,12.00,2938248.00,29649600.00,29649600.00,0.00,'2025-02-23 15:33:17',6,'0',1,1,'2025-02-23 15:24:54','2025-03-05 11:26:16',NULL,6,5,NULL),
(44,105,'INV/ESB/22025/0027','2025-01-07',0,'2025-02-22',NULL,694550.00,1.00,636670.00,0.00,0.00,12.00,76400.00,770950.00,770950.00,0.00,'2025-02-23 16:23:28',6,'0',1,1,'2025-01-07 16:55:24','2025-03-07 11:08:29',NULL,6,6,NULL),
(45,101,'INV/ESB/22025/0028','2025-02-22',0,'2025-02-22',NULL,572832.00,1.00,525096.00,0.00,0.00,12.00,63011.00,635843.00,635843.00,0.00,'2025-02-23 16:35:25',6,'0',1,1,'2025-02-23 16:25:01','2025-03-05 11:29:38',NULL,6,5,NULL),
(46,8,'INV/ESB/12025/0001','2025-01-07',0,'2025-01-07',NULL,2522523.00,1.00,2312312.00,0.00,0.00,12.00,277477.00,2800000.00,2800000.00,0.00,'2025-03-18 22:48:57',6,'0',1,1,'2025-01-07 16:55:24','2025-03-19 13:43:27',NULL,6,5,NULL),
(47,8,'INV/ESB/22025/0028','2025-01-07',0,'2025-01-07',NULL,2522523.00,1.00,2312312.00,0.00,0.00,12.00,277477.00,2800000.00,0.00,2800000.00,NULL,NULL,'0',0,1,'2025-02-23 17:17:06','2025-02-23 17:17:06',NULL,6,6,NULL),
(48,9,'INV/ESB/12025/0002','2025-01-08',0,'2025-01-08',NULL,12612613.00,1.00,11561561.00,0.00,0.00,12.00,1387387.00,14000000.00,14000000.00,0.00,'2025-03-18 22:45:42',6,'0',1,1,'2025-01-08 16:55:24','2025-03-19 13:46:27',NULL,6,5,NULL),
(49,25,'INV/ESB/12025/0005','2025-01-03',0,'2025-01-03',NULL,21702703.00,0.00,0.00,0.00,0.00,11.00,2387297.00,24090000.00,24090000.00,0.00,'2025-03-18 22:53:41',6,'0',1,1,'2025-01-03 16:55:24','2025-03-19 10:53:17',NULL,6,5,NULL),
(50,7,'INV/ESB/12025/0007','2025-01-08',0,'2025-01-08',NULL,9819820.00,1.00,9001501.00,0.00,0.00,12.00,1080180.00,10900000.00,10900000.00,0.00,'2025-03-18 22:46:17',6,'0',1,1,'2025-01-08 16:55:24','2025-03-19 13:48:01',NULL,6,5,NULL),
(51,5,'INV/ESB/12025/0010','2025-01-11',0,'2025-01-11',NULL,70200000.00,1.00,64350000.00,0.00,0.00,12.00,7722000.00,77922000.00,77922000.00,0.00,'2025-03-18 22:43:26',6,'0',1,1,'2025-01-11 16:55:24','2025-03-19 13:49:54',NULL,6,5,NULL),
(52,19,'INV/ESB/12025/0011','2025-01-13',0,'2025-01-13',NULL,4054055.00,1.00,3716217.00,0.00,0.00,12.00,445946.00,4500001.00,4500001.00,0.00,'2025-03-18 22:42:21',6,'0',1,1,'2025-01-13 16:55:24','2025-03-19 11:58:16',NULL,6,5,NULL),
(53,23,'INV/ESB/12025/0012','2025-01-13',0,'2025-01-13',NULL,2275676.00,0.00,0.00,0.00,0.00,11.00,250324.00,2526000.00,2526000.00,0.00,'2025-03-18 22:42:46',6,'0',1,1,'2025-01-13 16:55:24','2025-03-19 11:55:31',NULL,6,5,NULL),
(54,15,'INV/ESB/12025/0013','2025-01-10',0,'2025-01-10',NULL,11756757.00,1.00,10777027.00,0.00,0.00,12.00,1293243.00,13050000.00,13050000.00,0.00,'2025-03-18 22:44:58',6,'0',1,1,'2025-01-10 16:55:24','2025-03-19 13:32:15',NULL,6,5,NULL),
(55,29,'INV/ESB/12025/0014','2025-01-06',0,'2025-01-06',NULL,10412973.00,0.00,0.00,396000.00,0.00,11.00,1145427.00,11954400.00,11954400.00,0.00,'2025-03-18 22:52:40',6,'0',1,1,'2025-01-06 16:55:24','2025-03-19 11:34:25',NULL,6,5,NULL),
(56,28,'INV/ESB/12025/0015','2025-01-11',0,'2025-01-11',NULL,549550.00,0.00,0.00,0.00,0.00,11.00,60450.00,610000.00,610000.00,0.00,'2025-03-18 22:43:52',6,'0',1,1,'2025-01-11 16:55:24','2025-03-19 11:40:29',NULL,6,5,NULL),
(57,17,'INV/ESB/12025/0016','2025-01-15',30,'2025-02-14',NULL,15337500.00,1.00,14059375.00,0.00,0.00,12.00,1687125.00,17024625.00,17024625.00,0.00,'2025-03-18 22:41:05',6,'0',1,1,'2025-01-15 16:55:24','2025-03-19 13:35:37',NULL,6,5,NULL),
(58,20,'INV/ESB/12025/0023','2025-01-14',0,'2025-01-14',NULL,12801802.00,1.00,11734985.00,0.00,0.00,12.00,1408198.00,14210000.00,14210000.00,0.00,'2025-03-18 22:41:57',6,'0',1,1,'2025-01-14 16:55:24','2025-03-19 13:41:14',NULL,6,5,NULL),
(59,26,'INV/ESB/12025/0025','2025-01-15',0,'2025-01-15',NULL,9819820.00,0.00,0.00,0.00,0.00,11.00,1080180.00,10900000.00,10900000.00,0.00,'2025-03-18 22:41:33',6,'0',1,1,'2025-01-15 16:55:24','2025-03-19 11:49:35',NULL,6,5,NULL),
(60,30,'INV/ESB/12025/0026','2025-01-17',0,'2025-01-17',NULL,19009010.00,0.00,0.00,0.00,0.00,11.00,2090991.00,21100001.00,21100001.00,0.00,'2025-03-18 22:40:39',6,'0',1,1,'2025-01-17 16:55:24','2025-03-19 11:28:16',NULL,6,5,NULL),
(61,32,'INV/ESB/12025/0029','2025-01-23',0,'2025-01-23',NULL,2303604.00,0.00,0.00,150000.00,0.00,11.00,253396.00,2707000.00,2707000.00,0.00,'2025-03-18 22:38:52',6,'0',1,1,'2025-01-23 16:55:24','2025-03-19 11:26:13',NULL,6,5,NULL),
(62,42,'INV/ESB/12025/0030','2025-01-23',0,'2025-01-23',NULL,5000000.00,0.00,0.00,0.00,0.00,11.00,550000.00,5550000.00,5550000.00,0.00,'2025-03-18 22:39:32',6,'0',1,1,'2025-01-23 16:55:24','2025-03-19 11:11:36',NULL,6,5,NULL),
(63,43,'INV/ESB/12025/0035','2025-01-22',0,'2025-01-22',NULL,3242255.00,0.00,0.00,0.00,0.00,11.00,356648.00,3598903.00,3598903.00,0.00,'2025-03-18 22:39:58',6,'0',1,1,'2025-01-22 16:55:24','2025-03-19 11:22:48',NULL,6,5,NULL),
(64,108,'INV/ESB/32025/0001','2025-03-01',0,'2025-03-01',NULL,10162163.00,1.00,9315316.00,0.00,0.00,12.00,1117837.00,11280000.00,11280000.00,0.00,'2025-03-02 23:21:13',3,'0',1,1,'2025-03-02 23:12:16','2025-03-05 10:45:26',NULL,3,5,NULL),
(65,110,'INV/ESB/32025/0002','2025-03-01',0,'2025-03-01',NULL,1657658.00,1.00,1519519.00,0.00,0.00,12.00,182342.00,1840000.00,1840000.00,0.00,'2025-03-02 23:28:55',3,'0',1,1,'2025-03-02 23:23:49','2025-03-05 10:42:52',NULL,3,5,NULL),
(66,109,'INV/ESB/32025/0003','2025-03-01',0,'2025-03-01',NULL,3009730.00,1.00,2758919.00,100000.00,0.00,12.00,331070.00,3440800.00,3440800.00,0.00,'2025-03-02 23:36:18',3,'0',1,1,'2025-03-02 23:30:40','2025-03-05 10:44:12',NULL,3,5,NULL),
(67,111,'INV/ESB/32025/0004','2025-03-05',0,'2025-03-05',NULL,1148649.00,1.00,1052928.00,0.00,0.00,12.00,126351.00,1275000.00,1275000.00,0.00,'2025-03-12 22:13:30',6,'0',1,1,'2025-03-10 10:49:14','2025-03-13 10:13:48',NULL,5,5,NULL),
(68,112,'INV/ESB/32025/0005','2025-03-05',0,'2025-03-05',NULL,14508109.00,1.00,13299099.00,0.00,0.00,12.00,1595891.00,16104000.00,16104000.00,0.00,'2025-03-12 22:26:15',6,'0',1,1,'2025-03-10 10:49:54','2025-03-13 10:15:15',NULL,5,5,NULL),
(69,117,'INV/ESB/32025/0006','2025-03-12',0,'2025-03-12',NULL,1657658.00,1.00,1519519.00,0.00,0.00,12.00,182342.00,1840000.00,1840000.00,0.00,'2025-03-12 21:04:46',6,'0',1,1,'2025-03-12 14:46:49','2025-03-13 10:11:30',NULL,5,5,NULL),
(70,87,'INV/ESB/22025/0015','2025-02-11',30,'2025-03-13',NULL,495496.00,1.00,454204.00,0.00,0.00,12.00,54504.00,550000.00,550000.00,0.00,'2025-03-19 22:23:40',6,'0',1,1,'2025-03-15 14:49:10','2025-03-20 09:19:18',NULL,3,5,NULL),
(71,120,'INV/ESB/32025/0007','2025-03-15',0,'2025-03-15',NULL,1657658.00,1.00,1519519.00,0.00,0.00,12.00,182342.00,1840000.00,1840000.00,0.00,'2025-03-16 16:30:59',6,'0',1,1,'2025-03-16 16:23:16','2025-03-17 13:56:52',NULL,5,5,NULL),
(72,121,'INV/ESB/32025/0008','2025-03-15',0,'2025-03-15',NULL,3315316.00,1.00,3039039.00,0.00,0.00,12.00,364684.00,3680000.00,3680000.00,0.00,'2025-03-16 16:47:35',6,'0',1,1,'2025-03-16 16:35:39','2025-03-17 13:58:26',NULL,6,5,NULL),
(73,99,'INV/ESB/32025/0009','2025-03-10',0,'2025-02-10',NULL,20460400.00,1.00,18755366.00,0.00,0.00,12.00,2250643.00,22711043.00,22711043.00,0.00,'2025-03-18 22:35:13',6,'0',1,1,'2025-03-18 21:54:56','2025-03-19 11:02:32',NULL,6,5,NULL),
(74,116,'INV/ESB/32025/0012','2025-03-11',0,'2025-03-11',NULL,3541622.00,1.00,3246486.00,0.00,0.00,12.00,389578.00,3931200.00,3931200.00,0.00,'2025-03-31 00:43:03',6,'0',1,1,'2025-03-31 00:42:27','2025-04-10 11:37:45',NULL,6,5,NULL),
(75,115,'INV/ESB/32025/0013','2025-03-11',0,'2025-03-11',NULL,4576351.00,1.00,4194988.00,0.00,0.00,12.00,503398.00,5079749.00,5079749.00,0.00,'2025-03-31 00:55:14',6,'0',1,1,'2025-03-31 00:44:02','2025-04-10 11:39:28',NULL,6,5,NULL),
(76,124,'INV/ESB/32025/0014','2025-03-22',0,'2025-03-22',NULL,10975140.00,1.00,10060545.00,0.00,0.00,12.00,1207265.00,12182405.00,12182405.00,0.00,'2025-03-31 00:56:09',6,'0',1,1,'2025-03-31 00:44:59','2025-04-10 11:34:19',NULL,6,5,NULL),
(77,126,'INV/ESB/32025/0016','2025-03-26',0,'2025-03-26',NULL,78680000.00,1.00,72123333.00,0.00,0.00,12.00,8654799.00,87334799.00,87334799.00,0.00,'2025-03-31 00:46:55',6,'0',1,1,'2025-03-31 00:46:22','2025-04-10 11:15:41',NULL,6,5,NULL),
(78,127,'INV/ESB/32025/0015','2025-03-25',0,'2025-03-25',NULL,26950451.00,1.00,24704580.00,0.00,0.00,12.00,2964549.00,29915000.00,29915000.00,0.00,'2025-03-31 00:48:32',6,'0',1,1,'2025-03-31 00:48:04','2025-04-10 11:13:18',NULL,6,5,NULL),
(79,129,'INV/ESB/42025/0001','2025-04-10',0,'2025-04-10',NULL,23623784.00,1.00,21655135.00,0.00,0.00,12.00,2598616.00,26222400.00,26222400.00,0.00,'2025-04-10 22:26:25',6,'0',1,1,'2025-04-10 22:18:22','2025-04-11 16:31:35',NULL,6,5,NULL),
(80,119,'INV/ESB/42025/0002','2025-03-07',0,'2025-03-07','Barang dikirim tanggal 14 Maret 2025',17638289.00,1.00,16168431.00,0.00,0.00,12.00,1940211.00,19578500.00,19578500.00,0.00,'2025-04-12 21:53:45',6,'0',1,1,'2025-04-12 20:28:03','2025-04-14 15:48:54',NULL,6,5,NULL),
(81,132,'INV/ESB/42025/0003','2025-04-11',30,'2025-05-11','DP 50%',36884685.00,1.00,33810961.00,0.00,0.00,12.00,4057315.00,40942000.00,0.00,40942000.00,'2025-04-16 22:20:45',6,'0',0,1,'2025-04-16 20:47:10','2025-04-16 22:20:45',NULL,6,6,NULL),
(82,135,'INV/ESB/42025/0004','2025-04-15',0,'2025-04-15',NULL,7819820.00,1.00,7168168.00,0.00,0.00,12.00,860180.00,8680000.00,8680000.00,0.00,'2025-04-16 20:59:14',6,'0',1,1,'2025-04-16 20:49:44','2025-04-17 14:07:46',NULL,6,5,NULL),
(83,136,'INV/ESB/42025/0005','2025-04-15',0,'2025-04-15',NULL,1657658.00,1.00,1519519.00,0.00,0.00,12.00,182342.00,1840000.00,1840000.00,0.00,'2025-04-16 21:12:00',6,'0',1,1,'2025-04-16 21:02:41','2025-04-17 14:06:36',NULL,6,5,NULL),
(84,134,'INV/ESB/42025/0006','2025-04-16',0,'2025-04-16',NULL,43059893.00,1.00,39471568.00,0.00,0.00,12.00,4736588.00,47796481.00,47796481.00,0.00,'2025-04-16 21:22:26',6,'0',1,1,'2025-04-16 21:16:25','2025-04-17 14:09:19',NULL,6,5,NULL),
(85,137,'INV/ESB/42025/0007','2025-04-17',0,'2025-04-17',NULL,2990992.00,1.00,2741742.00,50000.00,0.00,12.00,329009.00,3370001.00,3370001.00,0.00,'2025-04-21 20:53:23',6,'0',1,1,'2025-04-21 20:08:31','2025-04-22 09:21:57',NULL,5,6,NULL),
(86,131,'INV/ESB/42025/0008','2025-04-19',0,'2025-04-19',NULL,5000000.00,1.00,4583333.00,0.00,0.00,12.00,549999.00,5549999.00,5549999.00,0.00,'2025-04-21 21:00:55',6,'0',1,1,'2025-04-21 20:11:19','2025-04-22 09:25:54',NULL,5,6,NULL),
(87,133,'INV/ESB/42025/0009','2025-04-20',0,'2025-04-20',NULL,47247600.00,1.00,43310300.00,0.00,0.00,12.00,5197236.00,52444836.00,52444836.00,0.00,'2025-04-22 22:18:55',6,'0',1,1,'2025-04-21 20:17:59','2025-04-23 13:30:55',NULL,5,5,NULL);
/*!40000 ALTER TABLE `tr_invoices` ENABLE KEYS */;
UNLOCK TABLES;

--
-- Table structure for table `tr_invoices_nons`
--

DROP TABLE IF EXISTS `tr_invoices_nons`;
/*!40101 SET @saved_cs_client     = @@character_set_client */;
/*!40101 SET character_set_client = utf8mb4 */;
CREATE TABLE `tr_invoices_nons` (
  `id` bigint(20) unsigned NOT NULL AUTO_INCREMENT,
  `sales_non_id` bigint(20) NOT NULL,
  `number` varchar(50) NOT NULL,
  `date` date NOT NULL,
  `due_termin` int(11) NOT NULL COMMENT 'in days',
  `due_date` date NOT NULL,
  `notes` text DEFAULT NULL,
  `subtotal` decimal(18,2) NOT NULL DEFAULT 0.00,
  `delivery_fee` decimal(18,2) NOT NULL DEFAULT 0.00,
  `discount` decimal(18,2) NOT NULL DEFAULT 0.00,
  `total` decimal(18,2) NOT NULL DEFAULT 0.00,
  `payment` decimal(18,2) NOT NULL DEFAULT 0.00,
  `rest` decimal(18,2) NOT NULL DEFAULT 0.00,
  `approved_at` timestamp NULL DEFAULT NULL,
  `approved_by` bigint(20) DEFAULT NULL,
  `is_posting` varchar(1) NOT NULL DEFAULT '0',
  `is_receive` tinyint(4) NOT NULL DEFAULT 0,
  `is_status` tinyint(4) NOT NULL DEFAULT 1,
  `created_at` timestamp NULL DEFAULT NULL,
  `updated_at` timestamp NULL DEFAULT NULL,
  `deleted_at` timestamp NULL DEFAULT NULL,
  `created_by` bigint(20) DEFAULT NULL,
  `updated_by` bigint(20) DEFAULT NULL,
  `deleted_by` bigint(20) DEFAULT NULL,
  PRIMARY KEY (`id`),
  KEY `tr_invoices_nons_id_index` (`id`),
  KEY `tr_invoices_nons_sales_non_id_index` (`sales_non_id`),
  KEY `tr_invoices_nons_number_index` (`number`),
  KEY `tr_invoices_nons_date_index` (`date`),
  KEY `tr_invoices_nons_due_termin_index` (`due_termin`),
  KEY `tr_invoices_nons_due_date_index` (`due_date`),
  KEY `tr_invoices_nons_approved_at_index` (`approved_at`),
  KEY `tr_invoices_nons_approved_by_index` (`approved_by`),
  KEY `tr_invoices_nons_is_receive_index` (`is_receive`),
  KEY `tr_invoices_nons_is_status_index` (`is_status`),
  KEY `tr_invoices_nons_created_by_index` (`created_by`),
  KEY `tr_invoices_nons_is_posting_index` (`is_posting`)
) ENGINE=InnoDB AUTO_INCREMENT=28 DEFAULT CHARSET=utf8mb4 COLLATE=utf8mb4_unicode_ci ROW_FORMAT=DYNAMIC;
/*!40101 SET character_set_client = @saved_cs_client */;

--
-- Dumping data for table `tr_invoices_nons`
--

LOCK TABLES `tr_invoices_nons` WRITE;
/*!40000 ALTER TABLE `tr_invoices_nons` DISABLE KEYS */;
INSERT INTO `tr_invoices_nons` VALUES
(1,22,'INV/ESB-N/22025/0001','2025-02-11',14,'2025-02-25',NULL,5418000.00,0.00,0.00,5418000.00,5418000.00,0.00,'2025-03-03 23:35:01',3,'0',1,1,'2025-02-28 13:37:55','2025-04-15 11:38:55',NULL,5,5,NULL),
(2,25,'INV/ESB-N/22025/0002','2025-02-15',0,'2025-02-15',NULL,11680000.00,0.00,0.00,11680000.00,11680000.00,0.00,'2025-03-03 23:34:13',3,'0',1,1,'2025-02-28 14:01:28','2025-03-05 13:16:57',NULL,5,5,NULL),
(3,28,'INV/ESB-N/22025/0003','2025-02-16',30,'2025-03-18',NULL,35224500.00,0.00,0.00,35224500.00,35224500.00,0.00,'2025-03-03 23:32:35',3,'0',1,1,'2025-02-28 14:06:27','2025-04-17 14:21:46',NULL,5,5,NULL),
(4,26,'INV/ESB-N/22025/0004','2025-02-17',0,'2025-02-17',NULL,1818950.00,0.00,0.00,1818950.00,1818950.00,0.00,'2025-03-03 23:31:48',3,'0',1,1,'2025-02-28 14:08:47','2025-03-05 13:27:07',NULL,5,5,NULL),
(5,27,'INV/ESB-N/22025/0005','2025-02-18',0,'2025-02-18',NULL,2312500.00,0.00,0.00,2312500.00,2312500.00,0.00,'2025-03-03 23:31:23',3,'0',1,1,'2025-02-28 14:10:38','2025-03-05 13:11:39',NULL,5,5,NULL),
(6,34,'INV/ESB-N/22025/0006','2025-02-18',30,'2025-03-20',NULL,100028000.00,0.00,0.00,100028000.00,100028000.00,0.00,'2025-03-03 23:30:38',3,'0',1,1,'2025-02-28 14:13:23','2025-04-17 14:19:18',NULL,5,5,NULL),
(7,32,'INV/ESB-N/22025/0007','2025-02-20',0,'2025-02-20',NULL,5535360.00,0.00,0.00,5535360.00,5535360.00,0.00,'2025-03-03 23:29:55',3,'0',1,1,'2025-02-28 14:16:14','2025-03-05 11:39:14',NULL,5,5,NULL),
(8,36,'INV/ESB-N/22025/0008','2025-02-21',0,'2025-02-21',NULL,10964000.00,100000.00,0.00,11064000.00,11064000.00,0.00,'2025-03-03 23:29:01',3,'0',1,1,'2025-02-28 14:17:39','2025-03-05 11:20:16',NULL,5,5,NULL),
(9,40,'INV/ESB-N/22025/0009','2025-02-24',0,'2025-02-24',NULL,3700500.00,0.00,0.00,3700500.00,3700500.00,0.00,'2025-03-03 23:28:30',3,'0',1,1,'2025-02-28 14:18:56','2025-03-05 10:48:53',NULL,5,5,NULL),
(10,41,'INV/ESB-N/22025/0010','2025-02-25',0,'2025-02-25',NULL,1264000.00,150000.00,0.00,1414000.00,1414000.00,0.00,'2025-03-03 23:26:57',3,'0',1,1,'2025-02-28 14:20:06','2025-03-05 10:47:05',NULL,5,5,NULL),
(11,38,'INV/ESB-N/22025/0011','2025-02-27',0,'2025-02-27',NULL,22528000.00,396000.00,0.00,22924000.00,22924000.00,0.00,'2025-03-03 23:26:08',3,'0',1,1,'2025-02-28 14:21:16','2025-03-05 10:57:06',NULL,5,5,NULL),
(12,43,'INV/ESB-N/32025/0001','2025-03-05',0,'2025-03-05',NULL,740000.00,0.00,0.00,740000.00,740000.00,0.00,'2025-03-05 21:35:06',6,'0',1,1,'2025-03-05 21:34:46','2025-03-07 08:56:28',NULL,6,5,NULL),
(13,37,'INV/ESB-N/32025/0002','2025-03-03',0,'2025-02-03',NULL,4139400.00,100000.00,0.00,4239400.00,4239400.00,0.00,'2025-03-24 22:31:21',6,'0',1,1,'2025-03-10 10:32:55','2025-03-25 15:55:18',NULL,5,5,NULL),
(14,39,'INV/ESB-N/32025/0003','2025-03-03',0,'2025-03-03',NULL,6464000.00,0.00,0.00,6464000.00,6464000.00,0.00,'2025-03-24 22:32:28',6,'0',1,1,'2025-03-10 10:33:53','2025-03-25 16:02:08',NULL,5,5,NULL),
(15,45,'INV/ESB-N/32025/0004','2025-03-07',0,'2025-03-07',NULL,370000.00,0.00,0.00,370000.00,370000.00,0.00,'2025-03-24 22:30:03',6,'0',1,1,'2025-03-10 10:35:58','2025-03-25 15:51:02',NULL,5,5,NULL),
(16,44,'INV/ESB-N/32025/0005','2025-03-08',0,'2025-03-08','',3320000.00,100000.00,0.00,3420000.00,3420000.00,0.00,'2025-03-24 22:36:20',6,'0',1,1,'2025-03-10 10:38:22','2025-04-11 15:58:48',NULL,5,5,NULL),
(17,24,'INV/ESB-N/32025/0007','2025-03-21',0,'2025-03-21',NULL,12595200.00,200000.00,0.00,12795200.00,12795200.00,0.00,'2025-03-31 00:59:42',6,'0',1,1,'2025-03-31 00:58:54','2025-04-11 14:00:48',NULL,6,5,NULL),
(18,51,'INV/ESB-N/32025/0008','2025-03-22',0,'2025-03-22',NULL,8150400.00,0.00,0.00,8150400.00,8150400.00,0.00,'2025-03-31 01:01:24',6,'0',1,1,'2025-03-31 01:01:01','2025-04-11 16:10:28',NULL,6,5,NULL),
(19,53,'INV/ESB-N/42025/0001','2025-04-07',0,'2025-04-07','BARANG DI KIRIM BULAN MARET TGL 14-03-25',16530000.00,0.00,0.00,16530000.00,16530000.00,0.00,'2025-04-10 21:48:43',6,'0',1,1,'2025-04-10 21:47:47','2025-04-11 16:20:48',NULL,6,5,NULL),
(20,55,'INV/ESB-N/42025/0002','2025-04-10',0,'2025-04-10',NULL,11680000.00,0.00,0.00,11680000.00,11680000.00,0.00,'2025-04-16 07:44:32',6,'0',1,1,'2025-04-14 15:51:48','2025-04-16 08:54:11',NULL,5,6,NULL),
(21,59,'INV/ESB-N/42025/0003','2025-04-16',0,'2025-04-16',NULL,2852000.00,0.00,0.00,2852000.00,2852000.00,0.00,'2025-04-17 20:53:52',6,'0',1,1,'2025-04-17 11:10:13','2025-04-22 09:17:27',NULL,5,6,NULL),
(22,64,'INV/ESB-N/42025/0004','2025-04-07',0,'2025-04-07',NULL,43441000.00,0.00,0.00,43441000.00,43441000.00,0.00,'2025-04-22 08:31:41',6,'0',1,1,'2025-04-21 11:29:04','2025-04-22 09:14:09',NULL,5,6,NULL),
(23,56,'INV/ESB-N/42025/0005','2025-04-17',0,'2025-04-17',NULL,532000.00,50000.00,0.00,582000.00,582000.00,0.00,'2025-04-22 08:36:55',6,'0',1,1,'2025-04-21 19:58:58','2025-04-22 09:24:15',NULL,5,6,NULL),
(24,60,'INV/ESB-N/42025/0006','2025-04-17',0,'2025-04-17',NULL,2148000.00,0.00,0.00,2148000.00,2148000.00,0.00,'2025-04-22 08:39:32',6,'0',1,1,'2025-04-21 20:00:40','2025-04-22 09:19:15',NULL,5,6,NULL),
(25,58,'INV/ESB-N/42025/0007','2025-04-17',0,'2025-04-17',NULL,5907000.00,0.00,0.00,5907000.00,5907000.00,0.00,'2025-04-22 08:41:09',6,'0',1,1,'2025-04-21 20:01:59','2025-04-22 09:20:32',NULL,5,6,NULL),
(26,61,'INV/ESB-N/42025/0008','2025-04-19',0,'2025-04-19',NULL,16671000.00,0.00,0.00,16671000.00,16671000.00,0.00,'2025-04-22 08:42:40',6,'0',1,1,'2025-04-21 20:03:56','2025-04-22 09:15:41',NULL,5,6,NULL),
(27,57,'INV/ESB-N/42025/0009','2025-04-23',0,'2025-04-23',NULL,10512000.00,0.00,0.00,10512000.00,10512000.00,0.00,'2025-04-23 20:17:48',6,'0',1,1,'2025-04-23 16:10:07','2025-04-24 10:56:09',NULL,5,5,NULL);
/*!40000 ALTER TABLE `tr_invoices_nons` ENABLE KEYS */;
UNLOCK TABLES;

--
-- Table structure for table `tr_payments`
--

DROP TABLE IF EXISTS `tr_payments`;
/*!40101 SET @saved_cs_client     = @@character_set_client */;
/*!40101 SET character_set_client = utf8mb4 */;
CREATE TABLE `tr_payments` (
  `id` bigint(20) unsigned NOT NULL AUTO_INCREMENT,
  `purchase_id` bigint(20) NOT NULL,
  `purchase_type` varchar(1) NOT NULL COMMENT '1 = purchase, 2 = purchase non',
  `date` date NOT NULL,
  `payment_method_id` bigint(20) NOT NULL,
  `amount` decimal(18,2) NOT NULL DEFAULT 0.00,
  `notes` text DEFAULT NULL,
  `is_status` varchar(191) NOT NULL DEFAULT '1',
  `created_at` timestamp NULL DEFAULT NULL,
  `updated_at` timestamp NULL DEFAULT NULL,
  `created_by` bigint(20) DEFAULT NULL,
  `updated_by` bigint(20) DEFAULT NULL,
  PRIMARY KEY (`id`),
  KEY `tr_payments_id_index` (`id`),
  KEY `tr_payments_purchase_id_index` (`purchase_id`),
  KEY `tr_payments_purchase_type_index` (`purchase_type`),
  KEY `tr_payments_date_index` (`date`),
  KEY `tr_payments_payment_method_id_index` (`payment_method_id`),
  KEY `tr_payments_is_status_index` (`is_status`),
  KEY `tr_payments_created_by_index` (`created_by`)
) ENGINE=InnoDB AUTO_INCREMENT=178 DEFAULT CHARSET=utf8mb4 COLLATE=utf8mb4_unicode_ci ROW_FORMAT=DYNAMIC;
/*!40101 SET character_set_client = @saved_cs_client */;

--
-- Dumping data for table `tr_payments`
--

LOCK TABLES `tr_payments` WRITE;
/*!40000 ALTER TABLE `tr_payments` DISABLE KEYS */;
INSERT INTO `tr_payments` VALUES
(1,67,'1','2025-02-16',2,33372000.00,'Pembelian Bpk Gutomo','1','2025-02-16 01:32:38','2025-02-16 01:32:38',3,3),
(2,68,'1','2025-02-16',2,7800001.00,'Pembelian PT. Tripola','1','2025-02-16 01:33:15','2025-02-16 01:33:15',3,3),
(3,59,'2','2025-01-03',2,23430000.00,'SO/ESB/12025/0002','1','2025-02-18 21:59:31','2025-02-18 21:59:31',3,3),
(4,59,'1','2025-02-18',2,1111500.00,'SO/ESB/22025/0022','1','2025-02-18 22:46:18','2025-02-18 22:46:18',3,3),
(5,66,'1','2025-02-11',2,5495000.00,'PO/ESB/22025/0029','1','2025-02-18 22:54:27','2025-02-18 22:54:27',3,3),
(6,78,'1','2025-02-01',2,515001.00,'SO/ESB/12025/0067	','1','2025-02-19 13:49:43','2025-02-19 13:49:43',5,5),
(7,77,'1','2025-02-19',2,14963155.00,'SO/ESB/22025/0023 \n','1','2025-02-20 11:38:00','2025-02-20 11:38:00',5,5),
(8,54,'2','2025-02-13',2,10636000.00,'SO/ESB-N/22025/0003\n','1','2025-02-20 13:14:54','2025-02-20 13:14:54',5,5),
(9,49,'2','2025-02-12',2,374284.00,'SO/ESB/22025/0029','1','2025-02-20 13:32:08','2025-02-20 13:32:08',5,5),
(10,60,'1','2025-02-12',2,517715.00,'SO/ESB/22025/0029','1','2025-02-20 13:35:14','2025-02-20 13:35:14',5,5),
(11,33,'2','2025-02-10',2,4788000.00,'SO/ESB/12025/0064 ','1','2025-02-20 13:51:46','2025-02-20 13:51:46',5,5),
(12,51,'2','2025-02-04',2,5400000.00,'SO/ESB/12025/0060','1','2025-02-20 14:02:08','2025-02-20 14:02:08',5,5),
(13,46,'1','2025-02-04',2,420000.00,'SO/ESB/12025/0024','1','2025-02-20 14:04:08','2025-02-20 14:04:08',5,5),
(14,40,'2','2025-02-04',2,1440000.00,'SO/ESB/12025/0024','1','2025-02-20 14:09:46','2025-02-20 14:09:46',5,5),
(15,50,'1','2025-02-03',2,23445500.00,'SO/ESB/12025/0024','1','2025-02-20 14:18:11','2025-02-20 14:18:11',5,5),
(16,49,'1','2025-02-03',2,5433000.00,'SO/ESB/12025/0024','1','2025-02-20 14:20:12','2025-02-20 14:20:12',5,5),
(17,39,'1','2025-02-03',2,468696.00,'SO/ESB/12025/0024','1','2025-02-20 15:26:38','2025-02-20 15:26:38',5,5),
(18,47,'1','2025-02-03',2,8928000.00,'SO/ESB/12025/0022','1','2025-02-20 15:28:22','2025-02-20 15:28:22',5,5),
(19,36,'2','2025-02-03',2,2770000.00,'SO/ESB/12025/0022','1','2025-02-20 15:32:30','2025-02-20 15:32:30',5,5),
(20,43,'1','2025-02-03',2,360749.00,'SO/ESB/12025/0024','1','2025-02-20 15:34:29','2025-02-20 15:34:29',5,5),
(21,50,'2','2025-02-02',2,1800000.00,'SO/ESB/22025/0002','1','2025-02-20 15:43:27','2025-02-20 15:43:27',5,5),
(22,48,'1','2025-02-03',2,3750000.00,'SO/ESB/12025/0024','1','2025-02-20 15:45:28','2025-02-20 15:45:28',5,5),
(23,41,'1','2025-02-03',2,523320.00,'SO/ESB/12025/0024','1','2025-02-20 15:52:55','2025-02-20 15:52:55',5,5),
(24,54,'1','2025-02-05',2,1643132.00,'SO/ESB/12025/0053','1','2025-02-20 16:06:51','2025-02-20 16:06:51',5,5),
(25,70,'1','2025-02-05',2,16787816.00,'SO/ESB/22025/0008','1','2025-02-20 16:15:38','2025-02-20 16:15:38',5,5),
(26,56,'1','2025-02-06',2,350000.00,'SO/ESB/12025/0024','1','2025-02-20 16:17:26','2025-02-20 16:17:26',5,5),
(27,52,'2','2025-02-07',2,1775000.00,'SO/ESB/22025/0017','1','2025-02-20 16:21:58','2025-02-20 16:21:58',5,5),
(28,53,'2','2025-02-07',2,1775000.00,'SO/ESB/22025/0018','1','2025-02-20 16:22:54','2025-02-20 16:22:54',5,5),
(29,72,'1','2025-02-07',2,8100019.00,'SO/ESB/22025/0016','1','2025-02-20 16:38:25','2025-02-20 16:38:25',5,5),
(30,73,'1','2025-02-07',2,5175000.00,'SO/ESB/22025/0015','1','2025-02-20 16:44:35','2025-02-20 16:44:35',5,5),
(31,55,'2','2025-02-16',2,1725000.00,' SO/ESB/22025/0031','1','2025-02-20 16:52:36','2025-02-20 16:52:36',5,5),
(32,63,'1','2025-02-16',2,222022.00,'SO/ESB/22025/0027','1','2025-02-20 16:56:48','2025-02-20 16:56:48',5,5),
(33,69,'1','2025-02-04',2,10600056.00,'SO/ESB/22025/0009','1','2025-02-21 11:00:23','2025-02-21 11:00:23',5,5),
(34,71,'1','2025-02-05',2,10800033.00,'SO/ESB/22025/0011\n','1','2025-02-21 11:13:07','2025-02-21 11:13:07',5,5),
(35,35,'1','2025-01-30',2,5400000.00,'SO/ESB/12025/0060','1','2025-02-23 10:23:28','2025-02-23 10:23:28',5,5),
(36,48,'2','2025-01-31',2,4788000.00,'SO/ESB-N/22025/0001','1','2025-02-23 10:32:58','2025-02-23 10:32:58',5,5),
(37,1,'1','2025-01-03',2,10800033.00,'SO/ESB/12025/0066','1','2025-02-26 11:29:06','2025-02-26 11:29:06',5,5),
(38,2,'1','2025-01-04',2,6075002.00,'SO/ESB/12025/0003','1','2025-02-26 11:49:20','2025-02-26 11:49:20',5,5),
(39,4,'1','2025-01-07',2,7000000.00,'SO/ESB/12025/0054\nUNTUK PEMBAYARAN A/N BANGUNREKSA PERKASA','1','2025-02-26 13:10:54','2025-02-26 13:10:54',5,5),
(40,3,'1','2025-01-07',2,4730000.00,'SO/ESB/12025/0055 \nUNTUK PEMBAYARAN A/N BANGUNREKSA PERKASA','1','2025-02-26 13:15:34','2025-02-26 13:15:34',5,5),
(41,3,'2','2025-01-07',2,2600000.00,'SO/ESB/12025/0008','1','2025-02-26 13:20:03','2025-02-26 13:20:03',5,5),
(42,7,'1','2025-01-07',2,10600000.00,'SO/ESB/12025/0007','1','2025-02-26 13:57:04','2025-02-26 13:57:04',5,5),
(43,5,'1','2025-01-07',2,4250000.00,'SO/ESB/12025/0009','1','2025-02-26 13:59:22','2025-02-26 13:59:22',5,5),
(44,9,'1','2025-01-08',2,10800000.00,'SO/ESB/12025/0006','1','2025-02-26 14:04:30','2025-02-26 14:04:30',5,5),
(45,4,'2','2025-01-08',2,66150000.00,'SO/ESB/12025/0005\nPEMBAYARAN DI TF KE ELVIN ','1','2025-02-26 14:12:28','2025-02-26 14:12:28',5,5),
(46,6,'1','2025-01-09',2,7600000.00,'SO/ESB/12025/0009','1','2025-02-26 14:20:11','2025-02-26 14:20:11',5,5),
(47,6,'2','2025-01-09',2,110500.00,'SO/ESB/12025/0012','1','2025-02-26 14:26:02','2025-02-26 14:26:02',5,5),
(48,7,'2','2025-01-09',2,25000.00,'SO/ESB/12025/0012','1','2025-02-26 14:30:10','2025-02-26 14:30:10',5,5),
(49,11,'1','2025-01-09',2,452000.00,'SO/ESB/12025/0012','1','2025-02-26 14:32:15','2025-02-26 14:32:15',5,5),
(50,8,'2','2025-01-09',2,795000.00,'SO/ESB/12025/0012','1','2025-02-26 14:39:38','2025-02-26 14:39:38',5,5),
(51,10,'2','2025-01-10',2,8000.00,'SO/ESB/12025/0014','1','2025-02-26 14:43:50','2025-02-26 14:43:50',5,5),
(52,13,'1','2025-01-11',2,12450000.00,'SO/ESB/12025/0015','1','2025-02-26 14:53:00','2025-02-26 14:53:00',5,5),
(53,16,'1','2025-01-11',2,4260000.00,'SO/ESB/12025/0019','1','2025-02-26 14:56:05','2025-02-26 14:56:05',5,5),
(54,15,'1','2025-01-11',2,13300001.00,'SO/ESB/12025/0020','1','2025-02-26 15:05:12','2025-02-26 15:05:12',5,5),
(55,17,'1','2025-01-13',2,2430000.00,'SO/ESB/12025/0023','1','2025-02-26 15:07:00','2025-02-26 15:07:00',5,5),
(56,12,'2','2025-01-13',2,9129000.00,'SO/ESB/12025/0051','1','2025-02-26 15:10:07','2025-02-26 15:10:07',5,5),
(57,19,'1','2025-01-15',2,28049940.00,'SO/ESB-N/12025/0013','1','2025-02-26 15:22:42','2025-02-26 15:22:42',5,5),
(58,13,'2','2025-01-15',2,6609600.00,'SO/ESB/12025/0045','1','2025-02-26 16:23:26','2025-02-26 16:23:26',5,5),
(59,20,'1','2025-01-15',2,10600000.00,'SO/ESB/12025/0026','1','2025-02-26 16:29:25','2025-02-26 16:29:25',5,5),
(60,14,'2','2025-01-16',2,56000.00,'SO/ESB/12025/0027','1','2025-02-26 16:31:47','2025-02-26 16:31:47',5,5),
(61,16,'2','2025-01-16',2,2250000.00,'SO/ESB/12025/0050','1','2025-02-26 16:34:34','2025-02-26 16:34:34',5,5),
(62,22,'1','2025-01-16',2,510599.00,'SO/ESB/12025/0027','1','2025-02-26 16:36:19','2025-02-26 16:36:19',5,5),
(63,17,'2','2025-01-18',2,662000.00,'SO/ESB/12025/0033','1','2025-02-26 16:46:06','2025-02-26 16:46:06',5,5),
(64,23,'1','2025-01-18',2,2588000.00,'SO/ESB/12025/0033','1','2025-02-26 16:47:53','2025-02-26 16:47:53',5,5),
(65,19,'2','2025-01-20',2,197500.00,'SO/ESB/12025/0035','1','2025-02-27 13:17:08','2025-02-27 13:17:08',5,5),
(66,21,'2','2025-01-20',2,102000.00,'SO/ESB/12025/0035','1','2025-02-27 13:21:18','2025-02-27 13:21:18',5,5),
(67,20,'2','2025-01-20',2,50000.00,'SO/ESB/12025/0035','1','2025-02-27 13:22:55','2025-02-27 13:22:55',5,5),
(68,23,'2','2025-01-21',2,14400000.00,'SO/ESB/12025/0038','1','2025-02-27 13:34:31','2025-02-27 13:34:31',5,5),
(69,28,'1','2025-01-21',2,10800000.00,'SO/ESB/12025/0036','1','2025-02-27 13:47:45','2025-02-27 13:47:45',5,5),
(70,24,'2','2025-01-21',2,632280.00,'SO/ESB/12025/0032','1','2025-02-27 13:56:19','2025-02-27 13:56:19',5,5),
(71,29,'1','2025-01-21',2,826000.00,'SO/ESB/12025/0032','1','2025-02-27 13:58:48','2025-02-27 13:58:48',5,5),
(72,28,'2','2025-01-22',2,231000.00,'SO/ESB/12025/0040','1','2025-02-27 14:08:46','2025-02-27 14:08:46',5,5),
(73,29,'2','2025-01-22',2,558500.00,'SO/ESB/12025/0047','1','2025-02-27 14:15:15','2025-02-27 14:15:15',5,5),
(74,30,'1','2025-01-22',2,9960030.00,'SO/ESB/12025/0041','1','2025-02-27 14:17:59','2025-02-27 14:17:59',5,5),
(75,36,'1','2025-01-24',2,8495281.00,'SO/ESB/12025/0061','1','2025-02-27 14:50:36','2025-02-27 14:50:36',5,5),
(76,46,'2','2025-02-12',2,1700000.00,'SO/ESB/22025/0021','1','2025-02-27 16:19:41','2025-02-27 16:19:41',5,5),
(77,61,'1','2025-02-17',2,1741257.00,'SO/ESB-N/22025/0005','1','2025-02-27 16:33:25','2025-02-27 16:33:25',5,5),
(78,58,'2','2025-02-18',2,18262500.00,'SO/ESB-N/22025/0007','1','2025-02-27 16:52:26','2025-02-27 16:52:26',5,5),
(79,91,'1','2025-02-18',2,28013760.00,'SO/ESB/22025/0033','1','2025-03-03 15:06:07','2025-03-03 15:06:07',5,5),
(80,92,'1','2025-02-27',2,3156480.00,'SO/ESB/22025/0042','1','2025-03-03 15:07:56','2025-03-03 15:07:56',5,5),
(81,89,'1','2025-03-03',2,1245000.00,'SO/ESB/32025/0001','1','2025-03-05 15:55:22','2025-03-05 15:55:22',5,5),
(82,85,'1','2025-02-22',2,2301030.00,'SO/ESB-N/22025/0016','1','2025-03-05 16:15:02','2025-03-05 16:15:02',5,5),
(83,86,'1','2025-02-21',2,1681173.00,'SO/ESB-N/22025/0016','1','2025-03-05 16:24:28','2025-03-05 16:24:28',5,5),
(84,87,'1','2025-02-19',2,560102.00,'SO/ESB/22025/0034','1','2025-03-05 16:29:23','2025-03-05 16:29:23',5,5),
(85,82,'1','2025-02-21',2,5898100.00,'SO/ESB-N/22025/0015','1','2025-03-05 16:33:36','2025-03-05 16:33:36',5,5),
(86,61,'2','2025-02-21',2,77000.00,'SO/ESB-N/22025/0015','1','2025-03-05 16:35:12','2025-03-05 16:35:12',5,5),
(87,60,'2','2025-02-21',2,344160.00,'SO/ESB/22025/0038','1','2025-03-05 16:46:57','2025-03-05 16:46:57',5,5),
(88,80,'1','2025-02-20',2,345209.00,'SO/ESB/22025/0038','1','2025-03-05 16:49:10','2025-03-05 16:49:10',5,5),
(89,2,'2','2025-01-05',2,2090000.00,'SO/ESB/12025/0002','1','2025-03-06 15:53:30','2025-03-06 15:53:30',5,5),
(90,8,'1','2025-01-08',2,590000.00,'SO/ESB/12025/0028 ','1','2025-03-06 15:59:03','2025-03-06 15:59:03',5,5),
(91,10,'1','2025-01-08',2,6539610.00,'SO/ESB/12025/0044','1','2025-03-06 16:01:38','2025-03-06 16:01:38',5,5),
(92,18,'1','2025-01-11',2,10800000.00,'SO/ESB/12025/0016','1','2025-03-06 16:05:17','2025-03-06 16:05:17',5,5),
(93,25,'2','2025-01-21',2,1080000.00,'SO/ESB/12025/0032','1','2025-03-06 16:18:47','2025-03-06 16:18:47',5,5),
(94,56,'2','2025-02-01',2,1100000.00,'SO/ESB/12025/0064','1','2025-03-06 16:28:31','2025-03-06 16:28:31',5,5),
(95,74,'1','2025-02-26',2,10800033.00,' SO/ESB/22025/0041','1','2025-03-07 09:16:32','2025-03-07 09:16:32',6,6),
(96,81,'1','2025-02-21',2,3397936.00,'SO/ESB-N/22025/0015','1','2025-03-07 09:22:01','2025-03-07 09:22:01',6,6),
(97,44,'1','2025-02-03',2,26173000.00,'SO/ESB/12025/0022\nTF KE SUSANTI RP 27.550.000,-','1','2025-03-07 10:38:45','2025-03-07 10:38:45',6,6),
(98,14,'1','2025-02-19',6,16453530.00,'SO/ESB/12025/0017','1','2025-03-07 11:14:17','2025-03-07 11:14:17',6,6),
(99,31,'1','2025-03-04',6,19578102.00,'SO/ESB/12025/0046','1','2025-03-07 11:15:47','2025-03-07 11:15:47',6,6),
(100,22,'2','2025-02-21',6,1361000.00,'SO/ESB/12025/0035','1','2025-03-10 13:08:15','2025-03-10 13:08:15',5,5),
(101,15,'2','2025-02-19',6,3494000.00,'SO/ESB/12025/0027','1','2025-03-10 13:09:24','2025-03-10 13:09:24',5,5),
(102,9,'2','2025-01-10',2,327168.00,'SO/ESB/12025/0014','1','2025-03-10 13:25:52','2025-03-10 13:25:52',5,5),
(103,34,'1','2025-03-07',6,19052872.00,'SO/ESB/12025/0059','1','2025-03-10 13:28:55','2025-03-10 13:28:55',5,5),
(104,38,'2','2025-02-04',2,3619920.00,'SO/ESB/12025/002','1','2025-03-10 14:15:08','2025-03-10 14:15:08',5,5),
(105,41,'2','2025-02-04',2,2831000.00,'SO/ESB/12025/0024','1','2025-03-10 14:19:36','2025-03-10 14:19:36',5,5),
(106,53,'1','2025-02-05',2,3142537.00,'SO/ESB/12025/005','1','2025-03-10 14:22:36','2025-03-10 14:22:36',5,5),
(107,63,'2','2025-02-24',1,3279000.00,'SO/ESB-N/22025/0019','1','2025-03-10 14:34:13','2025-03-10 14:34:13',5,5),
(108,57,'2','2025-02-17',1,13110000.00,'SO/ESB-N/22025/0007','1','2025-03-10 14:36:30','2025-03-10 14:36:30',5,5),
(109,24,'1','2025-01-18',2,3199000.00,'SO/ESB/12025/0033','1','2025-03-10 14:41:27','2025-03-10 14:41:27',5,5),
(110,11,'2','2025-01-11',2,4599531.00,'SO/ESB/12025/0021','1','2025-03-10 14:44:20','2025-03-10 14:44:20',5,5),
(111,26,'2','2025-01-22',2,3085000.00,'SO/ESB/12025/0040','1','2025-03-10 14:45:57','2025-03-10 14:45:57',5,5),
(112,42,'2','2025-02-07',1,18000.00,'SO/ESB/12025/0053','1','2025-03-10 14:47:38','2025-03-10 14:47:38',5,5),
(113,39,'2','2025-02-04',2,1096641.00,'SO/ESB/12025/0024','1','2025-03-10 14:49:03','2025-03-10 14:49:03',5,5),
(114,62,'2','2025-02-21',2,344160.00,'SO/ESB/22025/0038','1','2025-03-10 14:59:05','2025-03-10 14:59:05',5,5),
(115,47,'2','2025-02-14',1,2103000.00,'SO/ESB-N/22025/0006','1','2025-03-10 15:00:38','2025-03-10 15:00:38',5,5),
(116,55,'1','2025-02-04',2,2100668.00,'SO/ESB/12025/0024','1','2025-03-10 15:03:24','2025-03-10 15:03:24',5,5),
(117,27,'1','2025-01-20',2,2290100.00,' SO/ESB/12025/0035','1','2025-03-10 15:07:28','2025-03-10 15:07:28',5,5),
(118,35,'2','2025-02-02',2,1800000.00,'SO/ESB/22025/0002','1','2025-03-10 15:12:56','2025-03-10 15:12:56',5,5),
(119,45,'1','2025-02-03',2,1177000.00,'SO/ESB/12025/0024','1','2025-03-10 15:16:52','2025-03-10 15:16:52',5,5),
(120,12,'1','2025-01-10',2,808500.00,'SO/ESB/12025/0009','1','2025-03-10 15:19:47','2025-03-10 15:19:47',5,5),
(121,21,'1','2025-01-23',2,1344922.00,'SO/ESB/12025/002','1','2025-03-10 15:22:27','2025-03-10 15:22:27',5,5),
(122,26,'1','2025-01-20',2,2004000.00,'SO/ESB/12025/0035','1','2025-03-10 15:24:40','2025-03-10 15:24:40',5,5),
(123,32,'1','2025-01-23',2,1404322.00,'SO/ESB/12025/0049','1','2025-03-10 15:31:42','2025-03-10 15:31:42',5,5),
(124,18,'2','2025-01-20',2,1200000.00,'SO/ESB/12025/0035','1','2025-03-10 15:35:46','2025-03-10 15:35:46',5,5),
(125,25,'1','2025-01-18',2,5016011.00,'SO/ESB/12025/0033','1','2025-03-10 15:50:22','2025-03-10 15:50:22',5,5),
(126,42,'1','2025-02-03',2,6050258.00,'SO/ESB/12025/002','1','2025-03-10 15:57:05','2025-03-10 15:57:05',5,5),
(127,40,'1','2025-02-03',2,4719100.00,'SO/ESB/12025/0024','1','2025-03-10 16:14:58','2025-03-10 16:14:58',5,5),
(128,76,'1','2025-02-14',1,5046681.00,'SO/ESB-N/22025/0011','1','2025-03-10 16:22:27','2025-03-10 16:22:27',5,5),
(129,84,'1','2025-02-24',1,6128649.00,'SO/ESB-N/22025/0018','1','2025-03-10 16:23:49','2025-03-10 16:23:49',5,5),
(130,43,'2','2025-02-03',2,1430000.00,'SO/ESB/12025/0024\nTF RP 1.990.000,- JADI ADA DEPOSIT KE PUTRA BAJA/ UYU WAHYUDIN SEBESAR RP 560.000,-','1','2025-03-10 16:43:29','2025-03-10 16:43:29',5,5),
(131,51,'1','2025-03-12',6,5066428.00,'SO/ESB-N/22025/0012','1','2025-03-12 13:56:16','2025-03-12 13:56:16',5,5),
(132,52,'1','2025-03-12',6,773436.00,'SO/ESB/22025/0007','1','2025-03-12 14:01:40','2025-03-12 14:01:40',5,5),
(133,64,'2','2025-03-14',2,1900000.00,'SO/ESB/32025/0009','1','2025-03-15 10:58:07','2025-03-15 10:58:07',5,5),
(134,98,'1','2025-03-14',2,1815000.00,'SO/ESB/32025/0009\nTRANSFER KE PT TENAGA INTERNATIONAL','1','2025-03-15 10:59:27','2025-03-15 10:59:27',5,5),
(135,97,'1','2025-03-14',2,2784100.00,'SO/ESB/32025/0009','1','2025-03-15 11:14:07','2025-03-15 11:14:07',5,5),
(136,95,'1','2025-03-05',2,628925.00,'SO/ESB-N/32025/0001','1','2025-03-15 12:02:29','2025-03-15 12:02:29',5,5),
(137,94,'1','2025-02-21',2,472600.00,'SO/ESB-N/22025/0015','1','2025-03-15 12:06:19','2025-03-15 12:06:19',5,5),
(138,96,'1','2025-03-07',1,331002.00,'SO/ESB-N/32025/0003','1','2025-03-17 13:08:33','2025-03-17 13:08:33',5,5),
(139,68,'2','2025-03-06',1,3160000.00,'SO/ESB-N/32025/0002','1','2025-03-17 13:16:47','2025-03-17 13:16:47',5,5),
(140,67,'2','2025-03-15',2,3450000.00,' SO/ESB/32025/0011','1','2025-03-17 13:19:15','2025-03-17 13:19:15',5,5),
(141,66,'2','2025-03-14',2,1725000.00,'SO/ESB/32025/0010','1','2025-03-17 13:22:19','2025-03-17 13:22:19',5,5),
(142,65,'2','2025-03-11',2,1725000.00,'SO/ESB/32025/0007\n','1','2025-03-17 13:26:05','2025-03-17 13:26:05',5,5),
(143,102,'1','2025-03-15',2,1452000.00,'SO/ESB/32025/000','1','2025-03-17 13:27:16','2025-03-17 13:27:16',5,5),
(144,101,'1','2025-03-10',2,4795200.00,'SO/ESB/32025/0005','1','2025-03-17 13:30:57','2025-03-17 13:30:57',5,5),
(145,104,'1','2025-03-10',2,2714400.00,'SO/ESB/32025/0006\n','1','2025-03-17 13:50:17','2025-03-17 13:50:17',5,5),
(146,79,'1','2025-03-20',2,94794001.00,'SO/ESB-N/22025/0013\nTF TGL 19-03-25 RP 80.000.000,- DP\nTF TGL 20-03-25 RP  14.794.001,- PELUNASAN','1','2025-03-20 09:06:56','2025-03-20 09:06:56',5,5),
(147,93,'1','2025-04-11',6,14399985.00,'SO/ESB/32025/0002\n','1','2025-04-14 16:34:21','2025-04-14 16:34:21',5,5),
(148,115,'1','2025-04-10',2,20779200.00,'SO/ESB/42025/0002','1','2025-04-14 16:56:25','2025-04-14 16:56:25',5,5),
(149,119,'1','2025-04-14',2,8400000.00,'SO/ESB/42025/0008','1','2025-04-15 11:11:12','2025-04-15 11:11:12',5,5),
(150,118,'1','2025-04-11',2,9344254.00,'SO/ESB/42025/0005','1','2025-04-15 11:16:59','2025-04-15 11:16:59',5,5),
(151,73,'2','2025-04-11',2,516000.00,'SO/ESB/42025/0005','1','2025-04-15 11:17:54','2025-04-15 11:17:54',5,5),
(152,74,'2','2025-04-11',2,6800000.00,'SO/ESB/42025/0005','1','2025-04-15 11:19:21','2025-04-15 11:19:21',5,5),
(153,116,'1','2025-04-11',2,41558400.00,' SO/ESB/42025/0006','1','2025-04-15 11:27:26','2025-04-15 11:27:26',5,5),
(154,72,'2','2025-04-11',2,7776000.00,' SO/ESB/42025/0006','1','2025-04-15 11:28:41','2025-04-15 11:28:41',5,5),
(155,75,'2','2025-04-14',2,41437440.00,'SO/ESB/42025/0007','1','2025-04-16 08:35:50','2025-04-16 08:35:50',6,6),
(156,71,'2','2025-04-10',2,3888000.00,'SO/ESB/42025/0002','1','2025-04-16 08:48:15','2025-04-16 08:48:15',6,6),
(157,62,'1','2025-04-16',6,1804538.00,'SO/ESB/22025/0027','1','2025-04-16 15:23:44','2025-04-16 15:23:44',5,5),
(158,64,'1','2025-04-16',6,2062935.00,'SO/ESB/22025/0028','1','2025-04-16 15:26:15','2025-04-16 15:26:15',5,5),
(159,83,'1','2025-02-24',1,21643996.00,'SO/ESB-N/22025/0017','1','2025-04-17 21:43:40','2025-04-17 21:43:40',6,6),
(160,120,'1','2025-04-16',2,2399500.00,'SO/ESB-N/42025/0006','1','2025-04-21 11:48:15','2025-04-21 11:48:15',5,5),
(161,78,'2','2025-04-16',2,52500.00,'SO/ESB-N/42025/0006','1','2025-04-21 11:49:05','2025-04-21 11:49:05',5,5),
(162,122,'1','2025-04-11',2,5400000.00,'SO/ESB/42025/0004','1','2025-04-22 09:34:26','2025-04-22 09:34:26',6,6),
(163,123,'1','2025-04-15',2,513216.00,'SO/ESB-N/42025/0003','1','2025-04-22 09:46:29','2025-04-22 09:46:29',6,6),
(164,124,'1','2025-04-16',2,3235000.00,'SO/ESB/42025/0007','1','2025-04-22 09:49:29','2025-04-22 09:49:29',6,6),
(165,121,'1','2025-04-08',1,10800033.00,'SO/ESB-N/42025/0002\n','1','2025-04-22 09:56:23','2025-04-22 09:56:23',6,6),
(166,114,'1','2025-03-14',2,1815000.00,'SO/ESB-N/32025/0011','1','2025-04-22 10:00:20','2025-04-22 10:00:20',6,6),
(167,108,'1','2025-03-24',2,1210001.00,'SO/ESB/32025/0017','1','2025-04-22 10:02:22','2025-04-22 10:02:22',6,6),
(168,109,'1','2025-03-24',2,939799.00,'SO/ESB/32025/0017','1','2025-04-22 10:04:32','2025-04-22 10:04:32',6,6),
(169,110,'1','2025-03-24',2,756001.00,'SO/ESB/32025/0017','1','2025-04-22 10:29:45','2025-04-22 10:29:45',6,6),
(170,69,'2','2025-03-25',2,3800000.00,'SO/ESB/32025/0017','1','2025-04-22 10:31:34','2025-04-22 10:31:34',6,6),
(171,70,'2','2025-03-24',2,7083830.00,'SO/ESB/32025/0017','1','2025-04-22 10:33:26','2025-04-22 10:33:26',6,6),
(172,107,'1','2025-03-24',2,6675000.00,'SO/ESB/32025/0017','1','2025-04-22 10:35:15','2025-04-22 10:35:15',6,6),
(173,80,'2','2025-04-21',2,9966240.00,'SO/ESB-N/42025/0004','1','2025-04-22 11:06:00','2025-04-22 11:06:00',6,6),
(174,99,'1','2025-04-17',6,25854595.00,'SO/ESB/32025/0009','1','2025-04-22 11:28:59','2025-04-22 11:28:59',6,6),
(175,88,'1','2025-04-22',6,21160396.00,'SO/ESB/22025/0032','1','2025-04-22 11:32:19','2025-04-22 11:32:19',6,6),
(176,65,'1','2025-04-22',6,26867372.00,'SO/ESB/22025/0030','1','2025-04-22 11:37:05','2025-04-22 11:37:05',6,6),
(177,105,'1','2025-04-23',6,11664000.00,'SO/ESB/32025/0014','1','2025-04-23 13:24:16','2025-04-23 13:24:16',5,5);
/*!40000 ALTER TABLE `tr_payments` ENABLE KEYS */;
UNLOCK TABLES;

--
-- Table structure for table `tr_purchase`
--

DROP TABLE IF EXISTS `tr_purchase`;
/*!40101 SET @saved_cs_client     = @@character_set_client */;
/*!40101 SET character_set_client = utf8mb4 */;
CREATE TABLE `tr_purchase` (
  `id` bigint(20) unsigned NOT NULL AUTO_INCREMENT,
  `number` varchar(50) NOT NULL,
  `date` date NOT NULL,
  `supplier_id` bigint(20) NOT NULL,
  `reference` varchar(50) DEFAULT NULL,
  `notes` text DEFAULT NULL,
  `subtotal` decimal(18,2) NOT NULL DEFAULT 0.00,
  `dpp` decimal(18,2) NOT NULL DEFAULT 0.00,
  `dpp_amount` decimal(18,2) NOT NULL DEFAULT 0.00,
  `delivery_fee` decimal(18,2) NOT NULL DEFAULT 0.00,
  `discount` decimal(18,2) NOT NULL DEFAULT 0.00,
  `ppn` decimal(18,2) NOT NULL DEFAULT 0.00,
  `ppn_amount` decimal(18,2) NOT NULL DEFAULT 0.00,
  `total` decimal(18,2) NOT NULL DEFAULT 0.00,
  `payment` decimal(18,2) NOT NULL DEFAULT 0.00,
  `rest` decimal(18,2) NOT NULL DEFAULT 0.00,
  `approved_at` timestamp NULL DEFAULT NULL,
  `approved_by` bigint(20) DEFAULT NULL,
  `sales_id` bigint(20) DEFAULT NULL,
  `is_posting` varchar(1) NOT NULL DEFAULT '0',
  `is_payed` tinyint(4) NOT NULL DEFAULT 0,
  `is_status` tinyint(4) NOT NULL DEFAULT 1,
  `created_at` timestamp NULL DEFAULT NULL,
  `updated_at` timestamp NULL DEFAULT NULL,
  `deleted_at` timestamp NULL DEFAULT NULL,
  `created_by` bigint(20) DEFAULT NULL,
  `updated_by` bigint(20) DEFAULT NULL,
  `deleted_by` bigint(20) DEFAULT NULL,
  PRIMARY KEY (`id`),
  KEY `tr_purchase_id_index` (`id`),
  KEY `tr_purchase_number_index` (`number`),
  KEY `tr_purchase_date_index` (`date`),
  KEY `tr_purchase_supplier_id_index` (`supplier_id`),
  KEY `tr_purchase_reference_index` (`reference`),
  KEY `tr_purchase_approved_at_index` (`approved_at`),
  KEY `tr_purchase_approved_by_index` (`approved_by`),
  KEY `tr_purchase_is_payed_index` (`is_payed`),
  KEY `tr_purchase_is_status_index` (`is_status`),
  KEY `tr_purchase_created_by_index` (`created_by`),
  KEY `tr_purchase_is_posting_index` (`is_posting`)
) ENGINE=InnoDB AUTO_INCREMENT=130 DEFAULT CHARSET=utf8mb4 COLLATE=utf8mb4_unicode_ci ROW_FORMAT=DYNAMIC;
/*!40101 SET character_set_client = @saved_cs_client */;

--
-- Dumping data for table `tr_purchase`
--

LOCK TABLES `tr_purchase` WRITE;
/*!40000 ALTER TABLE `tr_purchase` DISABLE KEYS */;
INSERT INTO `tr_purchase` VALUES
(1,'PO/ESB/12025/0001','2025-01-03',14,'SO/ESB-N/12025/0002','Pembelian Ted  Interior tanggal 03 Januari 2025',9729760.00,0.92,8918946.00,0.00,0.00,12.00,1070273.00,10800033.00,10800033.00,0.00,'2025-02-16 01:10:28',3,3,'0',1,1,'2025-01-03 13:38:47','2025-02-26 11:29:06',NULL,3,5,NULL),
(2,'PO/ESB/12025/0002','2025-01-04',38,'SO/ESB/12025/0003','Pembelian untuk PT. Tripola tanggal 04 Januari 2025',5472975.00,0.92,5016893.00,0.00,0.00,12.00,602027.00,6075002.00,6075002.00,0.00,'2025-01-31 15:22:59',3,3,'0',1,1,'2025-01-04 19:17:14','2025-02-26 11:49:20',NULL,3,5,NULL),
(3,'PO/ESB/12025/0003','2025-01-07',8,'SO/ESB/12025/0055','CASH BEFORE DELIVERY',4216217.00,0.92,3864865.00,50000.00,0.00,12.00,463783.00,4730000.00,4730000.00,0.00,'2025-01-31 15:25:10',3,3,'0',1,1,'2025-01-07 10:25:41','2025-02-26 13:15:34',NULL,3,5,NULL),
(4,'PO/ESB/12025/0004','2025-01-07',8,'SO/ESB/12025/0054','CASH BEFORE DELIVERY',6306307.00,0.92,5780781.00,0.00,0.00,12.00,693693.00,7000000.00,7000000.00,0.00,'2025-01-31 15:26:23',3,3,'0',1,1,'2025-01-07 10:27:47','2025-02-26 13:10:54',NULL,3,5,NULL),
(5,'PO/ESB/12025/0005','2025-01-07',17,'SO/ESB/12025/0009','Pembelian Tripola, SO/ESB/12025/0009\nBCA 372 2757 588 a/n PT.Berkat Anugrah Sejahtera',3828829.00,0.92,3509759.00,0.00,0.00,12.00,421171.00,4250000.00,4250000.00,0.00,'2025-02-22 16:20:23',3,4,'0',1,1,'2025-01-07 17:01:09','2025-02-26 13:59:22',NULL,4,5,NULL),
(6,'PO/ESB/12025/0006','2025-01-08',41,'SO/ESB/12025/0009','utk PT Tripola Harapan Mandiri No SO/ESB/12025/0009 ',6846847.00,0.92,6276276.00,0.00,0.00,12.00,753153.00,7600000.00,7600000.00,0.00,'2025-01-31 15:29:26',3,4,'0',1,1,'2025-01-08 19:17:08','2025-02-26 14:20:11',NULL,4,5,NULL),
(7,'PO/ESB/12025/0007','2025-01-08',42,'SO/ESB/12025/0007','Untuk Pembelian SO/ESB/12025/0007',9549550.00,0.92,8753754.00,0.00,0.00,12.00,1050450.00,10600000.00,10600000.00,0.00,'2025-01-31 15:30:30',3,3,'0',1,1,'2025-01-08 19:19:14','2025-02-26 13:57:04',NULL,3,5,NULL),
(8,'PO/ESB/12025/0008','2025-01-08',43,'SO/ESB/12025/0063','CASH BEFORE DELIVERY, Untuk Pembelian P-INV.004.ESB.012025',531532.00,0.92,487237.00,0.00,0.00,12.00,58468.00,590000.00,590000.00,0.00,'2025-01-31 15:35:45',3,3,'0',1,1,'2025-01-08 19:27:31','2025-03-06 15:59:03',NULL,3,5,NULL),
(9,'PO/ESB/12025/0009','2025-01-08',14,'SO/ESB/12025/0006','Untuk Pembelian SO/ESB/12025/0006',9729730.00,0.92,8918919.00,0.00,0.00,12.00,1070270.00,10800000.00,10800000.00,0.00,'2025-01-31 15:38:09',3,3,'0',1,1,'2025-01-08 19:30:35','2025-02-26 14:04:30',NULL,3,5,NULL),
(10,'PO/ESB/12025/0010','2025-01-08',23,'SO/ESB/12025/0044','Untuk Pembelian SO/ESB/12025/0044',5891541.00,0.92,5400579.00,0.00,0.00,12.00,648069.00,6539610.00,6539610.00,0.00,'2025-01-31 15:40:05',3,3,'0',1,1,'2025-01-08 19:37:16','2025-03-06 16:01:38',NULL,3,5,NULL),
(11,'PO/ESB/12025/0011','2025-01-09',20,'SO/ESB/12025/0012','pembellian SO/ESB/12025/0012\nrekening BCA 628-0799-988 a/n CV. SENTRA PENTAPTIMA',407208.00,0.92,373274.00,0.00,0.00,12.00,44792.00,452000.00,452000.00,0.00,'2025-02-16 01:26:43',3,4,'0',1,1,'2025-01-09 09:27:16','2025-02-26 14:32:15',NULL,4,5,NULL),
(12,'PO/ESB/12025/0012','2025-01-09',17,'SO/ESB/12025/0009','pembelian PT Tripola Harapan Mandiri No SO/ESB/12025/0009',585586.00,0.92,536787.00,158500.00,0.00,12.00,64414.00,808500.00,808500.00,0.00,'2025-02-16 00:41:13',3,4,'0',1,1,'2025-01-09 10:48:38','2025-03-10 15:19:47',NULL,4,5,NULL),
(13,'PO/ESB/12025/0013','2025-01-10',47,'SO/ESB/12025/0015','Pembelian material PT Tripola Harapan Mandiri SO/ESB/12025/0015',11216217.00,0.92,10281532.00,0.00,0.00,12.00,1233783.00,12450000.00,12450000.00,0.00,'2025-02-16 00:41:26',3,4,'0',1,1,'2025-01-10 13:20:33','2025-02-26 14:53:00',NULL,4,5,NULL),
(14,'PO/ESB/12025/0014','2025-01-11',1,'SO/ESB/12025/0017','ToP 35 Hari\nPengiriman ke Universitas Tarumanegara 2, JL. Universitas Tarumanegara, Grogol, Jakarta Barat\nSO/ESB/12025/0017',14823000.00,0.92,13587750.00,0.00,0.00,12.00,1630530.00,16453530.00,16453530.00,0.00,'2025-01-31 15:44:30',3,3,'0',1,1,'2025-01-11 09:13:16','2025-03-07 11:14:17',NULL,3,6,NULL),
(15,'PO/ESB/12025/0015','2025-01-11',43,'SO/ESB/12025/0020','SO/ESB/12025/0020',11981983.00,0.92,10983484.00,0.00,0.00,12.00,1318018.00,13300001.00,13300001.00,0.00,'2025-01-31 15:48:00',3,3,'0',1,1,'2025-01-11 14:01:04','2025-02-26 15:05:12',NULL,3,5,NULL),
(16,'PO/ESB/12025/0016','2025-01-11',29,'SO/ESB/12025/0019','Untuk Pembelian SO/ESB/12025/0019',3837838.00,0.92,3518018.00,0.00,0.00,12.00,422162.00,4260000.00,4260000.00,0.00,'2025-01-31 15:48:48',3,3,'0',1,1,'2025-01-11 14:07:59','2025-02-26 14:56:05',NULL,3,5,NULL),
(17,'PO/ESB/12025/0017','2025-01-13',38,'SO/ESB/12025/0023','Utk Pembelian SO/ESB/12025/0023',2189190.00,0.92,2006757.00,0.00,0.00,12.00,240810.00,2430000.00,2430000.00,0.00,'2025-01-31 15:49:49',3,3,'0',1,1,'2025-01-13 13:04:46','2025-02-26 15:07:00',NULL,3,5,NULL),
(18,'PO/ESB/12025/0018','2025-01-13',43,'SO/ESB/12025/0016','Untuk Pembelian SO/ESB/12025/0016',9729730.00,0.92,8918919.00,0.00,0.00,12.00,1070270.00,10800000.00,10800000.00,0.00,'2025-01-31 15:51:19',3,3,'0',1,1,'2025-01-13 13:09:54','2025-03-06 16:05:17',NULL,3,5,NULL),
(19,'PO/ESB/12025/0019','2025-01-14',23,'SO/ESB-N/12025/0013','UNTUK PEMBELIAN SO/ESB-N/12025/0013',25270217.00,0.92,23164365.00,0.00,0.00,12.00,2779723.00,28049940.00,28049940.00,0.00,'2025-02-16 01:26:11',3,3,'0',1,1,'2025-01-14 10:36:15','2025-02-26 15:22:42',NULL,3,5,NULL),
(20,'PO/ESB/12025/0020','2025-01-14',42,'SO/ESB/12025/0026','UNTUK PEMBELIAN SO/ESB/12025/0026',9549550.00,0.92,8753754.00,0.00,0.00,12.00,1050450.00,10600000.00,10600000.00,0.00,'2025-01-31 15:51:56',3,3,'0',1,1,'2025-01-14 16:09:24','2025-02-26 16:29:25',NULL,3,5,NULL),
(21,'PO/ESB/12025/0021','2025-01-16',50,'SO/ESB/12025/0027','Pembelian Hazedon SO/ESB/12025/0027\nNo Rek BCA 287 308 6688 a/n PT KAINDO NIRMALA CEMERLANG',970200.00,0.92,889350.00,268000.00,0.00,12.00,106722.00,1344922.00,1344922.00,0.00,'2025-02-16 00:41:54',3,4,'0',1,1,'2025-01-16 08:29:09','2025-03-10 15:22:27',NULL,4,5,NULL),
(22,'PO/ESB/12025/0022','2025-01-16',49,'SO/ESB/12025/0027','pembelian hazedon SO/ESB/12025/0027\nBCA 262 301 1950 a/n PT ANEKA PAPERA INDAH',460000.00,0.92,421666.00,0.00,0.00,12.00,50599.00,510599.00,510599.00,0.00,'2025-02-16 00:41:47',3,4,'0',1,1,'2025-01-16 12:11:02','2025-02-26 16:36:19',NULL,4,5,NULL),
(23,'PO/ESB/12025/0023','2025-01-18',25,'SO/ESB/12025/0033','Pembelian Hazedon SO/ESB/12025/0033\nBCA 095-399-0099 a/n PT Bercipta Mandiri',2331532.00,0.92,2137237.00,0.00,0.00,12.00,256468.00,2588000.00,2588000.00,0.00,'2025-02-16 00:42:10',3,4,'0',1,1,'2025-01-18 06:57:10','2025-02-26 16:47:53',NULL,4,5,NULL),
(24,'PO/ESB/12025/0024','2025-01-18',53,'SO/ESB/12025/0033','Pembelian Hazedon SO/ESB/12025/0033',2746847.00,0.92,2517943.00,150000.00,0.00,12.00,302153.00,3199000.00,3199000.00,0.00,'2025-02-16 00:42:23',3,4,'0',1,1,'2025-01-18 09:04:24','2025-03-10 14:41:27',NULL,4,5,NULL),
(25,'PO/ESB/12025/0025','2025-01-18',38,'SO/ESB/12025/0033','Pembelian Hazedon SO/ESB/12025/0033\nBCA 105-116-6888 a/n PT. Rainbow Indah Karpet',4459451.00,0.92,4087830.00,66021.00,0.00,12.00,490539.00,5016011.00,5016011.00,0.00,'2025-02-16 00:42:32',3,4,'0',1,1,'2025-01-18 09:46:32','2025-03-10 15:50:22',NULL,4,5,NULL),
(26,'PO/ESB/12025/0026','2025-01-20',50,'SO/ESB/12025/0035','pembelian Hazedon SO/ESB/12025/0035\nBCA 287 308 6688 a/n PT Kaindo Nirmala Cemerlang',1617118.00,0.92,1482358.00,209000.00,0.00,12.00,177882.00,2004000.00,2004000.00,0.00,'2025-02-16 00:42:45',3,4,'0',1,1,'2025-01-20 14:07:23','2025-03-10 15:24:40',NULL,4,5,NULL),
(27,'PO/ESB/12025/0027','2025-01-20',20,'SO/ESB/12025/0035','pembelian Hazedon SO/ESB/12025/0035\nBCA 628 079 9988 a/n CV. SENTRA PENTAPRIMA',1940500.00,0.92,1778791.00,136146.00,0.00,12.00,213454.00,2290100.00,2290100.00,0.00,'2025-02-16 00:42:58',3,4,'0',1,1,'2025-01-20 15:32:21','2025-03-10 15:07:28',NULL,4,5,NULL),
(28,'PO/ESB/12025/0028','2025-01-22',14,'SO/ESB/12025/0036','CASH BEFORE DELIVERY, SO/ESB/12025/0036',9729730.00,0.92,8918919.00,0.00,0.00,12.00,1070270.00,10800000.00,10800000.00,0.00,'2025-01-31 15:52:46',3,3,'0',1,1,'2025-01-22 00:22:18','2025-02-27 13:47:45',NULL,3,5,NULL),
(29,'PO/ESB/12025/0029','2025-01-22',56,'SO/ESB/12025/0032','CASH BEFORE DELIVERY , SO/ESB/12025/0032',744145.00,0.00,0.00,0.00,0.00,11.00,81855.00,826000.00,826000.00,0.00,'2025-01-31 15:53:06',3,3,'0',1,1,'2025-01-22 00:42:36','2025-02-27 13:58:48',NULL,3,5,NULL),
(30,'PO/ESB/12025/0030','2025-01-22',47,'SO/ESB/12025/0041','CASH BEFORE DELIVERY ,  SO/ESB/12025/0041',8973000.00,0.00,0.00,0.00,0.00,11.00,987030.00,9960030.00,9960030.00,0.00,'2025-01-31 15:53:22',3,3,'0',1,1,'2025-01-22 21:13:45','2025-02-27 14:17:59',NULL,3,5,NULL),
(31,'PO/ESB/12025/0031','2025-01-23',1,'SO/ESB/12025/0046','TOP 35 HARI, PENGIRIMAN KE JL. TOMANG TINGGI NO. 12 RT.01/RW.06, TOMANG, JAKARTA BARAT, 11440\nPENERIMA : BPK MARWAN 081284349690 / SO/ESB/12025/0046',17637930.00,0.92,16168102.00,0.00,0.00,12.00,1940172.00,19578102.00,19578102.00,0.00,'2025-01-31 15:54:50',3,3,'0',1,1,'2025-01-23 10:40:16','2025-03-07 11:15:47',NULL,3,6,NULL),
(32,'PO/ESB/12025/0032','2025-01-23',50,'SO/ESB/12025/0049','Pembelian Pak Roni, SO/ESB/12025/0049\nBCA 287-308-6688 a/n PT Kaindo Nirmala Cemerlang',970200.00,0.92,889350.00,327400.00,0.00,12.00,106722.00,1404322.00,1404322.00,0.00,'2025-02-16 00:43:07',3,4,'0',1,1,'2025-01-23 13:32:21','2025-03-10 15:31:42',NULL,4,5,NULL),
(33,'PO/ESB/12025/0033','2025-01-30',1,NULL,'ToP 35 hari',23781150.00,0.00,0.00,0.00,0.00,11.00,2615926.00,26397076.00,0.00,26397076.00,NULL,NULL,3,'0',0,0,'2025-01-30 11:38:48','2025-01-30 14:05:41','2025-01-30 14:05:41',3,3,3),
(34,'PO/ESB/12025/0034','2025-01-30',1,'SO/ESB/12025/0059','TOP 35 Hari , Pengiriman ke UNIVERSITAS TARUMANEGARA 2, JL. LETJEN S.PARMAN, TANJUNG DUREN UTARA, GROGOL, JAKARTA BARAT. PENERIMA : BPK AGUS - 085778409498 / SO/ESB/12025/0059',17164750.00,0.92,15734354.00,0.00,0.00,12.00,1888122.00,19052872.00,19052872.00,0.00,'2025-01-31 15:56:30',3,3,'0',1,1,'2025-01-30 14:11:04','2025-03-10 13:28:55',NULL,3,5,NULL),
(35,'PO/ESB/12025/0035','2025-01-30',42,'SO/ESB/12025/0060','CASH BEFORE DELIVERY, SO/ESB/12025/0060',4774775.00,0.92,4376877.00,100000.00,0.00,12.00,525225.00,5400000.00,5400000.00,0.00,'2025-01-31 15:57:16',3,3,'0',1,1,'2025-01-30 23:02:10','2025-02-23 10:23:28',NULL,3,5,NULL),
(36,'PO/ESB/12025/0036','2025-01-30',4,'SO/ESB/12025/0061','CASH BEFORE DELIVERY, SO/ESB/12025/0061',7653407.00,0.92,7015623.00,0.00,0.00,12.00,841874.00,8495281.00,8495281.00,0.00,'2025-01-31 15:58:00',3,3,'0',1,1,'2025-01-30 23:07:47','2025-02-27 14:50:36',NULL,3,5,NULL),
(37,'PO/ESB/12025/0037','2025-01-31',25,NULL,NULL,0.00,0.92,0.00,0.00,0.00,12.00,0.00,0.00,0.00,0.00,'2025-02-15 19:27:45',3,3,'0',0,0,'2025-01-31 00:03:09','2025-02-15 19:27:47','2025-02-15 19:27:47',3,3,3),
(38,'PO/ESB/22025/0001','2025-02-03',59,'SO/ESB/12025/0024',NULL,637000.00,0.92,583916.00,0.00,0.00,12.00,70069.00,707069.00,0.00,707069.00,'2025-02-16 00:44:10',3,4,'0',0,0,'2025-02-03 15:17:48','2025-02-16 00:44:13','2025-02-16 00:44:13',4,3,3),
(39,'PO/ESB/22025/0002','2025-02-04',63,'SO/ESB/12025/0024','Pembelian PT Hazedon, SO/esb/12025/0024\nBCA 572 5507 345 a/n BUMEN HUTAMA JAYA',422249.00,0.92,387061.00,0.00,0.00,12.00,46447.00,468696.00,468696.00,0.00,'2025-02-16 00:44:22',3,4,'0',1,1,'2025-02-04 06:28:54','2025-02-20 15:26:38',NULL,4,5,NULL),
(40,'PO/ESB/22025/0003','2025-02-04',60,'SO/ESB/12025/0024','pembelian PT Hazedon, SO/ESB/12025/0024\nBCA 283 309 2472 a/n DIGITAL INDONESIA CV',4089730.00,0.92,3748919.00,179500.00,0.00,12.00,449870.00,4719100.00,4719100.00,0.00,'2025-02-16 00:44:29',3,4,'0',1,1,'2025-02-04 06:35:58','2025-03-10 16:14:58',NULL,4,5,NULL),
(41,'PO/ESB/22025/0004','2025-02-04',61,'SO/ESB/12025/0024','pembelian PT Hazedon, SO/ESB/12025/0024\nBCA 7401 55 7788 a/n PT SINAR JAYA TRILIUN',471460.00,0.92,432171.00,0.00,0.00,12.00,51860.00,523320.00,523320.00,0.00,'2025-02-16 00:44:40',3,4,'0',1,1,'2025-02-04 06:42:58','2025-02-20 15:52:55',NULL,4,5,NULL),
(42,'PO/ESB/22025/0005','2025-02-04',20,'SO/ESB/12025/0024','pembelian PT Hazedon, SO/ESB/12025/0024\nBCA 628 0799 988 a/n CV. SENTRA PENTAPRIMA',5266900.00,0.92,4827991.00,204000.00,0.00,12.00,579358.00,6050258.00,6050258.00,0.00,'2025-02-16 00:44:49',3,4,'0',1,1,'2025-02-04 06:49:31','2025-03-10 15:57:05',NULL,4,5,NULL),
(43,'PO/ESB/22025/0006','2025-02-04',20,'SO/ESB/12025/0024','pembelian PT Hazedon, SO/ESB/12025/0024\nBCA 628 0799 988 a/n CV. SENTRA PENTAPRIMA',325000.00,0.92,297916.00,0.00,0.00,12.00,35749.00,360749.00,360749.00,0.00,'2025-02-16 00:45:01',3,4,'0',1,1,'2025-02-04 06:52:06','2025-02-20 15:34:29',NULL,4,5,NULL),
(44,'PO/ESB/22025/0007','2025-02-04',64,'SO/ESB/12025/0022','pembelian PT Hazedon, SO/ESB/12025/0022\nBCA 138 0790 391 a/n Susanti',23579280.00,0.92,21614340.00,0.00,0.00,12.00,2593720.00,26173000.00,26173000.00,0.00,'2025-02-16 00:45:10',3,4,'0',1,1,'2025-02-04 07:35:29','2025-03-07 10:38:45',NULL,4,6,NULL),
(45,'PO/ESB/22025/0008','2025-02-04',64,'SO/ESB/12025/0024','pembelian PT Hazedon, SO/ESB/12025/0024\nBCA 138 0790 391 a/n Susanti',1060361.00,0.92,971997.00,0.00,0.00,12.00,116639.00,1177000.00,1177000.00,0.00,'2025-02-16 00:45:18',3,4,'0',1,1,'2025-02-04 07:42:20','2025-03-10 15:16:52',NULL,4,5,NULL),
(46,'PO/ESB/22025/0009','2025-02-04',64,'SO/ESB/12025/0024','pembelian PT Hazedon, SO/ESB/12025/0024\nBCA 138 0790 391 a/n Susanti',378379.00,0.92,346847.00,0.00,0.00,12.00,41621.00,420000.00,420000.00,0.00,'2025-02-16 00:45:24',3,4,'0',1,1,'2025-02-04 07:46:14','2025-02-20 14:04:08',NULL,4,5,NULL),
(47,'PO/ESB/22025/0010','2025-02-04',62,'SO/ESB/12025/0022','pembelian PT Hazedon, SO/ESB/12025/0022\nBCA 751 088 0247 a/n PT Baja Nusantara Abadi',8043244.00,0.92,7372973.00,0.00,0.00,12.00,884756.00,8928000.00,8928000.00,0.00,'2025-02-16 00:45:38',3,4,'0',1,1,'2025-02-04 08:03:09','2025-02-20 15:28:22',NULL,4,5,NULL),
(48,'PO/ESB/22025/0011','2025-02-04',66,'SO/ESB/12025/0024','Pembelian PT Hazedon, SO/ESB/12025/0024\nBCA 757 111 0401 a/n CV CIPTA LANGGENG CEMERLANG',3378379.00,0.92,3096847.00,0.00,0.00,12.00,371621.00,3750000.00,3750000.00,0.00,'2025-02-16 00:38:49',3,4,'0',1,1,'2025-02-04 08:14:16','2025-02-20 15:45:28',NULL,4,5,NULL),
(49,'PO/ESB/22025/0012','2025-02-04',25,'SO/ESB/12025/0024','Pembelian PT Hazedon, SO/ESB/12025/0024\nBCA 095 399 0099 a/n PT Ber Cipta Mandiri',4894595.00,0.92,4486712.00,0.00,0.00,12.00,538405.00,5433000.00,5433000.00,0.00,'2025-02-16 00:45:47',3,4,'0',1,1,'2025-02-04 08:29:19','2025-02-20 14:20:12',NULL,4,5,NULL),
(50,'PO/ESB/22025/0013','2025-02-04',67,'SO/ESB/12025/0024','pembelian PT Hazedon,SO/ESB/12025/0024\nBCA 6755 11 9982 a/n Trijaya Abadi CV',20986937.00,0.92,19238025.00,150000.00,0.00,12.00,2308563.00,23445500.00,23445500.00,0.00,'2025-02-16 00:39:11',3,4,'0',1,1,'2025-02-04 08:44:26','2025-02-20 14:18:11',NULL,4,5,NULL),
(51,'PO/ESB/22025/0014','2025-02-04',1,'SO/ESB-N/22025/0012','ToP 35 Hari, Di ambil sendiri di RDC',4564350.00,0.92,4183987.00,0.00,0.00,12.00,502078.00,5066428.00,5066428.00,0.00,'2025-02-04 14:26:55',3,3,'0',1,1,'2025-02-04 09:49:52','2025-03-12 13:56:16',NULL,3,5,NULL),
(52,'PO/ESB/22025/0015','2025-02-04',1,'SO/ESB/22025/0029','ToP 35 Hari, di ambil di RDC',696790.00,0.92,638724.00,0.00,0.00,12.00,76646.00,773436.00,773436.00,0.00,'2025-02-04 14:28:30',3,3,'0',1,1,'2025-02-04 14:28:21','2025-03-12 14:01:40',NULL,3,5,NULL),
(53,'PO/ESB/22025/0016','2025-02-06',69,'SO/ESB/12025/0053','pembelian pak kabul, SO/ESB/12025/0053\nBCA 8015 5699 899 a/n PT ROYAL BANGUNAN PERSADA',2656791.00,0.92,2435391.00,193500.00,0.00,12.00,292246.00,3142537.00,3142537.00,0.00,'2025-02-16 00:46:05',3,4,'0',1,1,'2025-02-06 10:39:46','2025-03-10 14:22:36',NULL,4,5,NULL),
(54,'PO/ESB/22025/0017','2025-02-06',20,'SO/ESB/12025/0053','pembelian pak kabul, SO/ESB/12025/0053\nBCA 628 0799 988 a/n CV SENTRA PENTAPRIMA',1480300.00,0.92,1356941.00,0.00,0.00,12.00,162832.00,1643132.00,1643132.00,0.00,'2025-02-16 00:46:14',3,4,'0',1,1,'2025-02-06 10:44:54','2025-02-20 16:06:51',NULL,4,5,NULL),
(55,'PO/ESB/22025/0018','2025-02-06',71,'SO/ESB/12025/0024','pembelian PT Hazedon, SO/ESB/12025/0024\nBCA 065 8766 778 a/n TENAGA INTERNASIONAL',1840565.00,0.92,1687184.00,57641.00,0.00,12.00,202462.00,2100668.00,2100668.00,0.00,'2025-02-16 00:46:22',3,4,'0',1,1,'2025-02-06 11:52:04','2025-03-10 15:03:24',NULL,4,5,NULL),
(56,'PO/ESB/22025/0019','2025-02-06',64,'SO/ESB/12025/0024','pembelian PT Hazedon, SO/ESB/12025/0024\nBCA 138 0790 391 a/n Susanti',315316.00,0.92,289039.00,0.00,0.00,12.00,34684.00,350000.00,350000.00,0.00,'2025-02-16 00:46:28',3,4,'0',1,1,'2025-02-06 13:36:00','2025-02-20 16:17:26',NULL,4,5,NULL),
(57,'PO/ESB/22025/0020','2025-02-07',20,'SO/ESB/22025/0013','pembelian pak kabul, SO/ESB/22025/0013\nBCA 628 0799 988 a.n CV SENTRA PENTAPRIMA',4133200.00,0.92,3788766.00,96000.00,0.00,12.00,454651.00,4683851.00,0.00,4683851.00,'2025-03-15 17:55:36',3,4,'0',0,0,'2025-02-07 09:34:34','2025-03-15 17:55:37','2025-03-15 17:55:37',4,3,3),
(58,'PO/ESB/22025/0021','2025-02-10',4,NULL,'CASH BEFORE DELIVERY',43056000.00,0.92,39468000.00,0.00,0.00,12.00,4736160.00,47792160.00,0.00,47792160.00,'2025-02-16 00:39:29',3,3,'0',0,1,'2025-02-10 14:48:44','2025-02-16 00:39:29',NULL,3,3,NULL),
(59,'PO/ESB/22025/0022','2025-02-11',17,'SO/ESB/22025/0022','Pembelian PT THM, SO/ESB/22025/0022\nBCA 372 2757 588 a/n PT BERKAT ANUGRAH SEJAHTERA',878379.00,0.92,805180.00,136500.00,0.00,12.00,96621.00,1111500.00,1111500.00,0.00,'2025-02-16 00:39:37',3,4,'0',1,1,'2025-02-11 09:43:40','2025-02-18 22:46:18',NULL,4,3,NULL),
(60,'PO/ESB/22025/0023','2025-02-13',1,'SO/ESB/22025/0029','CASH BEFOFRE DELIVERY, DI AMBIL SENDIRI DI RDC TGL 17 FEBRUARI 2025',466410.00,0.92,427542.00,0.00,0.00,12.00,51305.00,517715.00,517715.00,0.00,'2025-02-15 19:13:50',3,3,'0',1,1,'2025-02-13 13:25:56','2025-02-20 13:35:14',NULL,3,5,NULL),
(61,'PO/ESB/22025/0024','2025-02-13',1,'SO/ESB-N/22025/0005','CASH BEFORE DELIVERY, POTONG DEPOSITO SEBESAR RP. 422.404,95',1568700.00,0.92,1437975.00,0.00,0.00,12.00,172557.00,1741257.00,1741257.00,0.00,'2025-02-15 17:50:42',3,3,'0',1,1,'2025-02-13 14:41:30','2025-02-27 16:33:25',NULL,3,5,NULL),
(62,'PO/ESB/22025/0025','2025-02-14',1,'SO/ESB/22025/0027','ToP 35 Hari , Di ambil di SRKI',1625710.00,0.92,1490234.00,0.00,0.00,12.00,178828.00,1804538.00,1804538.00,0.00,'2025-02-15 17:47:10',3,3,'0',1,1,'2025-02-14 11:01:32','2025-04-16 15:23:44',NULL,3,5,NULL),
(63,'PO/ESB/22025/0026','2025-02-14',1,'SO/ESB/22025/0027','Cash Before Delivery, Di ambil sendiri di SRKI hari senin tanggal 17 Februari 2025',200020.00,0.92,183351.00,0.00,0.00,12.00,22002.00,222022.00,222022.00,0.00,'2025-02-15 17:46:00',3,3,'0',1,1,'2025-02-14 11:17:35','2025-02-20 16:56:48',NULL,3,5,NULL),
(64,'PO/ESB/22025/0027','2025-02-14',1,'SO/ESB/22025/0028','ToP 35 Hari , Ambil sendiri di SRKI tanggal 18 Februari 2025',1858500.00,0.92,1703625.00,0.00,0.00,12.00,204435.00,2062935.00,2062935.00,0.00,'2025-02-15 17:39:44',3,3,'0',1,1,'2025-02-14 11:17:39','2025-04-16 15:26:15',NULL,3,5,NULL),
(65,'PO/ESB/22025/0028','2025-02-14',1,'SO/ESB/22025/0030','ToP 35 Hari , Pengiriman ke Jl. Pangeran Jayakarta No. 87, Jakarta Pusat, Penerima Bpk Elvin - 081281834191',24204840.00,0.92,22187770.00,0.00,0.00,12.00,2662532.00,26867372.00,26867372.00,0.00,'2025-02-15 17:36:01',3,3,'0',1,1,'2025-02-14 11:17:53','2025-04-22 11:37:05',NULL,3,6,NULL),
(66,'PO/ESB/22025/0029','2025-02-14',47,'SO/ESB/22025/0022','Pembelian PT THM, SO/ESB/22025/0022\nBCA 127 300 8822 a/n PT Jayacipta Profile',4860361.00,0.92,4455330.00,100000.00,0.00,12.00,534639.00,5495000.00,5495000.00,0.00,'2025-02-18 22:51:07',3,4,'0',1,1,'2025-02-14 22:39:00','2025-02-18 22:54:27',NULL,4,3,NULL),
(67,'PO/ESB/22025/0030','2025-02-15',74,'SO/ESB/22025/0026','CASH BEFORE DELIVERY',30064865.00,0.92,27559459.00,0.00,0.00,12.00,3307135.00,33372000.00,33372000.00,0.00,'2025-02-15 18:10:36',3,3,'0',1,1,'2025-02-15 18:10:28','2025-02-16 01:32:38',NULL,3,3,NULL),
(68,'PO/ESB/22025/0031','2025-02-15',47,'SO/ESB/22025/0006','CASH BEFORE DELIVERY',6936938.00,0.92,6358859.00,100000.00,0.00,12.00,763063.00,7800001.00,7800001.00,0.00,'2025-02-15 18:22:21',3,3,'0',1,1,'2025-02-15 18:22:15','2025-02-16 01:33:15',NULL,3,3,NULL),
(69,'PO/ESB/22025/0032','2025-02-15',14,'SO/ESB-N/22025/0008','CASH BEFORE DELIVERY',9549600.00,0.92,8753800.00,0.00,0.00,12.00,1050456.00,10600056.00,10600056.00,0.00,'2025-02-15 18:30:45',3,3,'0',1,1,'2025-02-15 18:30:39','2025-02-21 11:00:23',NULL,3,5,NULL),
(70,'PO/ESB/22025/0033','2025-02-15',4,'SO/ESB/22025/0008','CASH BEFORE DELIVERY',15124159.00,0.92,13863812.00,0.00,0.00,12.00,1663657.00,16787816.00,16787816.00,0.00,'2025-02-15 18:37:55',3,3,'0',1,1,'2025-02-15 18:37:50','2025-02-20 16:15:38',NULL,3,5,NULL),
(71,'PO/ESB/22025/0034','2025-02-15',14,'SO/ESB-N/22025/0009','CASH BEFORE DELIVERY',9729760.00,0.92,8918946.00,0.00,0.00,12.00,1070273.00,10800033.00,10800033.00,0.00,'2025-02-15 18:45:41',3,3,'0',1,1,'2025-02-15 18:44:47','2025-02-21 11:13:07',NULL,3,5,NULL),
(72,'PO/ESB/22025/0035','2025-02-15',47,'SO/ESB/22025/0016','CASH BEFORE DELIVERY',7297315.00,0.92,6689205.00,0.00,0.00,12.00,802704.00,8100019.00,8100019.00,0.00,'2025-02-15 18:56:02',3,3,'0',1,1,'2025-02-15 18:55:57','2025-02-20 16:38:25',NULL,3,5,NULL),
(73,'PO/ESB/22025/0036','2025-02-15',76,'SO/ESB-N/22025/0010','CASH BEFORE DELIVERY',4662163.00,0.92,4273649.00,0.00,0.00,12.00,512837.00,5175000.00,5175000.00,0.00,'2025-02-15 19:05:34',3,3,'0',1,1,'2025-02-15 19:05:28','2025-02-20 16:44:35',NULL,3,5,NULL),
(74,'PO/ESB/22025/0037','2025-02-15',14,'SO/ESB-N/22025/0004','CASH BEFORE DELIVERY',9729760.00,0.92,8918946.00,0.00,0.00,12.00,1070273.00,10800033.00,10800033.00,0.00,'2025-02-15 19:11:47',3,3,'0',1,1,'2025-02-15 19:11:42','2025-03-07 09:16:32',NULL,3,6,NULL),
(75,'PO/ESB/22025/0038','2025-02-15',14,'SO/ESB/22025/0025','CASH BEFORE DELIVERY',9729760.00,0.92,8918946.00,0.00,0.00,12.00,1070273.00,10800033.00,0.00,10800033.00,'2025-02-15 19:16:47',3,3,'0',0,1,'2025-02-15 19:16:29','2025-02-15 19:16:47',NULL,3,3,NULL),
(76,'PO/ESB/22025/0039','2025-02-15',4,'SO/ESB-N/22025/0011','CASH BEFORE DELIVERY',4546560.00,0.92,4167680.00,0.00,0.00,12.00,500121.00,5046681.00,5046681.00,0.00,'2025-02-15 19:23:50',3,3,'0',1,1,'2025-02-15 19:23:43','2025-03-10 16:22:27',NULL,3,5,NULL),
(77,'PO/ESB/22025/0040','2025-02-18',78,'SO/ESB/22025/0023','CASH BEFORE DELIVERY',13480320.00,0.92,12356960.00,0.00,0.00,12.00,1482835.00,14963155.00,14963155.00,0.00,'2025-02-18 22:48:16',3,3,'0',1,1,'2025-02-18 16:37:52','2025-02-20 11:38:00',NULL,3,5,NULL),
(78,'PO/ESB/22025/0041','2025-02-19',47,'SO/ESB/12025/0067','CASH BEFORE DELIVERY',373875.00,0.92,342718.00,100000.00,0.00,12.00,41126.00,515001.00,515001.00,0.00,'2025-02-19 11:09:59',3,3,'0',1,1,'2025-02-19 11:09:51','2025-02-19 13:49:43',NULL,3,5,NULL),
(79,'PO/ESB/22025/0042','2025-02-19',6,'SO/ESB-N/22025/0013','ToP 30 Hari dari tanggal PO. Pengiriman ke Gedung Smesco Indonesia, Jl. Gatot Subroto Kav.94, Pancoran, JakSel. Penerima : Bpk Nando / 08998460491',85400001.00,0.92,78283334.00,0.00,0.00,12.00,9394000.00,94794001.00,94794001.00,0.00,'2025-02-20 12:49:51',3,3,'0',1,1,'2025-02-19 16:58:44','2025-03-20 09:06:56',NULL,3,5,NULL),
(80,'PO/ESB/22025/0043','2025-02-20',1,'SO/ESB/22025/0038','CASH BEFORE DELIVERY, DI AMBIL DI RDC',311000.00,0.92,285083.00,0.00,0.00,12.00,34209.00,345209.00,345209.00,0.00,'2025-02-21 15:29:33',3,3,'0',1,1,'2025-02-20 12:51:20','2025-03-05 16:49:10',NULL,3,5,NULL),
(81,'PO/ESB/22025/0044','2025-02-24',20,'SO/ESB-N/22025/0015','pembelian pak kabul, SO/ESB-N/22025/0015\nBCA 628 0799 988 a/n CV. SENTRA PENTAPRIMA',2956700.00,0.92,2710308.00,116000.00,0.00,12.00,325236.00,3397936.00,3397936.00,0.00,'2025-02-25 10:10:08',3,4,'0',1,1,'2025-02-24 10:30:51','2025-03-07 09:22:01',NULL,4,6,NULL),
(82,'PO/ESB/22025/0045','2025-02-24',69,'SO/ESB-N/22025/0015','pembelian pak kabul, SO/ESB-N/22025/0015\nBCA 8015 699 899 a/n PT Royal Bangunan Persada',5313604.00,0.92,4870803.00,0.00,0.00,12.00,584496.00,5898100.00,5898100.00,0.00,'2025-02-25 10:09:53',3,4,'0',1,1,'2025-02-24 10:38:02','2025-03-05 16:33:36',NULL,4,5,NULL),
(83,'PO/ESB/22025/0046','2025-02-25',19,'SO/ESB-N/22025/0017','CASH BEFORE DELIVERY',18345939.00,0.92,16817110.00,1280004.00,0.00,12.00,2018053.00,21643996.00,21643996.00,0.00,'2025-02-25 00:58:55',3,3,'0',1,1,'2025-02-25 00:57:04','2025-04-17 21:43:40',NULL,3,6,NULL),
(84,'PO/ESB/22025/0047','2025-02-25',4,'SO/ESB-N/22025/0018','CASH BEFORE DELIVERY',5521306.00,0.92,5061197.00,0.00,0.00,12.00,607343.00,6128649.00,6128649.00,0.00,'2025-02-25 01:01:35',3,3,'0',1,1,'2025-02-25 01:01:28','2025-03-10 16:23:49',NULL,3,5,NULL),
(85,'PO/ESB/22025/0048','2025-02-25',80,'SO/ESB-N/22025/0016','CASH BEFORE DELIVERY',2073000.00,0.92,1900250.00,0.00,0.00,12.00,228030.00,2301030.00,2301030.00,0.00,'2025-02-25 01:09:55',3,3,'0',1,1,'2025-02-25 01:09:49','2025-03-05 16:15:02',NULL,3,5,NULL),
(86,'PO/ESB/22025/0049','2025-02-25',4,'SO/ESB-N/22025/0016','CASH BEFORE DELIVERY',1514571.00,0.92,1388356.00,0.00,0.00,12.00,166602.00,1681173.00,1681173.00,0.00,'2025-02-25 01:11:51',3,3,'0',1,1,'2025-02-25 01:11:44','2025-03-05 16:24:28',NULL,3,5,NULL),
(87,'PO/ESB/22025/0050','2025-02-25',4,'SO/ESB/22025/0034','CASH BEFORE DELIVERY',504597.00,0.92,462547.00,0.00,0.00,12.00,55505.00,560102.00,560102.00,0.00,'2025-02-25 01:17:14',3,3,'0',1,1,'2025-02-25 01:17:09','2025-03-05 16:29:23',NULL,3,5,NULL),
(88,'PO/ESB/22025/0051','2025-02-27',1,'SO/ESB/22025/0032','ToP 35 Hari',19063420.00,0.92,17474801.00,0.00,0.00,12.00,2096976.00,21160396.00,21160396.00,0.00,'2025-03-03 14:17:37',3,3,'0',1,1,'2025-02-27 10:51:41','2025-04-22 11:32:19',NULL,3,6,NULL),
(89,'PO/ESB/32025/0001','2025-03-03',5,'SO/ESB/32025/0001','CASH BEFORE DELIVERY',1121622.00,0.92,1028153.00,0.00,0.00,12.00,123378.00,1245000.00,1245000.00,0.00,'2025-03-03 11:23:31',3,3,'0',1,1,'2025-03-03 11:23:26','2025-03-05 15:55:22',NULL,3,5,NULL),
(90,'PO/ESB/32025/0002','2025-03-03',74,NULL,'CASH BEFORE DELIVERY',25237622.00,0.92,23134486.00,0.00,0.00,12.00,2776138.00,28013760.00,0.00,28013760.00,'2025-03-03 14:16:59',3,3,'0',0,0,'2025-03-03 14:16:50','2025-03-03 14:17:26','2025-03-03 14:17:26',3,3,3),
(91,'PO/ESB/32025/0003','2025-03-03',74,'SO/ESB/22025/0033','CASH BEFORE DELIVERY',25237622.00,0.92,23134486.00,0.00,0.00,12.00,2776138.00,28013760.00,28013760.00,0.00,'2025-03-03 14:19:26',3,3,'0',1,1,'2025-03-03 14:19:15','2025-03-03 15:06:07',NULL,3,5,NULL),
(92,'PO/ESB/32025/0004','2025-03-03',74,'SO/ESB/22025/0042','CASH BEFORE DELIVERY',2843676.00,0.92,2606703.00,0.00,0.00,12.00,312804.00,3156480.00,3156480.00,0.00,'2025-03-03 14:21:20',3,3,'0',1,1,'2025-03-03 14:21:13','2025-03-03 15:07:56',NULL,3,5,NULL),
(93,'PO/ESB/32025/0005','2025-03-03',1,'SO/ESB/32025/0002','ToP 35 Hari, Di ambil di SRKI hari Rabu tanggal 5 Maret 2025',12972960.00,0.92,11891880.00,0.00,0.00,12.00,1427025.00,14399985.00,14399985.00,0.00,'2025-03-03 23:19:52',3,3,'0',1,1,'2025-03-03 14:24:59','2025-04-14 16:34:21',NULL,3,5,NULL),
(94,'PO/ESB/32025/0006','2025-03-07',79,'SO/ESB-N/22025/0015','pembelian pak kabul, SO/ESB-N/22025/0015\nBCA 801 551 1539 PT Catur Mitra Sejati',425766.00,0.92,390285.00,0.00,0.00,12.00,46834.00,472600.00,472600.00,0.00,'2025-03-15 09:57:30',3,4,'0',1,1,'2025-03-07 09:40:59','2025-03-15 12:06:19',NULL,4,5,NULL),
(95,'PO/ESB/32025/0007','2025-03-12',20,'SO/ESB-N/32025/0001','pembelian pak kabul, SO/ESB-N/32025/0001\nBCA 628 0799 988 a/n CV Sentra Pentaprima',566600.00,0.92,519383.00,0.00,0.00,12.00,62325.00,628925.00,628925.00,0.00,'2025-03-15 09:57:24',3,4,'0',1,1,'2025-03-12 08:11:59','2025-03-15 12:02:29',NULL,4,5,NULL),
(96,'PO/ESB/32025/0008','2025-03-12',20,'SO/ESB-N/32025/0003','pembelian pak kabul, SO/ESB-N/32025/0003\nBCA 628 0799 988 a/n CV Sentra Pentaprima',298200.00,0.92,273350.00,0.00,0.00,12.00,32802.00,331002.00,331002.00,0.00,'2025-03-15 09:57:17',3,4,'0',1,1,'2025-03-12 08:14:21','2025-03-17 13:08:33',NULL,4,5,NULL),
(97,'PO/ESB/32025/0009','2025-03-14',81,'SO/ESB/32025/0009','Pembelian Hazedan, SO/ESB/32025/0009\nBCA 212 729 2929 a/n PT Merobi Artha Putera',2373064.00,0.92,2175308.00,150000.00,0.00,12.00,261036.00,2784100.00,2784100.00,0.00,'2025-03-15 09:57:05',3,4,'0',1,1,'2025-03-14 17:12:32','2025-03-15 11:14:07',NULL,4,5,NULL),
(98,'PO/ESB/32025/0010','2025-03-14',82,'SO/ESB/32025/0009','Pembelian Hazedon, SO/ESB/32025/0009\nBCA 0658 766 778 a/n PT Tenaga Internasional',1635136.00,0.92,1498874.00,0.00,0.00,12.00,179864.00,1815000.00,1815000.00,0.00,'2025-03-15 09:56:59',3,4,'0',1,1,'2025-03-14 17:18:59','2025-03-15 10:59:27',NULL,4,5,NULL),
(99,'PO/ESB/32025/0011','2025-03-15',74,'SO/ESB/32025/0009','ToP 30 Hari',23292428.00,0.92,21351392.00,0.00,0.00,12.00,2562167.00,25854595.00,25854595.00,0.00,'2025-03-15 09:56:52',3,4,'0',1,1,'2025-03-15 08:17:05','2025-04-22 11:28:59',NULL,4,6,NULL),
(100,'PO/ESB/32025/0012','2025-03-15',74,'SO/ESB/32025/0006','CASH BEFORE DELIVERY',3385947.00,0.92,3103784.00,0.00,0.00,12.00,372454.00,3758401.00,0.00,3758401.00,'2025-03-15 14:10:51',3,3,'0',0,0,'2025-03-15 14:10:44','2025-03-17 13:35:49','2025-03-17 13:35:49',3,3,3),
(101,'PO/ESB/32025/0013','2025-03-15',84,'SO/ESB/32025/0005','CASH BEFORE DELIVERY',4320000.00,0.92,3960000.00,0.00,0.00,12.00,475200.00,4795200.00,4795200.00,0.00,'2025-03-15 14:14:46',3,3,'0',1,1,'2025-03-15 14:14:41','2025-03-17 13:30:57',NULL,3,5,NULL),
(102,'PO/ESB/32025/0014','2025-03-15',63,'SO/ESB/32025/0009','pembelian hazedon, SO/ESB/32025/0009\nBCA 5725 507 345 a/n PT Bumen Hutama Jaya',1308109.00,0.92,1199099.00,0.00,0.00,12.00,143891.00,1452000.00,1452000.00,0.00,'2025-03-15 17:46:46',3,4,'0',1,1,'2025-03-15 17:19:58','2025-03-17 13:27:16',NULL,4,5,NULL),
(103,'PO/ESB/32025/0015','2025-03-17',74,NULL,'CASH BEFORE DELIVERY',2445406.00,0.92,2241622.00,0.00,0.00,12.00,268994.00,2714400.00,0.00,2714400.00,'2025-03-17 13:38:13',3,3,'0',0,0,'2025-03-17 13:38:07','2025-03-17 13:38:30','2025-03-17 13:38:30',3,3,3),
(104,'PO/ESB/32025/0016','2025-03-17',74,'SO/ESB/32025/0006','CASH BEFORE DELIVERY',2445406.00,0.92,2241622.00,0.00,0.00,12.00,268994.00,2714400.00,2714400.00,0.00,'2025-03-17 13:39:23',3,3,'0',1,1,'2025-03-17 13:39:18','2025-03-17 13:50:17',NULL,3,5,NULL),
(105,'PO/ESB/32025/0017','2025-03-18',74,'SO/ESB/32025/0014','TOP 30 HARI',10508109.00,0.92,9632433.00,0.00,0.00,12.00,1155891.00,11664000.00,11664000.00,0.00,'2025-03-19 14:27:22',3,3,'0',1,1,'2025-03-18 15:31:56','2025-04-23 13:24:16',NULL,3,5,NULL),
(106,'PO/ESB/32025/0018','2025-03-18',1,'SO/ESB/32025/0003','ToP 35 Hari',14134010.00,0.92,12956175.00,0.00,0.00,12.00,1554741.00,15688751.00,0.00,15688751.00,'2025-03-19 14:27:17',3,3,'0',0,1,'2025-03-18 21:04:07','2025-03-19 14:27:17',NULL,3,3,NULL),
(107,'PO/ESB/32025/0019','2025-03-25',62,'SO/ESB/32025/0017','pembelian Hazedon, SO/ESB/32025/0017\nBCA 7510 88 0247 a/n PT Baja Nusantara Abadi',6013514.00,0.92,5512387.00,0.00,0.00,12.00,661486.00,6675000.00,6675000.00,0.00,'2025-04-17 21:10:45',6,4,'0',1,1,'2025-03-25 09:55:22','2025-04-22 10:35:15',NULL,4,6,NULL),
(108,'PO/ESB/32025/0020','2025-03-25',82,'SO/ESB/32025/0017','pembelian Hazedon, SO/ESB/32025/0017\nBCA 065 8766 778 a/n PT Tenaga Internasional',1090091.00,0.92,999250.00,0.00,0.00,12.00,119910.00,1210001.00,1210001.00,0.00,'2025-04-17 21:07:34',6,4,'0',1,1,'2025-03-25 09:59:24','2025-04-22 10:02:22',NULL,4,6,NULL),
(109,'PO/ESB/32025/0021','2025-03-25',85,'SO/ESB/32025/0017','Pembelian Hazedon, SO/ESB/32025/0017\nBCA 728 5555 931 a/n PT Axia Tekindo Semesta',675676.00,0.92,619369.00,189799.00,0.00,12.00,74324.00,939799.00,939799.00,0.00,'2025-04-17 21:09:22',6,4,'0',1,1,'2025-03-25 10:06:44','2025-04-22 10:04:32',NULL,4,6,NULL),
(110,'PO/ESB/32025/0022','2025-03-25',25,'SO/ESB/32025/0017','pembelian Hazedon, SO/ESB/32025/0017\nBCA 0953 990 099 a/n PT Ber Cipta Mandiri',681082.00,0.92,624325.00,0.00,0.00,12.00,74919.00,756001.00,756001.00,0.00,'2025-04-17 21:12:48',6,4,'0',1,1,'2025-03-25 10:11:10','2025-04-22 10:29:45',NULL,4,6,NULL),
(111,'PO/ESB/32025/0023','2025-03-25',20,'SO/ESB/32025/0017','Pembelian Hazedon, SO/ESB/32025/0017\nBCA 628 0799 988 a/n CV. Sentra Pentaprima',4212800.00,0.92,3861733.00,255000.00,0.00,12.00,463407.00,4931207.00,0.00,4931207.00,NULL,NULL,4,'0',0,1,'2025-03-25 10:22:02','2025-03-26 13:42:23',NULL,4,4,NULL),
(112,'PO/ESB/32025/0024','2025-03-31',74,'SO/ESB/32025/0009','ToP 30 Hari',11209095.00,0.92,10275003.00,0.00,0.00,12.00,1233000.00,12442095.00,0.00,12442095.00,'2025-04-17 21:01:17',6,4,'0',0,1,'2025-03-31 18:50:20','2025-04-17 21:01:17',NULL,4,6,NULL),
(113,'PO/ESB/32025/0025','2025-03-31',74,'SO/ESB-N/32025/0011','ToP 30 Hari',12083334.00,0.92,11076389.00,0.00,0.00,12.00,1329166.00,13412500.00,0.00,13412500.00,'2025-04-17 21:01:05',6,4,'0',0,1,'2025-03-31 18:53:19','2025-04-17 21:01:05',NULL,4,6,NULL),
(114,'PO/ESB/32025/0026','2025-03-31',82,'SO/ESB-N/32025/0011','Pembelian Hazedon, SO/ESB-N/32025/0011\nBCA 0658 766 778 a/n PT Tenaga Internasional',1635136.00,0.92,1498874.00,0.00,0.00,12.00,179864.00,1815000.00,1815000.00,0.00,'2025-04-17 20:58:19',6,4,'0',1,1,'2025-03-31 18:58:02','2025-04-22 10:00:20',NULL,4,6,NULL),
(115,'PO/ESB/42025/0001','2025-04-08',4,'SO/ESB/42025/0002','CASH BEFORE DELIVERY',18720000.00,0.92,17160000.00,0.00,0.00,12.00,2059200.00,20779200.00,20779200.00,0.00,'2025-04-14 15:07:19',3,3,'0',1,1,'2025-04-08 14:58:16','2025-04-14 16:56:25',NULL,3,5,NULL),
(116,'PO/ESB/42025/0002','2025-04-11',4,'SO/ESB/42025/0006','CASH BEFORE DELIVERY',37440000.00,0.92,34320000.00,0.00,0.00,12.00,4118400.00,41558400.00,41558400.00,0.00,'2025-04-14 20:28:58',6,3,'0',1,1,'2025-04-11 12:51:01','2025-04-15 11:27:26',NULL,3,5,NULL),
(117,'PO/ESB/42025/0003','2025-04-11',74,'SO/ESB/42025/0005','ToP 30 Hari',15089226.00,0.92,13831790.00,0.00,0.00,12.00,1659814.00,16749040.00,0.00,16749040.00,'2025-04-12 01:42:54',3,4,'0',0,1,'2025-04-11 19:57:24','2025-04-12 01:42:54',NULL,4,3,NULL),
(118,'PO/ESB/42025/0004','2025-04-11',20,'SO/ESB/42025/0005','Pembelian Hazedon, SO/ESB/42025/0005\nBCA 628 079 9988 a/n CV. Sentra Pentaprima',8270500.00,0.92,7581291.00,164000.00,0.00,12.00,909754.00,9344254.00,9344254.00,0.00,'2025-04-14 20:27:09',6,4,'0',1,1,'2025-04-11 20:08:03','2025-04-15 11:16:59',NULL,4,5,NULL),
(119,'PO/ESB/42025/0005','2025-04-14',42,'SO/ESB/42025/0008','CASH BEFORE DELIVERY',7567568.00,0.92,6936937.00,0.00,0.00,12.00,832432.00,8400000.00,8400000.00,0.00,'2025-04-14 15:03:47',3,3,'0',1,1,'2025-04-14 14:59:27','2025-04-15 11:11:12',NULL,3,5,NULL),
(120,'PO/ESB/42025/0006','2025-04-16',58,'SO/ESB-N/42025/0006','Pembelian Pak Rahmatullah',2161712.00,0.92,1981569.00,0.00,0.00,12.00,237788.00,2399500.00,2399500.00,0.00,'2025-04-17 20:57:32',6,4,'0',1,1,'2025-04-16 21:05:39','2025-04-21 11:48:15',NULL,4,5,NULL),
(121,'PO/ESB/42025/0007','2025-04-21',14,'SO/ESB-N/42025/0002','CASH BEFORE DELIVERY',9729760.00,0.92,8918946.00,0.00,0.00,12.00,1070273.00,10800033.00,10800033.00,0.00,'2025-04-21 14:40:19',3,3,'0',1,1,'2025-04-21 14:40:06','2025-04-22 09:56:23',NULL,3,6,NULL),
(122,'PO/ESB/42025/0008','2025-04-21',42,'SO/ESB/42025/0004','CASH BEFORE DELIVERY',4774775.00,0.92,4376877.00,100000.00,0.00,12.00,525225.00,5400000.00,5400000.00,0.00,'2025-04-21 14:51:50',3,3,'0',1,1,'2025-04-21 14:51:37','2025-04-22 09:34:26',NULL,3,6,NULL),
(123,'PO/ESB/42025/0009','2025-04-21',86,'SO/ESB-N/42025/0003','CASH BEFORE DELIVERY',462357.00,0.92,423827.00,0.00,0.00,12.00,50859.00,513216.00,513216.00,0.00,'2025-04-21 14:59:38',3,3,'0',1,1,'2025-04-21 14:59:33','2025-04-22 09:46:29',NULL,3,6,NULL),
(124,'PO/ESB/42025/0010','2025-04-21',5,'SO/ESB/42025/0010','CASH BEFORE DELIVERY',2891892.00,0.92,2650901.00,25000.00,0.00,12.00,318108.00,3235000.00,3235000.00,0.00,'2025-04-21 15:01:55',3,3,'0',1,1,'2025-04-21 15:01:50','2025-04-22 09:49:29',NULL,3,6,NULL),
(125,'PO/ESB/42025/0011','2025-04-21',23,'SO/ESB-N/42025/0005','CASH BEFORE DELIVERY',5004505.00,0.92,4587462.00,0.00,0.00,12.00,550495.00,5555000.00,0.00,5555000.00,'2025-04-21 15:04:42',3,3,'0',0,1,'2025-04-21 15:04:33','2025-04-21 15:04:42',NULL,3,3,NULL),
(126,'PO/ESB/42025/0012','2025-04-21',23,'SO/ESB-N/42025/0007','CASH BEFORE DELIVERY',1819820.00,0.92,1668168.00,0.00,0.00,12.00,200180.00,2020000.00,0.00,2020000.00,'2025-04-21 15:05:35',3,3,'0',0,1,'2025-04-21 15:05:30','2025-04-21 15:05:35',NULL,3,3,NULL),
(127,'PO/ESB/42025/0013','2025-04-22',87,'SO/ESB/42025/0014','CASH BEFORE DELIVERY\n',8610000.00,0.92,7892500.00,0.00,0.00,12.00,947100.00,9557100.00,0.00,9557100.00,NULL,NULL,4,'0',0,1,'2025-04-22 19:59:19','2025-04-25 13:03:51',NULL,4,4,NULL),
(128,'PO/ESB/42025/0014','2025-04-24',4,NULL,'CASH BEFORE DELIVERY',33696000.00,0.92,30888000.00,0.00,0.00,12.00,3706560.00,37402560.00,0.00,37402560.00,NULL,NULL,3,'0',0,1,'2025-04-24 12:30:45','2025-04-24 12:30:45',NULL,3,3,NULL),
(129,'PO/ESB/42025/0015','2025-04-25',88,'SO/ESB/42025/0014','CASH BEFORE DELIVERY',4830000.00,0.92,4427500.00,198873.00,0.00,12.00,531300.00,5560173.00,0.00,5560173.00,NULL,NULL,4,'0',0,1,'2025-04-25 12:59:55','2025-04-25 13:01:19',NULL,4,4,NULL);
/*!40000 ALTER TABLE `tr_purchase` ENABLE KEYS */;
UNLOCK TABLES;

--
-- Table structure for table `tr_purchase_details`
--

DROP TABLE IF EXISTS `tr_purchase_details`;
/*!40101 SET @saved_cs_client     = @@character_set_client */;
/*!40101 SET character_set_client = utf8mb4 */;
CREATE TABLE `tr_purchase_details` (
  `id` bigint(20) unsigned NOT NULL AUTO_INCREMENT,
  `purchase_id` bigint(20) NOT NULL,
  `product_name` varchar(100) NOT NULL,
  `unit_name` varchar(50) NOT NULL,
  `qty` decimal(18,2) NOT NULL DEFAULT 0.00,
  `rate` decimal(18,2) NOT NULL DEFAULT 0.00,
  `amount` decimal(18,2) NOT NULL DEFAULT 0.00,
  `created_at` timestamp NULL DEFAULT NULL,
  `updated_at` timestamp NULL DEFAULT NULL,
  PRIMARY KEY (`id`),
  KEY `tr_purchase_details_id_index` (`id`),
  KEY `tr_purchase_details_purchase_id_index` (`purchase_id`),
  KEY `tr_purchase_details_product_name_index` (`product_name`),
  KEY `tr_purchase_details_unit_name_index` (`unit_name`)
) ENGINE=InnoDB AUTO_INCREMENT=622 DEFAULT CHARSET=utf8mb4 COLLATE=utf8mb4_unicode_ci ROW_FORMAT=DYNAMIC;
/*!40101 SET character_set_client = @saved_cs_client */;

--
-- Dumping data for table `tr_purchase_details`
--

LOCK TABLES `tr_purchase_details` WRITE;
/*!40000 ALTER TABLE `tr_purchase_details` DISABLE KEYS */;
INSERT INTO `tr_purchase_details` VALUES
(75,29,'MU-480 RenoFix @25kg','Sak',4.00,186036.20,744145.00,'2025-01-22 00:42:36','2025-01-22 00:42:36'),
(76,30,'Jayaboard - Gypsum 12mm','Lbr',120.00,74775.00,8973000.00,'2025-01-22 21:13:45','2025-01-22 21:13:45'),
(82,33,'Roman W40221 - Urban Origine size 20x40','Dus',55.00,100010.00,5500550.00,'2025-01-30 11:38:48','2025-01-30 11:38:48'),
(83,33,'Roman W40222 - Urban Cream size 20x40','Dus',40.00,102565.00,4102600.00,'2025-01-30 11:38:48','2025-01-30 11:38:48'),
(84,33,'Roman G337408 - Graniti Wheat size 30x30','Dus',50.00,94520.00,4726000.00,'2025-01-30 11:38:48','2025-01-30 11:38:48'),
(85,33,'Roman G447503 - Nagoya Taupe size 40x40','Dus',100.00,94520.00,9452000.00,'2025-01-30 11:38:48','2025-01-30 11:38:48'),
(113,35,'Gresik - Semen @40kg','Sak',100.00,47747.75,4774775.00,'2025-01-31 13:58:05','2025-01-31 13:58:05'),
(130,2,'Nexus - NX965','M2',25.00,218919.00,5472975.00,'2025-01-31 15:22:29','2025-01-31 15:22:29'),
(131,3,'Marco - SM22011 size 20x120','Dus',12.00,351351.40,4216217.00,'2025-01-31 15:24:32','2025-01-31 15:24:32'),
(132,4,'Marco - P24123J size 120x240','Slab',4.00,1576576.65,6306307.00,'2025-01-31 15:26:11','2025-01-31 15:26:11'),
(133,6,'Hollow Galvanis 4x4x0.35mm Merah Hijau','btg',250.00,27387.39,6846847.00,'2025-01-31 15:29:05','2025-01-31 15:29:05'),
(134,7,'Gresik - Semen @40kg','Dus',200.00,47747.75,9549550.00,'2025-01-31 15:30:14','2025-01-31 15:30:14'),
(135,8,'NIRO - GTE09 size 60x60','Dus',2.00,265765.76,531532.00,'2025-01-31 15:35:28','2025-01-31 15:35:28'),
(136,9,'Tiga Roda - Semen @50kg','Sak',160.00,60810.81,9729730.00,'2025-01-31 15:37:58','2025-01-31 15:37:58'),
(137,10,'Infiniti - Fidenza Black size 60x120','Dus',19.00,310081.08,5891541.00,'2025-01-31 15:39:50','2025-01-31 15:39:50'),
(138,14,'Roman - W40221 Urban Origine size 20x40','Dus',75.00,97560.00,7317000.00,'2025-01-31 15:43:38','2025-01-31 15:43:38'),
(139,14,'Roman - W40222 Urban Cream size 20x40','Dus',75.00,100080.00,7506000.00,'2025-01-31 15:43:38','2025-01-31 15:43:38'),
(140,15,'NIro GMO01 - Marmore - Stellar White size 60x60','Dus',70.00,171171.18,11981983.00,'2025-01-31 15:47:41','2025-01-31 15:47:41'),
(141,16,'Mulia','Metro White Bevel size 10x20',60.00,63963.96,3837838.00,'2025-01-31 15:48:36','2025-01-31 15:48:36'),
(142,17,'Nexus NX965 Spanish Grey size 50x50','Dus',2.00,1094595.00,2189190.00,'2025-01-31 15:49:40','2025-01-31 15:49:40'),
(143,18,'Niro GG043','Dus',50.00,194594.60,9729730.00,'2025-01-31 15:51:07','2025-01-31 15:51:07'),
(144,20,'Gresik - Semen @40kg','Sak',200.00,47747.75,9549550.00,'2025-01-31 15:51:45','2025-01-31 15:51:45'),
(145,28,'Tiga Roda','Sak',160.00,60810.81,9729730.00,'2025-01-31 15:52:37','2025-01-31 15:52:37'),
(149,31,'Roman GT635525R - dGinostra charcoal size 30x60','Dus',19.00,171985.00,3267715.00,'2025-01-31 15:54:41','2025-01-31 15:54:41'),
(150,31,'Roman GT609889FR - dPania Conwtinua size 60x60','Dus',74.00,154285.00,11417090.00,'2025-01-31 15:54:41','2025-01-31 15:54:41'),
(151,31,'Roman W63801R - dTube White size 30x60','Dus',25.00,118125.00,2953125.00,'2025-01-31 15:54:41','2025-01-31 15:54:41'),
(152,34,'Roman W40221 - Urban Origine size 20x40','Dus',55.00,100010.00,5500550.00,'2025-01-31 15:56:15','2025-01-31 15:56:15'),
(153,34,'Roman W40222 - Urban Cream size 20x40','Dus',40.00,102565.00,4102600.00,'2025-01-31 15:56:15','2025-01-31 15:56:15'),
(154,34,'Roman G337408 - Graniti Wheat size 30x30','Dus',50.00,94520.00,4726000.00,'2025-01-31 15:56:15','2025-01-31 15:56:15'),
(155,34,'Roman G447503 - Nagoya Taupe size 40x40','Dus',30.00,94520.00,2835600.00,'2025-01-31 15:56:15','2025-01-31 15:56:15'),
(156,36,'Infiniti - Terrazzo Terra Grey size 60x60','Dus',45.00,170075.70,7653407.00,'2025-01-31 15:57:54','2025-01-31 15:57:54'),
(157,27,'Jotun Jotaplast Primer 3.5L','galon',3.00,119200.00,357600.00,'2025-01-31 17:11:55','2025-01-31 17:11:55'),
(158,27,'Jotun Jotaplast New White 18L','pail',1.00,661100.00,661100.00,'2025-01-31 17:11:55','2025-01-31 17:11:55'),
(159,27,'Jotun Easy Wipe Cobalt 6198 18L','pail',1.00,921800.00,921800.00,'2025-01-31 17:11:55','2025-01-31 17:11:55'),
(160,26,'Firerock D60kg 1.2mx0.6mx25mm','lbr',24.00,26952.89,646869.00,'2025-01-31 17:12:18','2025-01-31 17:12:18'),
(161,26,'Firerock D60kg 1.2mx0.6mx50mm','lbr',18.00,53902.70,970249.00,'2025-01-31 17:12:18','2025-01-31 17:12:18'),
(162,25,'Carpet Delta DL 419 Charcoal 50x50','mtr',25.00,178378.02,4459451.00,'2025-01-31 17:13:26','2025-01-31 17:13:26'),
(163,24,'AC Midea 1 PK MSAF-09CRN2','UNIT',1.00,2746846.85,2746847.00,'2025-01-31 17:13:42','2025-01-31 17:13:42'),
(164,23,'0428 Open Back 3\" Alexindo Brown','btg',2.00,227027.03,454054.00,'2025-01-31 17:14:00','2025-01-31 17:14:00'),
(165,23,'9055 Tiang POlos3\" Alexindo Brown','btg',1.00,229729.73,229730.00,'2025-01-31 17:14:00','2025-01-31 17:14:00'),
(166,23,'Mortise Lock Dekson 84100 + Cylinder 60mm','set',2.00,189189.19,378378.00,'2025-01-31 17:14:00','2025-01-31 17:14:00'),
(167,23,'Sealant Coklat Asam','pcs',4.00,23423.42,93694.00,'2025-01-31 17:14:00','2025-01-31 17:14:00'),
(168,23,'0490 Tiang Frame 3\" Alexindo Brown','pcs',3.00,391891.89,1175676.00,'2025-01-31 17:14:00','2025-01-31 17:14:00'),
(169,22,'Wallpaper LOHAS putih 87457-1 (1mx15m)','roll',1.00,460000.00,460000.00,'2025-01-31 17:14:20','2025-01-31 17:14:20'),
(170,21,'Firerock D60kg 1.2mx0.6mx25mm','lbr',12.00,26950.00,323400.00,'2025-01-31 17:14:55','2025-01-31 17:14:55'),
(171,21,'Firerock D60kg 1.2mx0.6mx50mm','lbr',12.00,53900.00,646800.00,'2025-01-31 17:14:55','2025-01-31 17:14:55'),
(175,13,'Gypsum Jayaboard 12mm','lbr',150.00,74774.78,11216217.00,'2025-01-31 17:15:29','2025-01-31 17:15:29'),
(176,12,'Shadowline Bluescope','btg',50.00,11711.71,585586.00,'2025-01-31 17:15:43','2025-01-31 17:15:43'),
(177,11,'Jotun Majestic 81YR 06/003 Beauty Matt 2.5L','galon',2.00,203603.80,407208.00,'2025-01-31 17:16:10','2025-01-31 17:16:10'),
(182,38,'MCB Schneider 10A','pcs',6.00,63700.00,382200.00,'2025-02-03 15:17:48','2025-02-03 15:17:48'),
(183,38,'MCB Schneider 16A','pcs',4.00,63700.00,254800.00,'2025-02-03 15:17:48','2025-02-03 15:17:48'),
(269,51,'Roman GT602133CR - dAugusta Grey size 60x60','Dus',27.00,169050.00,4564350.00,'2025-02-04 09:49:52','2025-02-04 09:49:52'),
(270,52,'Roman GT1265515R - dShard Charcoal size 60x120','Dus',2.00,348395.00,696790.00,'2025-02-04 14:28:21','2025-02-04 14:28:21'),
(275,53,'Jotun Antifade Grey 9913','pail',1.00,2656790.59,2656791.00,'2025-02-06 10:46:20','2025-02-06 10:46:20'),
(282,50,'Screw 10x19','dus',6.00,135135.14,810811.00,'2025-02-06 10:52:03','2025-02-06 10:52:03'),
(283,50,'Spandek 0.25mm x 3m','lbr',48.00,86486.49,4151351.00,'2025-02-06 10:52:03','2025-02-06 10:52:03'),
(284,50,'Cnp 0.70 Full','btg',65.00,60810.81,3952703.00,'2025-02-06 10:52:03','2025-02-06 10:52:03'),
(285,50,'Reng 30,40','btg',80.00,24324.32,1945946.00,'2025-02-06 10:52:03','2025-02-06 10:52:03'),
(286,50,'Spandek 0.35mm x 4m','lbr',53.00,180180.18,9549550.00,'2025-02-06 10:52:03','2025-02-06 10:52:03'),
(287,50,'Plat Seat T60 x 0.30mm','mtr',20.00,28828.82,576576.00,'2025-02-06 10:52:03','2025-02-06 10:52:03'),
(288,49,'60428 3\" Inkalum Brown (skrup)','btg',1.00,157657.66,157658.00,'2025-02-06 10:53:20','2025-02-06 10:53:20'),
(289,49,'Stopper 3\" Inkalum Brown','btg',2.00,48648.65,97297.00,'2025-02-06 10:53:20','2025-02-06 10:53:20'),
(290,49,'Spandrel 8cm Brown','btg',4.00,142342.34,569369.00,'2025-02-06 10:53:20','2025-02-06 10:53:20'),
(291,49,'Sealant Coklat Asam','pcs',4.00,23423.42,93694.00,'2025-02-06 10:53:20','2025-02-06 10:53:20'),
(292,49,'Mortise,handle,cylinder Dekson LHTR 84030','set',1.00,355855.86,355856.00,'2025-02-06 10:53:20','2025-02-06 10:53:20'),
(293,49,'0428 3\" Inkalum White (polos)','btg',13.00,136036.04,1768468.00,'2025-02-06 10:53:20','2025-02-06 10:53:20'),
(294,49,'1899 Jalusi 3\" Inkalum White','btg',21.00,81981.98,1721622.00,'2025-02-06 10:53:20','2025-02-06 10:53:20'),
(295,49,'Tapping 6x3/8 PAB','pcs',300.00,180.18,54054.00,'2025-02-06 10:53:20','2025-02-06 10:53:20'),
(296,49,'Paku Rivet 435','dus',1.00,76576.58,76577.00,'2025-02-06 10:53:20','2025-02-06 10:53:20'),
(298,48,'Harmony Shield Alumunium Foil Bubble 5mm','roll',5.00,675675.75,3378379.00,'2025-02-06 10:55:12','2025-02-06 10:55:12'),
(299,47,'Cnp besi 125 x 3.2mm','btg',18.00,446846.87,8043244.00,'2025-02-06 10:56:21','2025-02-06 10:56:21'),
(301,46,'Cutting Wheels WD 4\"','dus',6.00,63063.08,378379.00,'2025-02-06 11:02:35','2025-02-06 11:02:35'),
(302,45,'Triplek 9mm MC meranti','lbr',5.00,88288.29,441441.00,'2025-02-06 11:04:02','2025-02-06 11:04:02'),
(303,45,'Cutting Wheels WD 14\"','pcs',2.00,36036.04,72072.00,'2025-02-06 11:04:02','2025-02-06 11:04:02'),
(304,45,'Kuas Cat 3 Inch','pcs',8.00,10810.82,86487.00,'2025-02-06 11:04:02','2025-02-06 11:04:02'),
(305,45,'Kawat Las Nikko RD260 / 2.0mm','dus',7.00,65765.80,460361.00,'2025-02-06 11:04:02','2025-02-06 11:04:02'),
(306,44,'Besi Beton 12mm Full','btg',37.00,92792.79,3433333.00,'2025-02-06 11:05:24','2025-02-06 11:05:24'),
(307,44,'Besi Beton 10mm Full','btg',16.00,64864.86,1037838.00,'2025-02-06 11:05:24','2025-02-06 11:05:24'),
(308,44,'Wiremesh m5 (2.1mx5.4m)','lbr',8.00,238738.74,1909910.00,'2025-02-06 11:05:24','2025-02-06 11:05:24'),
(309,44,'WF 150 x 6m LS','btg',6.00,972972.97,5837838.00,'2025-02-06 11:05:24','2025-02-06 11:05:24'),
(310,44,'Hollow 4x6x2mm Full, Kotak Full','btg',4.00,238738.74,954955.00,'2025-02-06 11:05:24','2025-02-06 11:05:24'),
(311,44,'Hollow Besi 4x4x2mm Full,Kotak Full','btg',4.00,200000.00,800000.00,'2025-02-06 11:05:24','2025-02-06 11:05:24'),
(312,44,'Plat Bordes 2.3mm Asli','lbr',4.00,891891.89,3567568.00,'2025-02-06 11:05:24','2025-02-06 11:05:24'),
(313,44,'Roda pagar As besi','pcs',4.00,54054.05,216216.00,'2025-02-06 11:05:24','2025-02-06 11:05:24'),
(314,44,'Roda Water Foam','pcs',4.00,13513.51,54054.00,'2025-02-06 11:05:24','2025-02-06 11:05:24'),
(315,44,'Plat Esser 3mm','lbr',1.00,936936.94,936937.00,'2025-02-06 11:05:24','2025-02-06 11:05:24'),
(316,44,'Besi Siku 5x5 Full','btg',1.00,216216.22,216216.00,'2025-02-06 11:05:24','2025-02-06 11:05:24'),
(317,44,'Slot pintu besi model pistol','pcs',1.00,27027.03,27027.00,'2025-02-06 11:05:24','2025-02-06 11:05:24'),
(318,44,'Slot Bawah pintu besi','pcs',2.00,34234.23,68468.00,'2025-02-06 11:05:24','2025-02-06 11:05:24'),
(319,44,'Hollow Besi 4x4x1.2mm Full,Kotak Full','btg',38.00,118918.94,4518920.00,'2025-02-06 11:05:24','2025-02-06 11:05:24'),
(320,43,'Kansai Primer Abu 155','klg',5.00,65000.00,325000.00,'2025-02-06 11:06:44','2025-02-06 11:06:44'),
(329,41,'Pipa Conduit 20mm','btg',30.00,9228.86,276866.00,'2025-02-06 11:09:34','2025-02-06 11:09:34'),
(330,41,'Sok Pipa Conduit','pcs',200.00,486.49,97297.00,'2025-02-06 11:09:34','2025-02-06 11:09:34'),
(331,41,'Clamp Conduit','pcs',200.00,486.49,97297.00,'2025-02-06 11:09:34','2025-02-06 11:09:34'),
(344,39,'Screw Roofing 5cm','dus',2.00,87207.31,174415.00,'2025-02-06 11:16:20','2025-02-06 11:16:20'),
(345,39,'Cutting Wheels WD 4\"','pack',4.00,46846.85,187387.00,'2025-02-06 11:16:20','2025-02-06 11:16:20'),
(346,39,'Cable Ties putih 25cm','pack',4.00,8354.97,33420.00,'2025-02-06 11:16:20','2025-02-06 11:16:20'),
(347,39,'Isolasi Nitto','pcs',6.00,4504.53,27027.00,'2025-02-06 11:16:20','2025-02-06 11:16:20'),
(348,54,'Dulux Pentalite Light Charcoal 88BG 62/005','pail',1.00,1480300.00,1480300.00,'2025-02-06 11:28:38','2025-02-06 11:28:38'),
(351,55,'Eterna NYM 2x2.5mm','roll',3.00,613521.62,1840565.00,'2025-02-06 11:58:39','2025-02-06 11:58:39'),
(352,40,'Ftalite Hitam 582','klg',36.00,70270.27,2529730.00,'2025-02-06 12:03:06','2025-02-06 12:03:06'),
(353,40,'Kansai Primer Abu 155','klg',24.00,65000.00,1560000.00,'2025-02-06 12:03:06','2025-02-06 12:03:06'),
(354,42,'Dulux Sealer Interior 2.5L','galon',4.00,144400.00,577600.00,'2025-02-06 12:04:27','2025-02-06 12:04:27'),
(355,42,'Dulux Sealer Eksterior 2.5L','galon',4.00,160600.00,642400.00,'2025-02-06 12:04:27','2025-02-06 12:04:27'),
(356,42,'Dulux Pentalite Briliant White 20L','pail',1.00,1593300.00,1593300.00,'2025-02-06 12:04:27','2025-02-06 12:04:27'),
(357,42,'Dulux Weather Shield Briliant White 20L','pail',1.00,2453600.00,2453600.00,'2025-02-06 12:04:27','2025-02-06 12:04:27'),
(358,32,'Firerock D60kg 1.2mx0.6mx25mm','lbr',12.00,26950.00,323400.00,'2025-02-06 12:15:28','2025-02-06 12:15:28'),
(359,32,'Firerock D60kg 1.2mx0.6mx50mm','lbr',12.00,53900.00,646800.00,'2025-02-06 12:15:28','2025-02-06 12:15:28'),
(362,56,'Mata Gerinda Amplas','pcs',20.00,9009.03,180181.00,'2025-02-06 13:38:40','2025-02-06 13:38:40'),
(363,56,'Dempul Sanpolac 1kg','galon',3.00,45045.16,135135.00,'2025-02-06 13:38:40','2025-02-06 13:38:40'),
(366,58,'INFINITI - STATUARIO GREY GLOSSY SIZE 60X60','DUS',230.00,187200.00,43056000.00,'2025-02-10 14:48:44','2025-02-10 14:48:44'),
(397,65,'W63429R - dCatania Siena size 30x60','Dus',9.00,116490.00,1048410.00,'2025-02-14 11:31:23','2025-02-14 11:31:23'),
(398,65,'W63829R - dCatania Bruno size 30x60','Dus',2.00,116490.00,232980.00,'2025-02-14 11:31:23','2025-02-14 11:31:23'),
(399,65,'TGT338054CR - dPlutonic Anthracite size 30x30','Dus',41.00,129580.00,5312780.00,'2025-02-14 11:31:23','2025-02-14 11:31:23'),
(400,65,'TGT338053CR - dPlutonic Acera size 30x30','Dus',128.00,129580.00,16586240.00,'2025-02-14 11:31:23','2025-02-14 11:31:23'),
(401,65,'G330604 - Rocktile Anthracite size 30x30','Dus',11.00,93130.00,1024430.00,'2025-02-14 11:31:23','2025-02-14 11:31:23'),
(404,59,'Shadowline Bluescope','btg',75.00,11711.72,878379.00,'2025-02-14 22:41:29','2025-02-14 22:41:29'),
(406,64,'GT1269868FR - dBarco Gris size 60x120','Dus',7.00,265500.00,1858500.00,'2025-02-15 17:39:23','2025-02-15 17:39:23'),
(407,63,'Roman W40221 - Urban Origine size 20x40','Dus',2.00,100010.00,200020.00,'2025-02-15 17:45:28','2025-02-15 17:45:28'),
(408,62,'Roman W40221 - Urban Origine size 20x40','Dus',6.00,100010.00,600060.00,'2025-02-15 17:46:58','2025-02-15 17:46:58'),
(409,62,'Roman W40222 - Urban Cream size 20x40','Dus',10.00,102565.00,1025650.00,'2025-02-15 17:46:58','2025-02-15 17:46:58'),
(411,61,'Roman GT635540R - dScoria Charcoal size 30x60','Dus',7.00,224100.00,1568700.00,'2025-02-15 17:50:29','2025-02-15 17:50:29'),
(413,67,'Landmark Grey Matt size 60x120','Dus',103.00,291891.89,30064865.00,'2025-02-15 18:10:28','2025-02-15 18:10:28'),
(414,68,'Gypsum Wet Area 13mm','Lbr',50.00,138738.75,6936938.00,'2025-02-15 18:22:15','2025-02-15 18:22:15'),
(415,69,'Tiga Roda - Semen @50kg','Sak',160.00,59685.00,9549600.00,'2025-02-15 18:30:39','2025-02-15 18:30:39'),
(416,70,'Timber Dark Grey size 60x60','Dus',88.00,171865.44,15124159.00,'2025-02-15 18:37:50','2025-02-15 18:37:50'),
(418,71,'Tiga Roda - Semen @50kg','Sak',160.00,60811.00,9729760.00,'2025-02-15 18:45:35','2025-02-15 18:45:35'),
(419,72,'Gypsum 12mm','Lbr',50.00,74775.00,3738750.00,'2025-02-15 18:55:57','2025-02-15 18:55:57'),
(420,72,'Gypsym WR 13mm','Lbr',25.00,138739.00,3468475.00,'2025-02-15 18:55:57','2025-02-15 18:55:57'),
(421,72,'Aksesoris','Pcs',1.00,90090.00,90090.00,'2025-02-15 18:55:57','2025-02-15 18:55:57'),
(422,73,'White Non Bevel size 10x30 Matt','Dus',75.00,62162.17,4662163.00,'2025-02-15 19:05:28','2025-02-15 19:05:28'),
(423,74,'Tiga Roda - Semen @50kg','Sak',160.00,60811.00,9729760.00,'2025-02-15 19:11:42','2025-02-15 19:11:42'),
(424,60,'Roman GT609854FR - dCervinia Classic size 60x60','Dus',3.00,155470.00,466410.00,'2025-02-15 19:13:38','2025-02-15 19:13:38'),
(425,75,'Tiga Roda - Semen @50kg','Sak',160.00,60811.00,9729760.00,'2025-02-15 19:16:29','2025-02-15 19:16:29'),
(426,76,'Briatico Dark Brown size 80x80','Dus',5.00,297600.00,1488000.00,'2025-02-15 19:23:43','2025-02-15 19:23:43'),
(427,76,'Costa Brava Cream size 60x120','Dus',12.00,254880.00,3058560.00,'2025-02-15 19:23:43','2025-02-15 19:23:43'),
(428,1,'Semen Tiga Roda @50kg','Sak',160.00,60811.00,9729760.00,'2025-02-16 01:10:18','2025-02-16 01:10:18'),
(429,19,'Infiniti - Montecarlo Grey size 60x60','Dus',97.00,191027.03,18529622.00,'2025-02-16 01:25:48','2025-02-16 01:25:48'),
(430,19,'Infiniti - Foxy Dark Grey size 60x120','Dus',5.00,269623.78,1348119.00,'2025-02-16 01:25:48','2025-02-16 01:25:48'),
(431,19,'Infiniti - Fonzy Grey size 60x120','Dus',20.00,269623.78,5392476.00,'2025-02-16 01:25:48','2025-02-16 01:25:48'),
(435,5,'Gypsum Jayaboard 12mm','lbr',50.00,76576.58,3828829.00,'2025-02-17 08:19:58','2025-02-17 08:19:58'),
(440,57,'Jotun Antifade Grey 9913','pail',1.00,2656800.00,2656800.00,'2025-02-17 08:24:17','2025-02-17 08:24:17'),
(441,57,'Dulux Pentalite 40708 Loud Stone Doff','pail',1.00,1476400.00,1476400.00,'2025-02-17 08:24:17','2025-02-17 08:24:17'),
(443,66,'Gypsum Jayaboard 12mm','lbr',65.00,74774.78,4860361.00,'2025-02-17 08:30:37','2025-02-17 08:30:37'),
(444,77,'TX1EB - Floor Drain w/Square Flange 115x115 2\"','pcs',48.00,280840.00,13480320.00,'2025-02-18 16:37:52','2025-02-18 16:37:52'),
(445,78,'Gymsum 12mm','Lbr',5.00,74775.00,373875.00,'2025-02-19 11:09:51','2025-02-19 11:09:51'),
(446,79,'TH872RE - Hazel Chemari','Lbr',30.00,252252.25,7567568.00,'2025-02-19 16:58:44','2025-02-19 16:58:44'),
(447,79,'TH1239FA - Avena Linen','Lbr',45.00,252252.25,11351351.00,'2025-02-19 16:58:44','2025-02-19 16:58:44'),
(448,79,'WP6002PA - Cinnamon','Dus',3.00,922522.52,2767568.00,'2025-02-19 16:58:44','2025-02-19 16:58:44'),
(449,79,'TV3025 - Dark Grey Slate','Dus',60.00,472972.98,28378379.00,'2025-02-19 16:58:44','2025-02-19 16:58:44'),
(450,79,'TV5505SPC - Carson Oak','Dus',20.00,522522.52,10450450.00,'2025-02-19 16:58:44','2025-02-19 16:58:44'),
(451,79,'TH1235FA - Cream Bexter','Lbr',20.00,252252.25,5045045.00,'2025-02-19 16:58:44','2025-02-19 16:58:44'),
(452,79,'TIX0050CM - Acacia Teak','Lbr',50.00,315315.32,15765766.00,'2025-02-19 16:58:44','2025-02-19 16:58:44'),
(453,79,'SI9009VA - Deli Caramel','Lbr',11.00,181981.99,2001802.00,'2025-02-19 16:58:44','2025-02-19 16:58:44'),
(454,79,'Lem Active @10kg','Blek',5.00,414414.41,2072072.00,'2025-02-19 16:58:44','2025-02-19 16:58:44'),
(456,80,'GT609854FR - dCervinia Classic size 60x60 (lot 24)','Dus',2.00,155500.00,311000.00,'2025-02-21 15:29:21','2025-02-21 15:29:21'),
(462,83,'Archangel Wings EM size 160x320','Slab',2.00,8994590.72,17989181.00,'2025-02-25 00:58:23','2025-02-25 00:58:23'),
(463,83,'Aksesoris','Pcs',1.00,356758.00,356758.00,'2025-02-25 00:58:23','2025-02-25 00:58:23'),
(464,84,'Montecarlo Grey size 60x60','Dus',20.00,191027.50,3820550.00,'2025-02-25 01:01:28','2025-02-25 01:01:28'),
(465,84,'Tarsus Grey size 60x60','Dus',10.00,170075.60,1700756.00,'2025-02-25 01:01:28','2025-02-25 01:01:28'),
(466,85,'VENUS CERRA HOKKAIDO WHITE BONE size 30x30','M2',4.00,518250.10,2073000.00,'2025-02-25 01:09:49','2025-02-25 01:09:49'),
(467,86,'Cemento White size 60x60','Dus',9.00,168285.70,1514571.00,'2025-02-25 01:11:44','2025-02-25 01:11:44'),
(468,87,'Travertino White size 60x120','Dus',1.00,504596.50,504597.00,'2025-02-25 01:17:09','2025-02-25 01:17:09'),
(469,81,'Dulux Pentalite 40708 Loud Stone Doff','pail',1.00,1476400.00,1476400.00,'2025-02-25 08:26:01','2025-02-25 08:26:01'),
(470,81,'Dulux Pentalite Light Charcoal 88BG 62/005','pail',1.00,1480300.00,1480300.00,'2025-02-25 08:26:01','2025-02-25 08:26:01'),
(471,82,'Jotun Antifade Grey 9913','pail',2.00,2656801.99,5313604.00,'2025-02-25 08:27:14','2025-02-25 08:27:14'),
(472,88,'TGT605752C - dWellington Savana size 60x60','Dus',36.00,172500.00,6210000.00,'2025-02-27 10:51:41','2025-02-27 10:51:41'),
(473,88,'G337212 - Dallas Beige size 30x30','Dus',92.00,92500.00,8510000.00,'2025-02-27 10:51:41','2025-02-27 10:51:41'),
(474,88,'G337403 - Graniti Smoke size 30x30','Dus',7.00,92500.00,647500.00,'2025-02-27 10:51:41','2025-02-27 10:51:41'),
(475,88,'G337106 - Vivaz Bianco size 30x30','Dus',10.00,96760.00,967600.00,'2025-02-27 10:51:41','2025-02-27 10:51:41'),
(476,88,'G337212 - Dallas Beige size 30x30','Dus',8.00,92500.00,740000.00,'2025-02-27 10:51:41','2025-02-27 10:51:41'),
(477,88,'TGT605752C - dWellington Savana size 60x60','Dus',2.00,172500.00,345000.00,'2025-02-27 10:51:41','2025-02-27 10:51:41'),
(478,88,'W63801R - dTube White size 30x30','Dus',14.00,117380.00,1643320.00,'2025-02-27 10:51:41','2025-02-27 10:51:41'),
(479,89,'GT1265515R - dShard Charcoal size 60x120','Dus',3.00,373873.87,1121622.00,'2025-03-03 11:23:26','2025-03-03 11:23:26'),
(480,90,'Basaltina Grey size 60x60','Dus',142.00,177729.73,25237622.00,'2025-03-03 14:16:50','2025-03-03 14:16:50'),
(481,91,'Basaltina Grey size 60x60','Dus',142.00,177729.73,25237622.00,'2025-03-03 14:19:15','2025-03-03 14:19:15'),
(482,92,'Basaltina Grey size 60x60','Dus',16.00,177729.73,2843676.00,'2025-03-03 14:21:13','2025-03-03 14:21:13'),
(483,93,'GT602137R - dDayton Grey size 60x60','Dus',88.00,147420.00,12972960.00,'2025-03-03 14:24:59','2025-03-03 14:24:59'),
(484,94,'Ftalite Permanent Red KF-43','klg',2.00,71891.89,143784.00,'2025-03-07 09:40:59','2025-03-07 09:40:59'),
(485,94,'Aquaproof Pro Abu-Abu 4kg','galon',1.00,281981.98,281982.00,'2025-03-07 09:40:59','2025-03-07 09:40:59'),
(488,95,'Jotun Jotasheild Antifade Grey 9911 2.5L','galon',2.00,283300.00,566600.00,'2025-03-12 08:13:11','2025-03-12 08:13:11'),
(489,96,'Jotun Jotasheild Antifade Grey 9911 2.5L','galon',1.00,298200.00,298200.00,'2025-03-12 08:14:21','2025-03-12 08:14:21'),
(491,98,'Semen Tigaroda 40kg','sak',30.00,54504.54,1635136.00,'2025-03-14 17:18:59','2025-03-14 17:18:59'),
(492,99,'Gypsum Jayaboard 12mm','lbr',54.00,75705.41,4088092.00,'2025-03-15 08:17:05','2025-03-15 08:17:05'),
(493,99,'Compound Jayaboard','zak',8.00,48307.21,386458.00,'2025-03-15 08:17:05','2025-03-15 08:17:05'),
(494,99,'UB tape Jayaboard','rol',15.00,41818.02,627270.00,'2025-03-15 08:17:05','2025-03-15 08:17:05'),
(495,99,'Drywall Stud 76mmx28x28 Jaya 0,4mm','btg',250.00,48333.33,12083334.00,'2025-03-15 08:17:05','2025-03-15 08:17:05'),
(496,99,'Drywall Stud 76mmx32x32 jaya 0.4mm','btg',80.00,53018.02,4241441.00,'2025-03-15 08:17:05','2025-03-15 08:17:05'),
(497,99,'Screw Gypsum 6x1 Jaya','dus',5.00,80648.65,403243.00,'2025-03-15 08:17:05','2025-03-15 08:17:05'),
(498,99,'Gypsum Jayaboard 9mm','lbr',25.00,58503.60,1462590.00,'2025-03-15 08:17:05','2025-03-15 08:17:05'),
(499,97,'Hollow 40x40x0.30 Kotak Full','btg',71.00,33423.43,2373064.00,'2025-03-15 08:22:02','2025-03-15 08:22:02'),
(500,100,'Essenza - Absolute White Glossy size 60x60','Dus',18.00,188108.14,3385947.00,'2025-03-15 14:10:44','2025-03-15 14:10:44'),
(501,101,'Dorma - BTS55 Complete Set','Set',3.00,1000000.00,3000000.00,'2025-03-15 14:14:41','2025-03-15 14:14:41'),
(502,101,'Dorma - PT 30 UL','Set',3.00,440000.00,1320000.00,'2025-03-15 14:14:41','2025-03-15 14:14:41'),
(503,102,'Screw SDS 8x25','dus',12.00,109009.10,1308109.00,'2025-03-15 17:19:58','2025-03-15 17:19:58'),
(504,103,'Essenza - Absolute White Glossy size 60x60','Dus',13.00,188108.15,2445406.00,'2025-03-17 13:38:07','2025-03-17 13:38:07'),
(505,104,'Essenza - Absolute White Glossy size 60x60','Dus',13.00,188108.15,2445406.00,'2025-03-17 13:39:18','2025-03-17 13:39:18'),
(507,105,'Landmark Grey Matt size 60x120','Dus',36.00,291891.93,10508109.00,'2025-03-18 15:32:55','2025-03-18 15:32:55'),
(508,106,'GT809856FR - dMarche Nebbia size 80x80','Dus',7.00,315315.00,2207205.00,'2025-03-18 21:04:07','2025-03-18 21:04:07'),
(509,106,'GT1265514R - dShard Grey size 60x120','Dus',7.00,345500.00,2418500.00,'2025-03-18 21:04:07','2025-03-18 21:04:07'),
(510,106,'GT1262505R - dStimento Perla size 60x120','Dus',19.00,310050.00,5890950.00,'2025-03-18 21:04:07','2025-03-18 21:04:07'),
(511,106,'GT1262507R - dStimento Charcoal size 60x120','Dus',10.00,310050.00,3100500.00,'2025-03-18 21:04:07','2025-03-18 21:04:07'),
(512,106,'GT635525R - dGinostra Charcoal size 30x60','Dus',3.00,172285.00,516855.00,'2025-03-18 21:04:07','2025-03-18 21:04:07'),
(525,111,'Jotun Majestic Primer 20L','pail',4.00,955700.00,3822800.00,'2025-03-26 13:42:23','2025-03-26 13:42:23'),
(526,111,'Kansai Primer Abu 155','klg',6.00,65000.00,390000.00,'2025-03-26 13:42:23','2025-03-26 13:42:23'),
(527,110,'Lis U Alumunium 9mm','btg',28.00,24324.34,681082.00,'2025-03-26 13:43:07','2025-03-26 13:43:07'),
(528,109,'Floor Hardener Nitoflor Hardtop (Fosfroc) 25kg','zak',10.00,67567.57,675676.00,'2025-03-26 13:44:02','2025-03-26 13:44:02'),
(529,108,'Semen Tigaroda 40kg','zak',20.00,54504.53,1090091.00,'2025-03-26 13:44:49','2025-03-26 13:44:49'),
(532,107,'Hollow Besi 2x4x1.2mm Full,Kotak Full','btg',75.00,77477.47,5810810.00,'2025-03-26 13:45:51','2025-03-26 13:45:51'),
(533,107,'Kawat Las Nikko RD260 / 2.0mm','dus',3.00,67568.00,202704.00,'2025-03-26 13:45:51','2025-03-26 13:45:51'),
(542,114,'Semen Tigaroda 40kg','zak',30.00,54504.52,1635136.00,'2025-03-31 19:01:20','2025-03-31 19:01:20'),
(543,113,'Drywall Stud 76mmx28x28 Jaya 0,4mm','btg',250.00,48333.33,12083334.00,'2025-03-31 19:02:59','2025-03-31 19:02:59'),
(544,112,'Drywall Stud 76mmx32x32 jaya 0.4mm','btg',80.00,53018.02,4241441.00,'2025-03-31 19:11:32','2025-03-31 19:11:32'),
(545,112,'Gypsum Jayaboard 12mm','lbr',54.00,75705.41,4088092.00,'2025-03-31 19:11:32','2025-03-31 19:11:32'),
(546,112,'Screw Gypsum 6x1 Jaya','dus',5.00,80648.65,403243.00,'2025-03-31 19:11:32','2025-03-31 19:11:32'),
(547,112,'UB tape Jayaboard','roll',15.00,41818.02,627270.00,'2025-03-31 19:11:32','2025-03-31 19:11:32'),
(548,112,'Compound Jayaboard','zak',8.00,48307.21,386458.00,'2025-03-31 19:11:32','2025-03-31 19:11:32'),
(549,112,'Gypsum Jayaboard 9mm','lbr',25.00,58503.65,1462591.00,'2025-03-31 19:11:32','2025-03-31 19:11:32'),
(554,116,'Statuario Grey size 60x60','Dus',200.00,187200.00,37440000.00,'2025-04-11 12:51:02','2025-04-11 12:51:02'),
(561,117,'Drywall Stud 76mmx32x32 jaya 0.4mm','btg',60.00,53018.03,3181082.00,'2025-04-11 20:00:07','2025-04-11 20:00:07'),
(562,117,'Drywall Stud 76mmx28x28 Jaya 0,4mm','btg',100.00,48333.33,4833333.00,'2025-04-11 20:00:07','2025-04-11 20:00:07'),
(563,117,'Screw Gypsum 6x1 Jaya','dus',2.00,80648.65,161297.00,'2025-04-11 20:00:07','2025-04-11 20:00:07'),
(564,117,'Hollow Besi 4x4x1.2mm Full,Kotak Full','btg',30.00,109909.94,3297298.00,'2025-04-11 20:00:07','2025-04-11 20:00:07'),
(565,117,'Hollow Besi 5x10x2mm Full Kotak full','btg',6.00,330630.63,1983784.00,'2025-04-11 20:00:07','2025-04-11 20:00:07'),
(566,117,'UNP 100x50x5mm','btg',3.00,544144.14,1632432.00,'2025-04-11 20:00:07','2025-04-11 20:00:07'),
(568,118,'Jotun Majestic True Beauty Matt White 0001','pail',5.00,1654100.00,8270500.00,'2025-04-12 06:07:52','2025-04-12 06:07:52'),
(569,119,'Merdeka','Semen @40kg',200.00,37837.84,7567568.00,'2025-04-14 14:59:27','2025-04-14 14:59:27'),
(570,115,'Infiniti - Statuario Grey size 60x60','Dus',100.00,187200.00,18720000.00,'2025-04-14 15:07:07','2025-04-14 15:07:07'),
(571,120,'Spandek 0.25mm x 1m','lbr',42.00,26126.14,1097298.00,'2025-04-16 21:05:39','2025-04-16 21:05:39'),
(572,120,'Spandek 0.30mm x 3m','lbr',2.00,108108.11,216216.00,'2025-04-16 21:05:39','2025-04-16 21:05:39'),
(573,120,'Reng 28.40','btg',14.00,21621.62,302703.00,'2025-04-16 21:05:39','2025-04-16 21:05:39'),
(574,120,'Cnp 0.60 Full','btg',10.00,50900.90,509009.00,'2025-04-16 21:05:39','2025-04-16 21:05:39'),
(575,120,'Hollow Galvalume 4x4x0.3mm','btg',3.00,12162.16,36486.00,'2025-04-16 21:05:39','2025-04-16 21:05:39'),
(576,121,'Tiga Roda - Semen @50kg','Sak',160.00,60811.00,9729760.00,'2025-04-21 14:40:06','2025-04-21 14:40:06'),
(577,122,'Gresik - Semen @50kg','Sak',100.00,47747.75,4774775.00,'2025-04-21 14:51:37','2025-04-21 14:51:37'),
(578,123,'Niro - GIX07 Ash Grey size 60x60','Dus',2.00,231178.38,462357.00,'2025-04-21 14:59:33','2025-04-21 14:59:33'),
(579,124,'Roman GT602151R','Dus',20.00,144594.60,2891892.00,'2025-04-21 15:01:50','2025-04-21 15:01:50'),
(580,125,'Taco - TV3015','Dus',5.00,454954.95,2274775.00,'2025-04-21 15:04:33','2025-04-21 15:04:33'),
(581,125,'Taco - TV3014','Dus',4.00,454954.95,1819820.00,'2025-04-21 15:04:33','2025-04-21 15:04:33'),
(582,125,'Taco - TV3010','Dus',2.00,454954.95,909910.00,'2025-04-21 15:04:33','2025-04-21 15:04:33'),
(583,126,'Taco TV3004','Dus',4.00,454954.95,1819820.00,'2025-04-21 15:05:30','2025-04-21 15:05:30'),
(611,128,'Statuario Grey size 60x60','Dus',180.00,187200.00,33696000.00,'2025-04-24 12:30:45','2025-04-24 12:30:45'),
(615,129,'Jotun Hardtop XP 0257 Green 20L','pail',1.00,2250000.00,2250000.00,'2025-04-25 13:01:19','2025-04-25 13:01:19'),
(616,129,'Jotun Hardtop XP 4067 Grey 20L','pail',1.00,2100000.00,2100000.00,'2025-04-25 13:01:19','2025-04-25 13:01:19'),
(617,129,'Jotun Thinner No. 10','galon',2.00,240000.00,480000.00,'2025-04-25 13:01:19','2025-04-25 13:01:19'),
(620,127,'Jotun Jotamastic 85 Grey 20L ','pail',4.00,2040000.00,8160000.00,'2025-04-25 13:03:51','2025-04-25 13:03:51'),
(621,127,'Jotun Thinner No. 17','galon',2.00,225000.00,450000.00,'2025-04-25 13:03:51','2025-04-25 13:03:51');
/*!40000 ALTER TABLE `tr_purchase_details` ENABLE KEYS */;
UNLOCK TABLES;

--
-- Table structure for table `tr_purchase_files`
--

DROP TABLE IF EXISTS `tr_purchase_files`;
/*!40101 SET @saved_cs_client     = @@character_set_client */;
/*!40101 SET character_set_client = utf8mb4 */;
CREATE TABLE `tr_purchase_files` (
  `id` bigint(20) unsigned NOT NULL AUTO_INCREMENT,
  `purchase_id` bigint(20) NOT NULL,
  `file` varchar(100) NOT NULL,
  `created_at` timestamp NULL DEFAULT NULL,
  `updated_at` timestamp NULL DEFAULT NULL,
  PRIMARY KEY (`id`),
  KEY `tr_purchase_files_id_index` (`id`),
  KEY `tr_purchase_files_purchase_id_index` (`purchase_id`)
) ENGINE=InnoDB AUTO_INCREMENT=46 DEFAULT CHARSET=utf8mb4 COLLATE=utf8mb4_unicode_ci ROW_FORMAT=DYNAMIC;
/*!40101 SET character_set_client = @saved_cs_client */;

--
-- Dumping data for table `tr_purchase_files`
--

LOCK TABLES `tr_purchase_files` WRITE;
/*!40000 ALTER TABLE `tr_purchase_files` DISABLE KEYS */;
INSERT INTO `tr_purchase_files` VALUES
(1,1,'qZwyfkuqOVFLEL2oXTLkYiITFzItwoHPmGh9JnEc.jpg','2025-01-03 13:38:47','2025-01-03 13:38:47'),
(2,2,'MxjXs6ji5vsyyPI6c2lGXuI6cCbXkvG7gF6rSkuG.jpg','2025-01-04 19:17:14','2025-01-04 19:17:14'),
(3,5,'zXAYTvbVwCU1E7qTgdBgSax8lxVgz2dVFpb5FMbD.jpg','2025-01-07 17:04:21','2025-01-07 17:04:21'),
(4,6,'78fwKWI2tkPMgKRMHa2JYvULursOPP8ftLbozmtP.pdf','2025-01-08 19:21:27','2025-01-08 19:21:27'),
(5,11,'yxTuVzPeBV4qH6zTuQjF073HRUILb9QirpHJoHIw.jpg','2025-01-09 09:30:12','2025-01-09 09:30:12'),
(6,12,'M6HJoMUmIMgKeu5ZhDJFYjuupFOm234vzl5yxES8.jpg','2025-01-09 17:07:21','2025-01-09 17:07:21'),
(7,15,'kBNwRkOubPA1TlB2NBDLzPTe4LBlbE4CuaeAwyp4.pdf','2025-01-11 14:01:04','2025-01-11 14:01:04'),
(8,21,'gKL3lTFojH1Uw8TNfqE6t7GeSscYmjVG1ncz5HGf.jpg','2025-01-16 08:32:48','2025-01-16 08:32:48'),
(9,22,'i4i4PI0OQlXoP6xEZozdyk6kk0E1kctKP4V7cNAs.jpg','2025-01-16 12:33:39','2025-01-16 12:33:39'),
(10,23,'NvDPjgUqYrQiDYb6jGy3QxdO3oXQmkeLUVsocVb0.jpg','2025-01-18 08:21:45','2025-01-18 08:21:45'),
(11,25,'GsskmvjZgnJ9wzf3giHZKVE1Ujb7ilaZAQiQJTiE.jpg','2025-01-18 09:48:55','2025-01-18 09:48:55'),
(12,26,'LXzt0qaWro1m3yQ3085bIWkKp36tB0uo61Da09xk.jpg','2025-01-20 15:17:39','2025-01-20 15:17:39'),
(13,27,'jBiW936ZKm40u6qb6v9XbiHD4elfN7K1Eg6nuR4M.jpg','2025-01-20 16:25:35','2025-01-20 16:25:35'),
(14,29,'FBEpNQBnLoOVBZX6Pu5kHR2g9fH9SNK5QmC1hBl8.pdf','2025-01-22 00:42:36','2025-01-22 00:42:36'),
(15,30,'M9rYYshAhiTM0rpXKEi6Yssy65zrjl44JoX32dcB.pdf','2025-01-22 21:13:45','2025-01-22 21:13:45'),
(16,54,'bgFkmKyZ5IaIEDJV4Uz129s7IRzVUIySrqzK4m24.jpg','2025-02-06 10:45:46','2025-02-06 10:45:46'),
(17,53,'8dOF0y1WY9PShozyDnY264bPMgH61K0hhF4tvu0b.jpg','2025-02-06 10:46:20','2025-02-06 10:46:20'),
(18,50,'PvsRccTgj06Lpz57zewtaJiHMImEEOr09gUVI6jk.pdf','2025-02-06 10:51:32','2025-02-06 10:51:32'),
(19,49,'23fvY9gTf0NdicegkkNL3UAdnuQ7XNSvk432W14U.jpg','2025-02-06 10:53:20','2025-02-06 10:53:20'),
(20,48,'q7IxkJIRx7CILvlGj2dZEM18hTJewwIi7FHFSSFY.pdf','2025-02-06 10:54:47','2025-02-06 10:54:47'),
(21,47,'gVvog171wjhaUoknd394wCa8FWo3Qp0nwzUPuwKL.jpg','2025-02-06 10:56:21','2025-02-06 10:56:21'),
(22,46,'KwJPQHFKWDU3e52cxBfjowvLR8l0lWk3pxJfba0N.jpg','2025-02-06 11:02:15','2025-02-06 11:02:15'),
(23,45,'MtrO8OjVZQWdEroNBwQ0CciQq9vBiiGhwg9yFmZp.jpg','2025-02-06 11:04:02','2025-02-06 11:04:02'),
(24,44,'yhO9QPz73ErjWIJaWTGbjuSW4EymyTyaOye6qvph.jpg','2025-02-06 11:05:24','2025-02-06 11:05:24'),
(25,43,'b3Dzs4eTVbi5eD5zld0t3HUBkuFe3Us2wGTwk284.jpg','2025-02-06 11:06:44','2025-02-06 11:06:44'),
(26,42,'E7Ykx6rDjK4GVnCACRXUdjxHWV0DAT6OcghoEPyc.jpg','2025-02-06 11:08:11','2025-02-06 11:08:11'),
(27,41,'dyY068GB3TfiOx4xdFS0MLIEaRNUsvia0iVVexo5.jpg','2025-02-06 11:09:34','2025-02-06 11:09:34'),
(29,40,'kuWbKzf0ggvPlZFyriB4WqJO7AegyTg4TyfdTSOM.pdf','2025-02-06 11:13:52','2025-02-06 11:13:52'),
(30,39,'rBu5BE8eht2eotm6oIzO7Ov1arUxKpAtWM3iGjUq.jpg','2025-02-06 11:15:51','2025-02-06 11:15:51'),
(31,55,'Jpr3AvjRwjS9pYAsF4mXVVwBkY5rsdManSX3tXhn.jpg','2025-02-06 11:58:03','2025-02-06 11:58:03'),
(32,56,'ZNPPSLPG8lQwaeebVco1RCArEuXcmnIOoDaqrbyE.jpg','2025-02-06 13:38:40','2025-02-06 13:38:40'),
(33,5,'B6e1EsHllmqakEy3gKpPtPTbFjFfT24u6nerxbLu.jpg','2025-02-17 08:19:58','2025-02-17 08:19:58'),
(34,57,'jASLocETOTyJKC5uW81ebGvmqy3b80fFjsW1x7H1.jpg','2025-02-17 08:22:52','2025-02-17 08:22:52'),
(35,66,'H2sAzs8mO9bEIi1baZfelaYt6QvtbEhTfBcMJteB.pdf','2025-02-17 08:29:01','2025-02-17 08:29:01'),
(36,81,'4g91asP1fJrHZJs0ltbUOK7zLr3Qzy5pLFW9oNYh.jpg','2025-02-25 08:26:01','2025-02-25 08:26:01'),
(37,82,'sukwsMyKJ68oAlm0njpbTz3equWtsxxhL9NUZE4o.jpg','2025-02-25 08:27:14','2025-02-25 08:27:14'),
(38,111,'tJ6EdBqE3vqw6KqdDl1ZFy3VSfRsecnw3VKKKZGR.jpg','2025-03-26 13:42:23','2025-03-26 13:42:23'),
(39,110,'cpOMlO6iPvTzSfVztrz2WJQAuxJFx1lKJozBdQ5b.pdf','2025-03-26 13:43:07','2025-03-26 13:43:07'),
(40,109,'aoqGwLBGJPPo7MKT4RA9mJEQoc2Womlj7SbcJgL1.pdf','2025-03-26 13:44:02','2025-03-26 13:44:02'),
(41,108,'vpjpVJCl6Tg0RImlsu5NfgK3hvXGOeWBNbZAUMyl.jpg','2025-03-26 13:44:49','2025-03-26 13:44:49'),
(42,107,'ZQaeGcokGncb8UuIlbPFZioTRi2dHJIlqkTVXppe.pdf','2025-03-26 13:45:51','2025-03-26 13:45:51'),
(43,118,'Xbahm6iFyx4l7pQ1WnkoXY7QEprk8IUck50J7eFh.pdf','2025-04-11 20:08:03','2025-04-11 20:08:03'),
(44,129,'6jYcWW4qvxwsj7XTInkt8eSRJSE2jHqvgfbaqklZ.pdf','2025-04-25 13:01:19','2025-04-25 13:01:19'),
(45,127,'q61M6oKpYGcKzttYps3EE03rUGbEgQrxD0doffNh.pdf','2025-04-25 13:03:29','2025-04-25 13:03:29');
/*!40000 ALTER TABLE `tr_purchase_files` ENABLE KEYS */;
UNLOCK TABLES;

--
-- Table structure for table `tr_purchase_non`
--

DROP TABLE IF EXISTS `tr_purchase_non`;
/*!40101 SET @saved_cs_client     = @@character_set_client */;
/*!40101 SET character_set_client = utf8mb4 */;
CREATE TABLE `tr_purchase_non` (
  `id` bigint(20) unsigned NOT NULL AUTO_INCREMENT,
  `number` varchar(50) NOT NULL,
  `date` date NOT NULL,
  `supplier_id` bigint(20) NOT NULL,
  `reference` varchar(50) DEFAULT NULL,
  `notes` text DEFAULT NULL,
  `subtotal` decimal(18,2) NOT NULL DEFAULT 0.00,
  `delivery_fee` decimal(18,2) NOT NULL DEFAULT 0.00,
  `discount` decimal(18,2) NOT NULL DEFAULT 0.00,
  `total` decimal(18,2) NOT NULL DEFAULT 0.00,
  `payment` decimal(18,2) NOT NULL DEFAULT 0.00,
  `rest` decimal(18,2) NOT NULL DEFAULT 0.00,
  `approved_at` timestamp NULL DEFAULT NULL,
  `approved_by` bigint(20) DEFAULT NULL,
  `sales_id` bigint(20) DEFAULT NULL,
  `is_posting` varchar(1) NOT NULL DEFAULT '0',
  `is_payed` tinyint(4) NOT NULL DEFAULT 0,
  `is_status` tinyint(4) NOT NULL DEFAULT 1,
  `created_at` timestamp NULL DEFAULT NULL,
  `updated_at` timestamp NULL DEFAULT NULL,
  `deleted_at` timestamp NULL DEFAULT NULL,
  `created_by` bigint(20) DEFAULT NULL,
  `updated_by` bigint(20) DEFAULT NULL,
  `deleted_by` bigint(20) DEFAULT NULL,
  PRIMARY KEY (`id`),
  KEY `tr_purchase_non_id_index` (`id`),
  KEY `tr_purchase_non_number_index` (`number`),
  KEY `tr_purchase_non_date_index` (`date`),
  KEY `tr_purchase_non_supplier_id_index` (`supplier_id`),
  KEY `tr_purchase_non_reference_index` (`reference`),
  KEY `tr_purchase_non_approved_at_index` (`approved_at`),
  KEY `tr_purchase_non_approved_by_index` (`approved_by`),
  KEY `tr_purchase_non_is_payed_index` (`is_payed`),
  KEY `tr_purchase_non_is_status_index` (`is_status`),
  KEY `tr_purchase_non_created_by_index` (`created_by`),
  KEY `tr_purchase_non_is_posting_index` (`is_posting`)
) ENGINE=InnoDB AUTO_INCREMENT=81 DEFAULT CHARSET=utf8mb4 COLLATE=utf8mb4_unicode_ci ROW_FORMAT=DYNAMIC;
/*!40101 SET character_set_client = @saved_cs_client */;

--
-- Dumping data for table `tr_purchase_non`
--

LOCK TABLES `tr_purchase_non` WRITE;
/*!40000 ALTER TABLE `tr_purchase_non` DISABLE KEYS */;
INSERT INTO `tr_purchase_non` VALUES
(1,'PO/ESB-N/12025/0001','2025-01-03',37,'SO/ESB/12025/0002','SO/ESB/12025/0002',23180000.00,600000.00,0.00,23780000.00,0.00,23780000.00,'2025-01-31 16:00:54',3,3,'0',0,0,'2025-01-03 13:43:54','2025-02-18 21:55:00','2025-02-18 21:55:00',3,3,3),
(2,'PO/ESB-N/12025/0002','2025-01-04',39,'SO/ESB/12025/0002','SO/ESB/12025/0002',2090000.00,0.00,0.00,2090000.00,2090000.00,0.00,'2025-01-31 16:01:32',3,3,'0',1,1,'2025-01-04 20:40:42','2025-03-06 15:53:30',NULL,3,5,NULL),
(3,'PO/ESB-N/12025/0003','2025-01-07',40,'SO/ESB/12025/0008','Pembelian Alpine cool, SO/ESB/12025/0008. di kirim ke grand lucky - bekasi',2600000.00,0.00,0.00,2600000.00,2600000.00,0.00,'2025-02-06 10:53:00',3,4,'0',1,1,'2025-01-07 11:33:18','2025-02-26 13:20:03',NULL,4,5,NULL),
(4,'PO/ESB-N/12025/0004','2025-01-08',10,'SO/ESB/12025/0005','Untuk Pembelian SO/ESB/12025/0005',66150000.00,0.00,0.00,66150000.00,66150000.00,0.00,'2025-01-31 16:02:41',3,3,'0',1,1,'2025-01-08 19:42:46','2025-02-26 14:12:28',NULL,3,5,NULL),
(5,'PO/ESB-N/12025/0005','2025-01-09',2,NULL,'Pembelian pak Abas no SO/ESB-N/12025/0008',2746000.00,50000.00,0.00,2796000.00,0.00,2796000.00,'2025-02-06 10:53:29',3,4,'0',0,0,'2025-01-09 08:35:24','2025-02-06 10:53:31','2025-02-06 10:53:31',4,3,3),
(6,'PO/ESB-N/12025/0006','2025-01-09',3,'SO/ESB/12025/0012','pembelian SO/ESB/12025/0012',110500.00,0.00,0.00,110500.00,110500.00,0.00,'2025-02-06 10:53:44',3,4,'0',1,1,'2025-01-09 09:20:28','2025-02-26 14:26:02',NULL,4,5,NULL),
(7,'PO/ESB-N/12025/0007','2025-01-09',45,'SO/ESB/12025/0012','pembelian SO/ESB/12025/0012',25000.00,0.00,0.00,25000.00,25000.00,0.00,'2025-02-06 10:53:56',3,4,'0',1,1,'2025-01-09 09:36:45','2025-02-26 14:30:10',NULL,4,5,NULL),
(8,'PO/ESB-N/12025/0008','2025-01-09',46,'SO/ESB/12025/0012','pembelian SO/ESB/12025/0012',795000.00,0.00,0.00,795000.00,795000.00,0.00,'2025-02-06 10:54:06',3,4,'0',1,1,'2025-01-09 09:59:45','2025-02-26 14:39:38',NULL,4,5,NULL),
(9,'PO/ESB-N/12025/0009','2025-01-10',46,'SO/ESB/12025/0014','Pembelian SO/ESB/12025/0014',180000.00,147168.00,0.00,327168.00,327168.00,0.00,'2025-02-06 10:54:15',3,4,'0',1,1,'2025-01-10 10:50:36','2025-03-10 13:25:52',NULL,4,5,NULL),
(10,'PO/ESB-N/12025/0010','2025-01-10',3,'SO/ESB/12025/0014','Pembelian SO/ESB/12025/0014',8000.00,0.00,0.00,8000.00,8000.00,0.00,'2025-02-06 10:54:24',3,4,'0',1,1,'2025-01-10 10:52:00','2025-02-26 14:43:50',NULL,4,5,NULL),
(11,'PO/ESB-N/12025/0011','2025-01-11',3,'SO/ESB/12025/0021','Pembelin SO/ESB/12025/0021',4320000.00,279531.00,0.00,4599531.00,4599531.00,0.00,'2025-02-06 10:54:38',3,4,'0',1,1,'2025-01-11 11:00:04','2025-03-10 14:44:20',NULL,4,5,NULL),
(12,'PO/ESB-N/12025/0012','2025-01-13',48,'SO/ESB/12025/0051','Pembelian SO/ESB/12025/0051\nNo Rekening BCA 675-537-789-2 a/n Ari Desliani Vimenda',8929000.00,200000.00,0.00,9129000.00,9129000.00,0.00,'2025-02-06 10:54:48',3,4,'0',1,1,'2025-01-13 09:48:00','2025-02-26 15:10:07',NULL,4,5,NULL),
(13,'PO/ESB-N/12025/0013','2025-01-14',43,'SO/ESB/12025/0045','Untuk Pembelian SO/ESB/12025/0045. Pengiriman Ke Admiralty Residence, Jl. Fatmawati Raya, Pd. Labu, Cilandak, Jaksel, 12450. Penerima Bpk Sutrisno - 082334471204',6609600.00,0.00,0.00,6609600.00,6609600.00,0.00,'2025-01-31 16:04:24',3,3,'0',1,1,'2025-01-14 16:59:48','2025-02-26 16:23:26',NULL,3,5,NULL),
(14,'PO/ESB-N/12025/0014','2025-01-16',3,'SO/ESB/12025/0027','Pembelian utk Hazedon SO/ESB/12025/0027',56000.00,0.00,0.00,56000.00,56000.00,0.00,'2025-02-06 10:55:00',3,4,'0',1,1,'2025-01-16 06:02:30','2025-02-26 16:31:47',NULL,4,5,NULL),
(15,'PO/ESB-N/12025/0015','2025-01-16',46,'SO/ESB/12025/0027','Pembelian Hazedon SO/ESB/12025/0027',3394000.00,100000.00,0.00,3494000.00,3494000.00,0.00,'2025-02-06 10:55:10',3,4,'0',1,1,'2025-01-16 06:06:32','2025-03-10 13:09:24',NULL,4,5,NULL),
(16,'PO/ESB-N/12025/0016','2025-01-16',51,'SO/ESB/12025/0050','Pembelian pak abas SO/ESB/12025/0050\nBCA 204 004 0679 a/n Susanto',2250000.00,0.00,0.00,2250000.00,2250000.00,0.00,'2025-02-06 10:55:18',3,4,'0',1,1,'2025-01-16 08:53:15','2025-02-26 16:34:34',NULL,4,5,NULL),
(17,'PO/ESB-N/12025/0017','2025-01-18',52,'SO/ESB/12025/0033','Pembelian Hazedon SO/ESB/12025/0033\nBCA 7550-906-966 a/n CV HITECH HARDWARE INDONESIA',662000.00,0.00,0.00,662000.00,662000.00,0.00,'2025-02-06 10:55:24',3,4,'0',1,1,'2025-01-18 07:00:37','2025-02-26 16:46:06',NULL,4,5,NULL),
(18,'PO/ESB-N/12025/0018','2025-01-20',54,'SO/ESB/12025/0035','Pembelian Hazedon SO/ESB/12025/0035\nBCA 1470 240 411 a/n Soelistyo Anggoro Ongkowijaya',850000.00,350000.00,0.00,1200000.00,1200000.00,0.00,'2025-02-06 10:55:30',3,4,'0',1,1,'2025-01-20 16:08:45','2025-03-10 15:35:46',NULL,4,5,NULL),
(19,'PO/ESB-N/12025/0019','2025-01-20',3,'SO/ESB/12025/0035','Pembelian Hazedon SO/ESB/12025/0035\nBCA 406 036 7359 a/n Herry Chandra',197500.00,0.00,0.00,197500.00,197500.00,0.00,'2025-02-06 10:55:36',3,4,'0',1,1,'2025-01-20 16:13:12','2025-02-27 13:17:08',NULL,4,5,NULL),
(20,'PO/ESB-N/12025/0020','2025-01-20',45,'SO/ESB/12025/0035','Pembelian Hazedon SO/ESB/12025/0035\nBCA 4060 8802 77 a/n Marselina Manao',50000.00,0.00,0.00,50000.00,50000.00,0.00,'2025-02-06 10:55:43',3,4,'0',1,1,'2025-01-20 16:16:11','2025-02-27 13:22:55',NULL,4,5,NULL),
(21,'PO/ESB-N/12025/0021','2025-01-20',52,'SO/ESB/12025/0035','Pembelian Hazedon SO/ESB/12025/0035\nBCA 7550 906 966 a/n Hitech Hardware Indonesia CV',102000.00,0.00,0.00,102000.00,102000.00,0.00,'2025-02-06 10:55:59',3,4,'0',1,1,'2025-01-20 16:18:42','2025-02-27 13:21:18',NULL,4,5,NULL),
(22,'PO/ESB-N/12025/0022','2025-01-20',46,'SO/ESB/12025/0035','pembelian Hazedon SO/ESB/12025/0035',1261000.00,100000.00,0.00,1361000.00,1361000.00,0.00,'2025-02-06 10:56:08',3,4,'0',1,1,'2025-01-20 16:21:02','2025-03-10 13:08:15',NULL,4,5,NULL),
(23,'PO/ESB-N/12025/0023','2025-01-22',40,'SO/ESB/12025/0038','CASH BEFORE DELIVERY, SO/ESB/12025/0038',14400000.00,0.00,0.00,14400000.00,14400000.00,0.00,'2025-01-31 16:05:06',3,3,'0',1,1,'2025-01-22 00:27:19','2025-02-27 13:34:31',NULL,3,5,NULL),
(24,'PO/ESB-N/12025/0024','2025-01-22',55,'SO/ESB/12025/0032','CASH BEFORE DELIVERY , SO/ESB/12025/0032',557280.00,75000.00,0.00,632280.00,632280.00,0.00,'2025-01-31 16:05:23',3,3,'0',1,1,'2025-01-22 00:33:54','2025-02-27 13:56:19',NULL,3,5,NULL),
(25,'PO/ESB-N/12025/0025','2025-01-22',5,'SO/ESB/12025/0032','CASH BEFORE DELIVERY , SO/ESB/12025/0032',1080000.00,0.00,0.00,1080000.00,1080000.00,0.00,'2025-01-31 16:05:42',3,3,'0',1,1,'2025-01-22 00:46:10','2025-03-06 16:18:47',NULL,3,5,NULL),
(26,'PO/ESB-N/12025/0026','2025-01-22',3,'SO/ESB/12025/0040','pembelian Alpine Cool, SO/ESB/12025/0040\nBCA 406 036 7359 an Herry Chandra',2885000.00,200000.00,0.00,3085000.00,3085000.00,0.00,'2025-02-06 10:56:18',3,4,'0',1,1,'2025-01-22 06:00:22','2025-03-10 14:45:57',NULL,4,5,NULL),
(27,'PO/ESB-N/12025/0027','2025-01-22',45,'SO/ESB/12025/0040','Pembelian Alpine Cool, SO/ESB/12025/0040\nBCA 4060 8802 77 a/n Marselina manao',365000.00,0.00,0.00,365000.00,0.00,365000.00,NULL,NULL,4,'0',0,0,'2025-01-22 06:03:59','2025-01-22 09:26:41','2025-01-22 09:26:41',4,3,4),
(28,'PO/ESB-N/12025/0028','2025-01-22',45,'SO/ESB/12025/0040','Pembelian Alpine Cool , SO/ESB/12025/0040\nBCA 4060 8802 77 a/n Marselina manao',231000.00,0.00,0.00,231000.00,231000.00,0.00,'2025-02-06 10:56:37',3,4,'0',1,1,'2025-01-22 09:29:12','2025-02-27 14:08:46',NULL,4,5,NULL),
(29,'PO/ESB-N/12025/0029','2025-01-22',5,'SO/ESB/12025/0047','CASH BEFORE DELIVERY ,SO/ESB/12025/0047',558500.00,0.00,0.00,558500.00,558500.00,0.00,'2025-01-31 16:07:40',3,3,'0',1,1,'2025-01-22 21:18:10','2025-02-27 14:15:15',NULL,3,5,NULL),
(30,'PO/ESB-N/12025/0030','2025-01-30',57,'SO/ESB/12025/0057','pembelian pro alpine, SO/ESB/12025/0057\nBCA 001 028 7880 a/n Hendrik',1245000.00,0.00,0.00,1245000.00,0.00,1245000.00,'2025-02-06 10:56:50',3,4,'0',0,0,'2025-01-30 09:07:32','2025-02-06 10:56:53','2025-02-06 10:56:53',4,3,3),
(31,'PO/ESB-N/12025/0031','2025-01-30',3,'SO/ESB/12025/0057','pembelian Pro Alpine, SO/ESB/12025/0057\nBCA 406 036 7359 a/n Herry Chandra',520000.00,0.00,0.00,520000.00,0.00,520000.00,'2025-02-06 10:57:11',3,4,'0',0,0,'2025-01-30 09:11:16','2025-02-06 10:57:13','2025-02-06 10:57:13',4,3,3),
(32,'PO/ESB-N/12025/0032','2025-01-30',43,NULL,'CASH BEFORE DELIVERY, SO/ESB/12025/0058',19000000.00,0.00,0.00,19000000.00,0.00,19000000.00,'2025-01-31 16:08:34',3,3,'0',0,0,'2025-01-30 22:56:09','2025-01-31 16:08:35','2025-01-31 16:08:35',3,3,3),
(33,'PO/ESB-N/12025/0033','2025-01-31',58,'SO/ESB/12025/0064','Pembelian pak abas, SO/ESB/12025/0064\nBCA 711 5038 389 a/n Tio Pwe Mooh',4788000.00,0.00,0.00,4788000.00,4788000.00,0.00,'2025-01-31 16:20:26',3,4,'0',1,1,'2025-01-31 16:07:09','2025-02-20 13:51:46',NULL,4,5,NULL),
(34,'PO/ESB-N/22025/0001','2025-02-01',51,'SO/ESB/12025/0064','Pembelian pak abas, SO/ESB/12025/0064\nBCA 204 004 0679 a/n Susanto',1100000.00,0.00,0.00,1100000.00,0.00,1100000.00,'2025-02-01 14:43:07',3,4,'0',0,0,'2025-02-01 09:10:24','2025-02-06 17:55:49','2025-02-06 17:55:49',4,3,3),
(35,'PO/ESB-N/22025/0002','2025-02-02',40,'SO/ESB/22025/0002','CASH BEFORE DELIVERY , SO/ESB/22025/0002',1800000.00,0.00,0.00,1800000.00,1800000.00,0.00,'2025-02-02 17:04:46',3,3,'0',1,1,'2025-02-02 17:04:38','2025-03-10 15:12:56',NULL,3,5,NULL),
(36,'PO/ESB-N/22025/0003','2025-02-04',65,'SO/ESB/12025/0022','pembelian PT Hazedon, SO/ESB/12025/0022\nBCA 751 005 9772 a/n Uyu Wahyudin',2770000.00,0.00,0.00,2770000.00,2770000.00,0.00,'2025-02-06 10:50:55',3,4,'0',1,1,'2025-02-04 07:53:57','2025-02-20 15:32:30',NULL,4,5,NULL),
(37,'PO/ESB-N/22025/0004','2025-02-04',65,'SO/ESB/12025/0024','pembelian PT Hazedon, SO/ESB/12025/0022\nBCA 751 005 9772 a/n Uyu Wahyudin',1990000.00,0.00,0.00,1990000.00,0.00,1990000.00,'2025-02-06 10:51:45',3,4,'0',0,0,'2025-02-04 07:57:03','2025-02-06 15:19:07','2025-02-06 15:19:07',4,3,4),
(38,'PO/ESB-N/22025/0005','2025-02-06',68,'SO/ESB/12025/0024','pembelian PT Hazedon, SO/ESB/12025/0024\nBCA 512 015 3414 a/n Daniel Fibrianto',3535000.00,84920.00,0.00,3619920.00,3619920.00,0.00,'2025-02-06 10:52:08',3,4,'0',1,1,'2025-02-06 09:05:33','2025-03-10 14:15:08',NULL,4,5,NULL),
(39,'PO/ESB-N/22025/0006','2025-02-06',3,'SO/ESB/12025/0024','pembelian PT Hazedon, SO/ESB/12025/0024\nBCA 406 036 7359 a/n Herry Chandra',922500.00,174141.00,0.00,1096641.00,1096641.00,0.00,'2025-02-06 10:52:21',3,4,'0',1,1,'2025-02-06 09:17:03','2025-03-10 14:49:03',NULL,4,5,NULL),
(40,'PO/ESB-N/22025/0007','2025-02-06',3,'SO/ESB/12025/0024','pembelian PT Hazedon, SO/ESB/12025/0024\nBCA 406 036 7359 a/n Herry Chandra',1440000.00,0.00,0.00,1440000.00,1440000.00,0.00,'2025-02-06 10:52:28',3,4,'0',1,1,'2025-02-06 09:19:48','2025-02-20 14:09:46',NULL,4,5,NULL),
(41,'PO/ESB-N/22025/0008','2025-02-06',70,'SO/ESB/12025/0024','pembelian PT Hazedon, SO/ESB/12025/0024\nBCA 701 007 3400 a/n Freddy Brata',2610000.00,221000.00,0.00,2831000.00,2831000.00,0.00,'2025-02-16 00:47:03',3,4,'0',1,1,'2025-02-06 11:23:12','2025-03-10 14:19:36',NULL,4,5,NULL),
(42,'PO/ESB-N/22025/0009','2025-02-06',3,'SO/ESB/12025/0053','Pembelian pak kabul, SO/ESB/12025/0053\nBCA 406 036 7359 a/n Herry Chandra',18000.00,0.00,0.00,18000.00,18000.00,0.00,'2025-02-16 00:47:11',3,4,'0',1,1,'2025-02-06 11:29:26','2025-03-10 14:47:38',NULL,4,5,NULL),
(43,'PO/ESB-N/22025/0010','2025-02-06',65,'SO/ESB/12025/0024','Pembelian PT Hazedon, SO/ESB/12025/0024\nBCA 751 005 9772 a/n Uyu Wahyudin',1430000.00,0.00,0.00,1430000.00,1430000.00,0.00,'2025-02-16 00:47:19',3,4,'0',1,1,'2025-02-06 15:22:06','2025-03-10 16:43:29',NULL,4,5,NULL),
(44,'PO/ESB-N/22025/0011','2025-02-14',3,'SO/ESB/22025/0021','Pembelian Alpine Cool Utama, SO/ESB/22025/0021\nBCA 406 036 7359 a/n Herry Chandra',4010000.00,452881.00,0.00,4462881.00,0.00,4462881.00,NULL,NULL,4,'0',0,1,'2025-02-14 22:18:40','2025-02-17 08:16:45',NULL,4,4,NULL),
(45,'PO/ESB-N/22025/0012','2025-02-14',3,'SO/ESB/22025/0020','Pembelian Alpine Cool Utama, SO/ESB/22025/0020\nBCA 406 036 7359 a/n Herry Chandra',525000.00,0.00,0.00,525000.00,0.00,525000.00,NULL,NULL,4,'0',0,1,'2025-02-14 22:22:52','2025-02-17 08:15:53',NULL,4,4,NULL),
(46,'PO/ESB-N/22025/0013','2025-02-14',72,'SO/ESB/22025/0021','Pembelian PT Alpine Cool Utama, SO/ESB/22025/0021\nBCA 883 0358 952 a/n Bayu Herwanda\n',1700000.00,0.00,0.00,1700000.00,1700000.00,0.00,'2025-02-22 16:24:07',3,4,'0',1,1,'2025-02-14 22:30:54','2025-02-27 16:19:41',NULL,4,5,NULL),
(47,'PO/ESB-N/22025/0014','2025-02-14',52,'SO/ESB-N/22025/0006','Pembelian Ibu Ranny WIKANU, SO/ESB-N/22025/0006\nBCA 7550 906 966 a/n HITECH HARDWARE INDONESIA',2103000.00,0.00,0.00,2103000.00,2103000.00,0.00,'2025-02-22 16:23:49',3,4,'0',1,1,'2025-02-14 22:54:25','2025-03-10 15:00:38',NULL,4,5,NULL),
(48,'PO/ESB-N/22025/0015','2025-02-14',58,'SO/ESB-N/22025/0001','Pembelian Bpk Abas Buldani, SO/ESB-N/22025/0001\nBCA 711 5038 389 a/n TIO PWE MOOH',4788000.00,0.00,0.00,4788000.00,4788000.00,0.00,'2025-02-22 16:23:40',3,4,'0',1,1,'2025-02-14 23:03:55','2025-02-23 10:32:58',NULL,4,5,NULL),
(49,'PO/ESB-N/22025/0016','2025-02-15',73,'SO/ESB/22025/0029','CASH BEFORE DELIVERY',374284.00,0.00,0.00,374284.00,374284.00,0.00,'2025-02-15 17:58:03',3,3,'0',1,1,'2025-02-15 17:57:58','2025-02-20 13:32:08',NULL,3,5,NULL),
(50,'PO/ESB-N/22025/0017','2025-02-15',40,'SO/ESB/22025/0002','CASH BEFORRE DELIVERY',1800000.00,0.00,0.00,1800000.00,1800000.00,0.00,'2025-02-15 18:14:06',3,3,'0',1,1,'2025-02-15 18:13:59','2025-02-20 15:43:27',NULL,3,5,NULL),
(51,'PO/ESB-N/22025/0018','2025-02-15',42,'SO/ESB/12025/0060','CASH BEFORE DELIVERY',5300000.00,100000.00,0.00,5400000.00,5400000.00,0.00,'2025-02-15 18:16:57',3,3,'0',1,1,'2025-02-15 18:16:52','2025-02-20 14:02:08',NULL,3,5,NULL),
(52,'PO/ESB-N/22025/0019','2025-02-15',75,'SO/ESB/22025/0017','CASH BEFORE DELIVERY',1775000.00,0.00,0.00,1775000.00,1775000.00,0.00,'2025-02-15 18:51:16',3,3,'0',1,1,'2025-02-15 18:51:09','2025-02-20 16:21:58',NULL,3,5,NULL),
(53,'PO/ESB-N/22025/0020','2025-02-15',75,'SO/ESB/22025/0018','CASH BEFORE DELIVERY',1775000.00,0.00,0.00,1775000.00,1775000.00,0.00,'2025-02-15 18:53:18',3,3,'0',1,1,'2025-02-15 18:53:12','2025-02-20 16:22:54',NULL,3,5,NULL),
(54,'PO/ESB-N/22025/0021','2025-02-15',77,'SO/ESB-N/22025/0003','CASH BEFORE DELIVERY',10240000.00,396000.00,0.00,10636000.00,10636000.00,0.00,'2025-02-15 19:09:52',3,3,'0',1,1,'2025-02-15 19:09:36','2025-02-20 13:14:54',NULL,3,5,NULL),
(55,'PO/ESB-N/22025/0022','2025-02-16',75,'SO/ESB/22025/0031','CASH BEFOPE DELIVERY',1725000.00,0.00,0.00,1725000.00,1725000.00,0.00,'2025-02-16 22:19:12',3,3,'0',1,1,'2025-02-16 22:19:06','2025-02-20 16:52:36',NULL,3,5,NULL),
(56,'PO/ESB-N/22025/0023','2025-02-17',51,'SO/ESB/12025/0064','Pembelian pak Abas, SO/ESB/12025/0064\nBCA 204 0040 679 a/n Susanto',1100000.00,0.00,0.00,1100000.00,1100000.00,0.00,'2025-02-22 16:23:26',3,4,'0',1,1,'2025-02-17 07:19:03','2025-03-06 16:28:31',NULL,4,5,NULL),
(57,'PO/ESB-N/22025/0024','2025-02-17',52,'SO/ESB-N/22025/0007','Pembelian PT WIKANU, SO/ESB-N/22025/0007\nBCA 7550 906 966 a/n HITECH HARDWARE INDONESIA, CV',13250000.00,125000.00,265000.00,13110000.00,13110000.00,0.00,'2025-02-22 16:23:18',3,4,'0',1,1,'2025-02-17 08:05:20','2025-03-10 14:36:30',NULL,4,5,NULL),
(58,'PO/ESB-N/22025/0025','2025-02-18',52,'SO/ESB-N/22025/0007','Pembelian PT WIKANU, SO/ESB-N/22025/0007\nBCA 7550 906 966 a/n HITECH HARDWARE INDONESIA, CV',18528000.00,105000.00,370500.00,18262500.00,18262500.00,0.00,'2025-02-22 16:23:10',3,4,'0',1,1,'2025-02-18 17:09:31','2025-02-27 16:52:26',NULL,4,5,NULL),
(59,'PO/ESB-N/22025/0026','2025-01-03',37,NULL,'CASH BEFORE DELIVERY',23180000.00,250000.00,0.00,23430000.00,23430000.00,0.00,'2025-02-18 21:57:45',3,3,'0',1,1,'2025-02-18 21:57:20','2025-02-18 21:59:31',NULL,3,3,NULL),
(60,'PO/ESB-N/22025/0027','2025-02-21',73,'SO/ESB/22025/0038','CASH BEFORE DELIVERY',344160.00,0.00,0.00,344160.00,344160.00,0.00,'2025-02-21 15:36:34',3,3,'0',1,1,'2025-02-21 15:36:16','2025-03-05 16:46:57',NULL,3,5,NULL),
(61,'PO/ESB-N/22025/0028','2025-02-24',45,'SO/ESB-N/22025/0015','pembelian pak kabul, SO/ESB-N/22025/0015\nBCA 4060 8802 77 a/n Marselina manao',77000.00,0.00,0.00,77000.00,77000.00,0.00,'2025-02-25 10:11:32',3,4,'0',1,1,'2025-02-24 10:40:34','2025-03-05 16:35:12',NULL,4,5,NULL),
(62,'PO/ESB-N/22025/0029','2025-02-25',73,'SO/ESB/22025/0038','CASH BEFORE DELIVERY',344160.00,0.00,0.00,344160.00,344160.00,0.00,'2025-02-25 01:14:24',3,3,'0',1,1,'2025-02-25 01:14:17','2025-03-10 14:59:05',NULL,3,5,NULL),
(63,'PO/ESB-N/22025/0030','2025-02-25',52,'SO/ESB-N/22025/0019','Pembelian PT Wijaya Karya Nusa Cipta, SO/ESB-N/22025/0019\nBCA 7550 906 966 a/n Hitech Hardware Indonesia CV',3346000.00,0.00,67000.00,3279000.00,3279000.00,0.00,'2025-02-25 10:11:15',3,4,'0',1,1,'2025-02-25 08:34:35','2025-03-10 14:34:13',NULL,4,5,NULL),
(64,'PO/ESB-N/32025/0001','2025-03-14',72,'SO/ESB/32025/0009','pembelian hazedon, SO/ESB/32025/0009\nBCA 883 0358 952 a/n Bayu Herwanda',1900000.00,0.00,0.00,1900000.00,1900000.00,0.00,'2025-03-15 09:57:59',3,4,'0',1,1,'2025-03-14 17:05:02','2025-03-15 10:58:07',NULL,4,5,NULL),
(65,'PO/ESB-N/32025/0002','2025-03-15',72,'SO/ESB/32025/0007','CASH BEFORE DELIVERY',1725000.00,0.00,0.00,1725000.00,1725000.00,0.00,'2025-03-15 13:56:15',3,3,'0',1,1,'2025-03-15 13:56:08','2025-03-17 13:26:05',NULL,3,5,NULL),
(66,'PO/ESB-N/32025/0003','2025-03-15',72,'SO/ESB/32025/0010','CASH BEFORE DELIVERY',1725000.00,0.00,0.00,1725000.00,1725000.00,0.00,'2025-03-15 13:57:17',3,3,'0',1,1,'2025-03-15 13:57:04','2025-03-17 13:22:19',NULL,3,5,NULL),
(67,'PO/ESB-N/32025/0004','2025-03-15',72,'SO/ESB/32025/0011','CASH BEFORE DELIVERY',3450000.00,0.00,0.00,3450000.00,3450000.00,0.00,'2025-03-15 13:58:05',3,3,'0',1,1,'2025-03-15 13:57:58','2025-03-17 13:19:15',NULL,3,5,NULL),
(68,'PO/ESB-N/32025/0005','2025-03-15',83,'SO/ESB-N/32025/0002','CASH BEFORE DELIVERY',3160000.00,0.00,0.00,3160000.00,3160000.00,0.00,'2025-03-15 14:05:38',3,3,'0',1,1,'2025-03-15 14:05:28','2025-03-17 13:16:47',NULL,3,5,NULL),
(69,'PO/ESB-N/32025/0006','2025-03-25',72,'SO/ESB/32025/0017','pembe;ian hazedon, SO/ESB/32025/0017\nBCA 88303 58952 a/n Bayu Herwanda',3800000.00,0.00,0.00,3800000.00,3800000.00,0.00,'2025-04-17 21:18:55',6,4,'0',1,1,'2025-03-25 09:48:33','2025-04-22 10:31:34',NULL,4,6,NULL),
(70,'PO/ESB-N/32025/0007','2025-03-25',68,'SO/ESB/32025/0017','pembelian hazedon, SO/ESB/32025/0017\nBCA 512 0153 414 a/n Daniel Fibrianto',6979000.00,133830.00,29000.00,7083830.00,7083830.00,0.00,'2025-04-17 21:18:33',6,4,'0',1,1,'2025-03-25 10:18:30','2025-04-22 10:33:26',NULL,4,6,NULL),
(71,'PO/ESB-N/42025/0001','2025-04-10',73,'SO/ESB/42025/0002','CASH BEFORE DELIVERY',3888000.00,0.00,0.00,3888000.00,3888000.00,0.00,'2025-04-16 02:25:01',3,3,'0',1,1,'2025-04-10 16:19:49','2025-04-16 08:48:15',NULL,3,6,NULL),
(72,'PO/ESB-N/42025/0002','2025-04-11',73,'SO/ESB/42025/0006','CASH BEFORE DELIVERY',7776000.00,0.00,0.00,7776000.00,7776000.00,0.00,'2025-04-14 20:29:24',6,3,'0',1,1,'2025-04-11 12:52:08','2025-04-15 11:28:41',NULL,3,5,NULL),
(73,'PO/ESB-N/42025/0003','2025-04-11',3,'SO/ESB/42025/0005','Pembelian Hazedon, SO/ESB/42025/0005\nBCA 406 036 7359 a/n Herry Chandra',516000.00,0.00,0.00,516000.00,516000.00,0.00,'2025-04-14 20:27:51',6,4,'0',1,1,'2025-04-11 20:14:55','2025-04-15 11:17:54',NULL,4,5,NULL),
(74,'PO/ESB-N/42025/0004','2025-04-11',68,'SO/ESB/42025/0005','pembelian hazedon, SO/ESB/42025/0005\nBCA 5120 153 414 a/n Daniel Fibrianto',6742500.00,100000.00,42500.00,6800000.00,6800000.00,0.00,'2025-04-14 20:28:28',6,4,'0',1,1,'2025-04-11 20:28:55','2025-04-15 11:19:21',NULL,4,5,NULL),
(75,'PO/ESB-N/42025/0005','2025-04-14',73,'SO/ESB/42025/0007','CASH BEFORE DELIVERY',41437440.00,0.00,0.00,41437440.00,41437440.00,0.00,'2025-04-16 02:22:32',3,3,'0',1,1,'2025-04-14 14:55:12','2025-04-16 08:35:50',NULL,3,6,NULL),
(76,'PO/ESB-N/42025/0006','2025-04-14',73,'SO/ESB/42025/0002','CASH BEFORE DELIVERY',3888000.00,0.00,0.00,3888000.00,0.00,3888000.00,'2025-04-14 15:08:56',3,3,'0',0,1,'2025-04-14 15:08:47','2025-04-14 15:08:56',NULL,3,3,NULL),
(77,'PO/ESB-N/42025/0007','2025-04-16',46,'SO/ESB/42025/0005','pembelian hazedon, SO/ESB/42025/0005 ',1280000.00,50000.00,0.00,1330000.00,0.00,1330000.00,'2025-04-17 21:13:56',6,4,'0',0,1,'2025-04-16 09:22:11','2025-04-17 21:13:56',NULL,4,6,NULL),
(78,'PO/ESB-N/42025/0008','2025-04-16',3,'SO/ESB-N/42025/0006','Pembelian Pak Rahmatullah',52500.00,0.00,0.00,52500.00,52500.00,0.00,'2025-04-17 21:13:40',6,4,'0',1,1,'2025-04-16 20:59:26','2025-04-21 11:49:05',NULL,4,5,NULL),
(79,'PO/ESB-N/42025/0009','2025-04-21',46,'SO/ESB-N/42025/0008','ToP 30 Hari',16013000.00,0.00,0.00,16013000.00,0.00,16013000.00,NULL,NULL,4,'0',0,1,'2025-04-21 06:10:41','2025-04-22 11:17:21',NULL,4,4,NULL),
(80,'PO/ESB-N/42025/0010','2025-04-21',73,'SO/ESB-N/42025/0004','CASH BEFORE DELIVERY',9966240.00,0.00,0.00,9966240.00,9966240.00,0.00,'2025-04-21 15:07:40',3,3,'0',1,1,'2025-04-21 15:07:30','2025-04-22 11:06:00',NULL,3,6,NULL);
/*!40000 ALTER TABLE `tr_purchase_non` ENABLE KEYS */;
UNLOCK TABLES;

--
-- Table structure for table `tr_purchase_non_details`
--

DROP TABLE IF EXISTS `tr_purchase_non_details`;
/*!40101 SET @saved_cs_client     = @@character_set_client */;
/*!40101 SET character_set_client = utf8mb4 */;
CREATE TABLE `tr_purchase_non_details` (
  `id` bigint(20) unsigned NOT NULL AUTO_INCREMENT,
  `purchase_non_id` bigint(20) NOT NULL,
  `product_name` varchar(100) NOT NULL,
  `unit_name` varchar(50) NOT NULL,
  `qty` decimal(18,2) NOT NULL DEFAULT 0.00,
  `rate` decimal(18,2) NOT NULL DEFAULT 0.00,
  `amount` decimal(18,2) NOT NULL DEFAULT 0.00,
  `created_at` timestamp NULL DEFAULT NULL,
  `updated_at` timestamp NULL DEFAULT NULL,
  PRIMARY KEY (`id`),
  KEY `tr_purchase_non_details_id_index` (`id`),
  KEY `tr_purchase_non_details_purchase_non_id_index` (`purchase_non_id`),
  KEY `tr_purchase_non_details_product_name_index` (`product_name`),
  KEY `tr_purchase_non_details_unit_name_index` (`unit_name`)
) ENGINE=InnoDB AUTO_INCREMENT=665 DEFAULT CHARSET=utf8mb4 COLLATE=utf8mb4_unicode_ci ROW_FORMAT=DYNAMIC;
/*!40101 SET character_set_client = @saved_cs_client */;

--
-- Dumping data for table `tr_purchase_non_details`
--

LOCK TABLES `tr_purchase_non_details` WRITE;
/*!40000 ALTER TABLE `tr_purchase_non_details` DISABLE KEYS */;
INSERT INTO `tr_purchase_non_details` VALUES
(27,5,'Cnp 0.75 Full','btg',20.00,74500.00,1490000.00,'2025-01-09 09:28:13','2025-01-09 09:28:13'),
(28,5,'Spandek 0.25mm x 3m','lbr',4.00,111000.00,444000.00,'2025-01-09 09:28:13','2025-01-09 09:28:13'),
(29,5,'GRC Board 4mm 122x244','lbr',8.00,64000.00,512000.00,'2025-01-09 09:28:13','2025-01-09 09:28:13'),
(30,5,'Asbes 240','lbr',4.00,75000.00,300000.00,'2025-01-09 09:28:13','2025-01-09 09:28:13'),
(180,23,'Pasir Cuci Cilegon + Ayak @6m3','Truck',8.00,1800000.00,14400000.00,'2025-01-22 00:27:19','2025-01-22 00:27:19'),
(181,24,'Arna - Gavin Grey Matt size 60x60','Dus',3.00,185760.00,557280.00,'2025-01-22 00:33:54','2025-01-22 00:33:54'),
(182,25,'ROMAN W63851R - dSparkling Stripes size 30x60','Dus',6.00,180000.00,1080000.00,'2025-01-22 00:46:10','2025-01-22 00:46:10'),
(202,27,'Ftalite Teak Brown 137','klg',5.00,73000.00,365000.00,'2025-01-22 09:09:32','2025-01-22 09:09:32'),
(205,28,'Ftalite Teak Brown 137','klg',3.00,77000.00,231000.00,'2025-01-22 09:30:46','2025-01-22 09:30:46'),
(211,30,'Propan Ceria White 8','pail',3.00,415000.00,1245000.00,'2025-01-30 09:12:03','2025-01-30 09:12:03'),
(212,31,'Plamir Matex 4kg','galon',10.00,52000.00,520000.00,'2025-01-30 09:12:33','2025-01-30 09:12:33'),
(213,32,'Niro GMO01 size 60x60','Dus',100.00,190000.00,19000000.00,'2025-01-30 22:56:09','2025-01-30 22:56:09'),
(245,26,'Balok Kayu 5x10x4m','btg',5.00,105000.00,525000.00,'2025-01-31 14:40:38','2025-01-31 14:40:38'),
(246,26,'Kayu Kaso 5x7x4m','btg',37.00,60000.00,2220000.00,'2025-01-31 14:40:38','2025-01-31 14:40:38'),
(247,26,'Paku 5cm','kg',5.00,14000.00,70000.00,'2025-01-31 14:40:38','2025-01-31 14:40:38'),
(248,26,'Paku 7cm','kg',5.00,14000.00,70000.00,'2025-01-31 14:40:38','2025-01-31 14:40:38'),
(249,1,'Nexus - NX965','m2',95.00,244000.00,23180000.00,'2025-01-31 16:00:39','2025-01-31 16:00:39'),
(250,2,'Ongkos Pasang','M2',95.00,22000.00,2090000.00,'2025-01-31 16:01:23','2025-01-31 16:01:23'),
(251,4,'Sandimas - Mondrian White size 60x120','Dus',125.00,529200.00,66150000.00,'2025-01-31 16:02:25','2025-01-31 16:02:25'),
(252,13,'Niro - GWV02 Matt size 60x60','Dus',17.00,388800.00,6609600.00,'2025-01-31 16:04:15','2025-01-31 16:04:15'),
(254,29,'Roman GT632140CR','Dus',2.00,199500.00,399000.00,'2025-01-31 16:07:15','2025-01-31 16:07:15'),
(255,29,'Roman GT605528R','Dus',1.00,159500.00,159500.00,'2025-01-31 16:07:15','2025-01-31 16:07:15'),
(257,33,'Bata Ringan 10cm','kubik',13.00,380000.00,4788000.00,'2025-01-31 16:16:41','2025-01-31 16:16:41'),
(262,34,'Mortar MU 380 ( pasang hebel )','Sak',10.00,110000.00,1100000.00,'2025-02-01 09:42:17','2025-02-01 09:42:17'),
(273,35,'Pasir Cuci Cilegon + Ayak @6m3','Truck',1.00,1800000.00,1800000.00,'2025-02-02 17:04:38','2025-02-02 17:04:38'),
(302,40,'Triplek 6mm MC meranti','lbr',16.00,90000.00,1440000.00,'2025-02-06 09:21:13','2025-02-06 09:21:13'),
(303,39,'Kawat Bendrat','kg',1.00,12000.00,12000.00,'2025-02-06 09:22:18','2025-02-06 09:22:18'),
(304,39,'Amplas 80','mtr',5.00,5000.00,25000.00,'2025-02-06 09:22:18','2025-02-06 09:22:18'),
(305,39,'Roll Cat Minyak + Gagang','pcs',4.00,8500.00,34000.00,'2025-02-06 09:22:18','2025-02-06 09:22:18'),
(306,39,'Roll Cat Minyak ( Refill )','pcs',9.00,2000.00,18000.00,'2025-02-06 09:22:18','2025-02-06 09:22:18'),
(307,39,'Dynabolt 12x7','pcs',10.00,2850.00,28500.00,'2025-02-06 09:22:18','2025-02-06 09:22:18'),
(308,39,'Exhaust Fan Maspion 10\" Dinding','unit',2.00,380000.00,760000.00,'2025-02-06 09:22:18','2025-02-06 09:22:18'),
(309,39,'Screw SDS 8x25','pcs',200.00,225.00,45000.00,'2025-02-06 09:22:18','2025-02-06 09:22:18'),
(310,38,'Lampu Gantung LED 50watt Highbay','unit',10.00,100000.00,1000000.00,'2025-02-06 09:23:03','2025-02-06 09:23:03'),
(311,38,'Lampu Sorot LED 100watt','unit',6.00,150000.00,900000.00,'2025-02-06 09:23:03','2025-02-06 09:23:03'),
(312,38,'Saklar Panasonic Single Outbow','pcs',13.00,14000.00,182000.00,'2025-02-06 09:23:03','2025-02-06 09:23:03'),
(313,38,'Saklar Panasonic Double Outbow','pcs',4.00,17000.00,68000.00,'2025-02-06 09:23:03','2025-02-06 09:23:03'),
(314,38,'Stop Kontak Panasonic Single Outbow','pcs',10.00,15000.00,150000.00,'2025-02-06 09:23:03','2025-02-06 09:23:03'),
(315,38,'MCB box Hagger Outbow 12 group','pcs',2.00,200000.00,400000.00,'2025-02-06 09:23:03','2025-02-06 09:23:03'),
(316,38,'MCB Schneider 10A','pcs',6.00,65000.00,390000.00,'2025-02-06 09:23:03','2025-02-06 09:23:03'),
(317,38,'MCB Schneider 16A','pcs',4.00,65000.00,260000.00,'2025-02-06 09:23:03','2025-02-06 09:23:03'),
(318,38,'Lampu Philips 12W','pcs',4.00,36250.00,145000.00,'2025-02-06 09:23:03','2025-02-06 09:23:03'),
(319,38,'Flexible pipe','roll',1.00,40000.00,40000.00,'2025-02-06 09:23:03','2025-02-06 09:23:03'),
(320,37,'Slup besi 8mm, ring 8mm uk 8x12 P3m','btg',22.00,65000.00,1430000.00,'2025-02-06 09:24:20','2025-02-06 09:24:20'),
(321,37,'Plat Seat T60 x 0.30mm','meter',20.00,28000.00,560000.00,'2025-02-06 09:24:20','2025-02-06 09:24:20'),
(322,36,'Stiffener besi plat 8mm uk 6x25','pcs',48.00,21500.00,1032000.00,'2025-02-06 09:25:19','2025-02-06 09:25:19'),
(323,36,'Base plate 10mm uk 30x30','pcs',8.00,146000.00,1168000.00,'2025-02-06 09:25:19','2025-02-06 09:25:19'),
(324,36,'Anchor besi m16 x 40cm','pcs',36.00,15000.00,540000.00,'2025-02-06 09:25:19','2025-02-06 09:25:19'),
(325,36,'Handle pintu besi','pcs',2.00,15000.00,30000.00,'2025-02-06 09:25:19','2025-02-06 09:25:19'),
(326,22,'Cnp 0.75 Full','btg',12.00,80000.00,960000.00,'2025-02-06 09:27:13','2025-02-06 09:27:13'),
(327,22,'Reng 28.40','btg',8.00,32000.00,256000.00,'2025-02-06 09:27:13','2025-02-06 09:27:13'),
(328,22,'Screw 10x19','pcs',250.00,180.00,45000.00,'2025-02-06 09:27:13','2025-02-06 09:27:13'),
(329,21,'Handle Tanam Dekson PP 008A 20cm','pcs',2.00,51000.00,102000.00,'2025-02-06 09:27:56','2025-02-06 09:27:56'),
(330,20,'Kain Majun','kg',2.00,25000.00,50000.00,'2025-02-06 09:33:44','2025-02-06 09:33:44'),
(331,19,'Roll Cat Besar + gagang','pcs',2.00,18000.00,36000.00,'2025-02-06 09:36:24','2025-02-06 09:36:24'),
(332,19,'Kuas Cat 3 Inch','pcs',2.00,9000.00,18000.00,'2025-02-06 09:36:24','2025-02-06 09:36:24'),
(333,19,'Talang Kotak PVC putih 4m','btg',2.00,65000.00,130000.00,'2025-02-06 09:36:24','2025-02-06 09:36:24'),
(334,19,'Sambungan Talang PVC putih','pcs',1.00,3500.00,3500.00,'2025-02-06 09:36:24','2025-02-06 09:36:24'),
(335,19,'Dop Talang PVC Putih','pcs',1.00,2500.00,2500.00,'2025-02-06 09:36:24','2025-02-06 09:36:24'),
(336,19,'Corong Talang PVC','pcs',1.00,7500.00,7500.00,'2025-02-06 09:36:24','2025-02-06 09:36:24'),
(337,18,'Kaca polos 6mm uk 71.5cmx195.5cm','lbr',1.00,280000.00,280000.00,'2025-02-06 09:37:19','2025-02-06 09:37:19'),
(338,18,'Kaca polos 6mm uk 75.5cmx195.5cm','lbr',1.00,295000.00,295000.00,'2025-02-06 09:37:19','2025-02-06 09:37:19'),
(339,18,'Sanblast TK J215 uk 120cmx420cm','roll',1.00,275000.00,275000.00,'2025-02-06 09:37:19','2025-02-06 09:37:19'),
(340,17,'Handle Tanam Dekson PP 008A 20cm','pcs',2.00,51000.00,102000.00,'2025-02-06 09:38:00','2025-02-06 09:38:00'),
(341,17,'Rell Pinru Slading 180cm Dekson','btg',2.00,280000.00,560000.00,'2025-02-06 09:38:00','2025-02-06 09:38:00'),
(342,16,'Semen Merah Putih 40kg','sak',50.00,45000.00,2250000.00,'2025-02-06 09:41:13','2025-02-06 09:41:13'),
(343,15,'Gypsum Jayaboard 9mm','lbr',40.00,66000.00,2640000.00,'2025-02-06 09:41:58','2025-02-06 09:41:58'),
(344,15,'Hollow Galvalume 2x4x0.30mm (16x35)','btg',15.00,16000.00,240000.00,'2025-02-06 09:41:58','2025-02-06 09:41:58'),
(345,15,'Hollow Galvalume 4x4x0.30mm (35x35)','btg',13.00,22000.00,286000.00,'2025-02-06 09:41:58','2025-02-06 09:41:58'),
(346,15,'Compound Aplus 20kg','sak',4.00,57000.00,228000.00,'2025-02-06 09:41:58','2025-02-06 09:41:58'),
(347,14,'Kape Besi 8\"','pcs',1.00,15000.00,15000.00,'2025-02-06 09:42:37','2025-02-06 09:42:37'),
(348,14,'Kape Plastik Besar','pcs',2.00,3000.00,6000.00,'2025-02-06 09:42:37','2025-02-06 09:42:37'),
(349,14,'kape gagang kayu 3\"','pcs',2.00,6500.00,13000.00,'2025-02-06 09:42:37','2025-02-06 09:42:37'),
(350,14,'Ember Cor Besar','pcs',2.00,11000.00,22000.00,'2025-02-06 09:42:37','2025-02-06 09:42:37'),
(351,12,'PVC BE 5011 R uk 6m x 60 lbr','mtr',360.00,10500.00,3780000.00,'2025-02-06 09:43:32','2025-02-06 09:43:32'),
(352,12,'Lis Plafond pvc F-US 6cm x 4m','btg',20.00,55000.00,1100000.00,'2025-02-06 09:43:32','2025-02-06 09:43:32'),
(353,12,'Cnp 0.75 Full','btg',12.00,75000.00,900000.00,'2025-02-06 09:43:32','2025-02-06 09:43:32'),
(354,12,'Hollow Galvalume 2x4x0.3mm','btg',12.00,12000.00,144000.00,'2025-02-06 09:43:32','2025-02-06 09:43:32'),
(355,12,'Hollow Galvalume 4x4x0.3mm','btg',40.00,16000.00,640000.00,'2025-02-06 09:43:32','2025-02-06 09:43:32'),
(356,12,'Triplek 9mm MC meranti','lbr',22.00,100000.00,2200000.00,'2025-02-06 09:43:32','2025-02-06 09:43:32'),
(357,12,'Screw Gypsum 6x1','dus',1.00,65000.00,65000.00,'2025-02-06 09:43:32','2025-02-06 09:43:32'),
(358,12,'Screw GRC 6x1','dus',1.00,100000.00,100000.00,'2025-02-06 09:43:32','2025-02-06 09:43:32'),
(359,11,'Amplas 400','lbr',6.00,2000.00,12000.00,'2025-02-06 09:46:19','2025-02-06 09:46:19'),
(360,11,'Amplas 80','lbr',6.00,2000.00,12000.00,'2025-02-06 09:46:19','2025-02-06 09:46:19'),
(361,11,'Aquaproof Abu Tua 061','pail',1.00,960000.00,960000.00,'2025-02-06 09:46:19','2025-02-06 09:46:19'),
(362,11,'Balok Kayu 5x10x4m','btg',3.00,105000.00,315000.00,'2025-02-06 09:46:19','2025-02-06 09:46:19'),
(363,11,'Roll Cat Besar ( Refill )','pcs',2.00,12000.00,24000.00,'2025-02-06 09:46:19','2025-02-06 09:46:19'),
(364,11,'Dulux Catylac Putih 1501 20L','pail',2.00,730000.00,1460000.00,'2025-02-06 09:46:19','2025-02-06 09:46:19'),
(365,11,'Kayu Kaso 5x7x4m','btg',5.00,60000.00,300000.00,'2025-02-06 09:46:19','2025-02-06 09:46:19'),
(366,11,'Kayu Reng 4x3x4m','btg',8.00,26000.00,208000.00,'2025-02-06 09:46:19','2025-02-06 09:46:19'),
(367,11,'Compound Aplus 20kg','sak',1.00,57000.00,57000.00,'2025-02-06 09:46:19','2025-02-06 09:46:19'),
(368,11,'Paku 5cm','kg',1.00,14000.00,14000.00,'2025-02-06 09:46:19','2025-02-06 09:46:19'),
(369,11,'Paku 7cm','kg',1.00,14000.00,14000.00,'2025-02-06 09:46:19','2025-02-06 09:46:19'),
(370,11,'Plamir Matex 4kg','galon',2.00,52000.00,104000.00,'2025-02-06 09:46:19','2025-02-06 09:46:19'),
(371,11,'Semen Kiloan','kg',10.00,2000.00,20000.00,'2025-02-06 09:46:19','2025-02-06 09:46:19'),
(372,11,'Talang Karpet 60cm','meter',20.00,12500.00,250000.00,'2025-02-06 09:46:19','2025-02-06 09:46:19'),
(373,11,'Triplek 3mm','lbr',15.00,38000.00,570000.00,'2025-02-06 09:46:19','2025-02-06 09:46:19'),
(374,10,'Lakban Kertas 1 inch','pcs',2.00,4000.00,8000.00,'2025-02-06 09:48:59','2025-02-06 09:48:59'),
(375,9,'Hollow Galvanis Tali Merah 2x4x0.40mm','btg',3.00,25000.00,75000.00,'2025-02-06 09:50:09','2025-02-06 09:50:09'),
(376,9,'Hollow Galvanis Tali Merah 4x4x0.40mm','btg',3.00,35000.00,105000.00,'2025-02-06 09:50:09','2025-02-06 09:50:09'),
(377,8,'Gypsum Jayaboard 12mm','lbr',6.00,83000.00,498000.00,'2025-02-06 09:50:40','2025-02-06 09:50:40'),
(378,8,'Hollow Galvanis Tali Merah 2x4x0.40mm','btg',4.00,25000.00,100000.00,'2025-02-06 09:50:40','2025-02-06 09:50:40'),
(379,8,'Hollow Galvanis Tali Merah Hitam 4x4x0.45mm','btg',4.00,35000.00,140000.00,'2025-02-06 09:50:40','2025-02-06 09:50:40'),
(380,8,'Compound Aplus 20kg','sak',1.00,57000.00,57000.00,'2025-02-06 09:50:40','2025-02-06 09:50:40'),
(381,7,'Kain Majun','kg',1.00,25000.00,25000.00,'2025-02-06 09:51:15','2025-02-06 09:51:15'),
(382,6,'Screw gypsum 6x1 1/4\"','dus',1.00,38500.00,38500.00,'2025-02-06 09:51:55','2025-02-06 09:51:55'),
(383,6,'Screw Gypsum 6x2','dus',1.00,38500.00,38500.00,'2025-02-06 09:51:55','2025-02-06 09:51:55'),
(384,6,'Roll Cat Besar + gagang','pcs',1.00,18000.00,18000.00,'2025-02-06 09:51:55','2025-02-06 09:51:55'),
(385,6,'Kuas Cat 2,5 Inch','pcs',1.00,7500.00,7500.00,'2025-02-06 09:51:55','2025-02-06 09:51:55'),
(386,6,'Lakban Kertas 1 inch','pcs',2.00,4000.00,8000.00,'2025-02-06 09:51:55','2025-02-06 09:51:55'),
(387,3,'Pasir Bangka Putih','Truck',1.00,2600000.00,2600000.00,'2025-02-06 09:53:44','2025-02-06 09:53:44'),
(393,42,'Roll Cat Besar + gagang','pcs',1.00,18000.00,18000.00,'2025-02-06 11:30:20','2025-02-06 11:30:20'),
(394,41,'Thinner HG','drigen',9.00,290000.00,2610000.00,'2025-02-06 11:31:20','2025-02-06 11:31:20'),
(396,43,'Slup besi 8mm, ring 8mm uk 8x12 P3m','btg',22.00,65000.00,1430000.00,'2025-02-06 15:23:42','2025-02-06 15:23:42'),
(412,48,'Bata Ringan 10cm','M3',12.60,380000.00,4788000.00,'2025-02-14 23:03:55','2025-02-14 23:03:55'),
(413,49,'Montreal Light Grey size 60x60','Dus',2.00,187142.00,374284.00,'2025-02-15 17:57:58','2025-02-15 17:57:58'),
(414,50,'Pasir Cuci Cilegon + Ayak @6M3','Truck',1.00,1800000.00,1800000.00,'2025-02-15 18:13:59','2025-02-15 18:13:59'),
(415,51,'Gresik - Semen @40kg','Sak',100.00,53000.00,5300000.00,'2025-02-15 18:16:52','2025-02-15 18:16:52'),
(416,52,'Pasir Cuci Cilegon @6m3','Truck',1.00,1775000.00,1775000.00,'2025-02-15 18:51:09','2025-02-15 18:51:09'),
(417,53,'Pasir Cuci Cilegon @6m3','Truck',1.00,1775000.00,1775000.00,'2025-02-15 18:53:12','2025-02-15 18:53:12'),
(419,54,'Palisandro Classico size 320x160','Slab',2.00,5120000.00,10240000.00,'2025-02-15 19:09:43','2025-02-15 19:09:43'),
(420,55,'Pasir Cuci Cilegon @6m3','Truck',1.00,1725000.00,1725000.00,'2025-02-16 22:19:06','2025-02-16 22:19:06'),
(445,56,'Mortar MU 380 ( pasang hebel )','sak',10.00,110000.00,1100000.00,'2025-02-17 08:07:48','2025-02-17 08:07:48'),
(446,47,'Flush Bolt - FB 508 Black','PRS',1.00,51000.00,51000.00,'2025-02-17 08:13:09','2025-02-17 08:13:09'),
(447,47,'Deluxe Hinge - ESS DL 4x3x3mm 2BB Black','PRS',1.00,150000.00,150000.00,'2025-02-17 08:13:09','2025-02-17 08:13:09'),
(448,47,'Door Closer - DCL 300 ( Hold Open ) Black','SET',1.00,255000.00,255000.00,'2025-02-17 08:13:09','2025-02-17 08:13:09'),
(449,47,'Mortise Sliding Lock - DL 84100N Black','PCS',1.00,136000.00,136000.00,'2025-02-17 08:13:09','2025-02-17 08:13:09'),
(450,47,'Lever Handle - LHR 0816 Black','',1.00,130000.00,130000.00,'2025-02-17 08:13:09','2025-02-17 08:13:09'),
(451,47,'Full Handle C - PH DL801 25x300x325 Black','',1.00,320000.00,320000.00,'2025-02-17 08:13:09','2025-02-17 08:13:09'),
(452,47,'Top Hanger 715 2W RL SSS','',1.00,357000.00,357000.00,'2025-02-17 08:13:09','2025-02-17 08:13:09'),
(453,47,'Top Hanger 716 4W SSS','',1.00,447000.00,447000.00,'2025-02-17 08:13:09','2025-02-17 08:13:09'),
(454,47,'Bottom Guide 717 RL SSS','',1.00,155000.00,155000.00,'2025-02-17 08:13:09','2025-02-17 08:13:09'),
(455,47,'Pull Plate - PP 008A 200x37.5x13 Black','',1.00,102000.00,102000.00,'2025-02-17 08:13:09','2025-02-17 08:13:09'),
(456,46,'Pasir Cilegon Cuci','truk',1.00,1700000.00,1700000.00,'2025-02-17 08:14:50','2025-02-17 08:14:50'),
(457,45,'Mortar MU 380 ( pasang hebel )','sak',5.00,105000.00,525000.00,'2025-02-17 08:15:53','2025-02-17 08:15:53'),
(458,44,'Tandon Penguin 1.000L + Radar','unit',1.00,1640000.00,1640000.00,'2025-02-17 08:16:45','2025-02-17 08:16:45'),
(459,44,'Semen Serang 40kg','sak',50.00,43000.00,2150000.00,'2025-02-17 08:16:45','2025-02-17 08:16:45'),
(460,44,'Pipa PVC 1/2\" AW','btg',10.00,22000.00,220000.00,'2025-02-17 08:16:45','2025-02-17 08:16:45'),
(515,57,'Top Track Besar 300cm','BTG',2.00,710000.00,1420000.00,'2025-02-18 17:14:11','2025-02-18 17:14:11'),
(516,57,'Deluxe Hinge - ESS DL 4x3x3mm 2BB Black','PRS',20.00,150000.00,3000000.00,'2025-02-18 17:14:11','2025-02-18 17:14:11'),
(517,57,'Mortise Sliding Lock - DL 84100N Black','PCS',1.00,136000.00,136000.00,'2025-02-18 17:14:11','2025-02-18 17:14:11'),
(518,57,'Cylinder - DC DL 60mm Black','PCS',6.00,145000.00,870000.00,'2025-02-18 17:14:11','2025-02-18 17:14:11'),
(519,57,'Escutcheon D01 Matt Black','PRS',2.00,43000.00,86000.00,'2025-02-18 17:14:11','2025-02-18 17:14:11'),
(520,57,'Pull Handle C - PH DL801 25x300x325 Black','PRS',2.00,320000.00,640000.00,'2025-02-18 17:14:11','2025-02-18 17:14:11'),
(521,57,'Pull Plate - PP 008A 200x37.5x13 Black','PCS',10.00,51000.00,510000.00,'2025-02-18 17:14:11','2025-02-18 17:14:11'),
(522,57,'Karet Bulat Hitam','ROLL',2.00,57000.00,114000.00,'2025-02-18 17:14:11','2025-02-18 17:14:11'),
(523,57,'Flush Bolt - FB 508 Black','PRS',10.00,51000.00,510000.00,'2025-02-18 17:14:11','2025-02-18 17:14:11'),
(524,57,'Terod Pintu Alumunium','BTG',40.00,10500.00,420000.00,'2025-02-18 17:14:11','2025-02-18 17:14:11'),
(525,57,'Bottom Channel U Alumunium 300cm (sayap)','BTG',2.00,167000.00,334000.00,'2025-02-18 17:14:11','2025-02-18 17:14:11'),
(526,57,'Top Hanger 715 2W RL SSS','PCS',3.00,357000.00,1071000.00,'2025-02-18 17:14:11','2025-02-18 17:14:11'),
(527,57,'Bottom Guide 717 RL SSS','PCS',3.00,155000.00,465000.00,'2025-02-18 17:14:11','2025-02-18 17:14:11'),
(528,57,'Door Closer - DCL 300 ( Hold Open ) Black','SET',5.00,255000.00,1275000.00,'2025-02-18 17:14:11','2025-02-18 17:14:11'),
(529,57,'Lever Handle - LHR 0816 Black','PRS',5.00,130000.00,650000.00,'2025-02-18 17:14:11','2025-02-18 17:14:11'),
(530,57,'Mortise,handle,cylinder Dekson LHTR 84030','PCS',5.00,205000.00,1025000.00,'2025-02-18 17:14:11','2025-02-18 17:14:11'),
(531,57,'Sleding Set - SR 8901 D4 200cm (100kg)','BTG',2.00,362000.00,724000.00,'2025-02-18 17:14:11','2025-02-18 17:14:11'),
(542,58,'Deluxe Hinge - ESS DL 4x3x3mm 2BB Black','PRS',21.00,150000.00,3150000.00,'2025-02-18 17:15:41','2025-02-18 17:15:41'),
(543,58,'Cylinder - DC DL 60mm Black','PCS',7.00,145000.00,1015000.00,'2025-02-18 17:15:41','2025-02-18 17:15:41'),
(544,58,'Pull Handle C - PH DL801 25x300x325 Black','PRS',1.00,320000.00,320000.00,'2025-02-18 17:15:41','2025-02-18 17:15:41'),
(545,58,'Pull Plate - PP 008A 200x37.5x13 Black','PCS',4.00,51000.00,204000.00,'2025-02-18 17:15:41','2025-02-18 17:15:41'),
(546,58,'Flush Bolt - FB 508 Black','PRS',7.00,51000.00,357000.00,'2025-02-18 17:15:41','2025-02-18 17:15:41'),
(547,58,'Terod Pintu Alumunium','BTG',16.00,10500.00,168000.00,'2025-02-18 17:15:41','2025-02-18 17:15:41'),
(548,58,'Door Closer - DCL 300 ( Hold Open ) Black','SET',42.00,255000.00,10710000.00,'2025-02-18 17:15:41','2025-02-18 17:15:41'),
(549,58,'Lever Handle - LHR 0816 Black','PRS',5.00,130000.00,650000.00,'2025-02-18 17:15:41','2025-02-18 17:15:41'),
(550,58,'Mortise Lock 84030 Black','PCS',6.00,205000.00,1230000.00,'2025-02-18 17:15:41','2025-02-18 17:15:41'),
(551,58,'Sleding Set - SR 8901 D4 200cm (100kg)','BTG',2.00,362000.00,724000.00,'2025-02-18 17:15:41','2025-02-18 17:15:41'),
(552,59,'Nexus NX - 965','M2',95.00,244000.00,23180000.00,'2025-02-18 21:57:20','2025-02-18 21:57:20'),
(553,60,'Bulgary Grey size 60x60','Dus',2.00,172080.00,344160.00,'2025-02-21 15:36:16','2025-02-21 15:36:16'),
(555,62,'Bulgary Grey size 60x60','Dus',2.00,172080.00,344160.00,'2025-02-25 01:14:17','2025-02-25 01:14:17'),
(556,61,'Ftalite Permanent Red KF-43','klg',1.00,77000.00,77000.00,'2025-02-25 08:27:55','2025-02-25 08:27:55'),
(557,63,'Deluxe Hinge - ESS DL 4x3x3mm 2BB Black','PRS',7.00,150000.00,1050000.00,'2025-02-25 08:34:35','2025-02-25 08:34:35'),
(558,63,'Mortise Sliding Lock - DL 84100N Black','PCS',1.00,136000.00,136000.00,'2025-02-25 08:34:35','2025-02-25 08:34:35'),
(559,63,'Cylinder - DC DL 60mm Black','PCS',3.00,145000.00,435000.00,'2025-02-25 08:34:35','2025-02-25 08:34:35'),
(560,63,'Top Hanger 715 2W RL SSS','PCS',1.00,357000.00,357000.00,'2025-02-25 08:34:35','2025-02-25 08:34:35'),
(561,63,'Bottom Guide 717 RL SSS','PCS',1.00,155000.00,155000.00,'2025-02-25 08:34:35','2025-02-25 08:34:35'),
(562,63,'Lever Handle - LHTR 0019 Black','PRS',3.00,263000.00,789000.00,'2025-02-25 08:34:35','2025-02-25 08:34:35'),
(563,63,'Mortise Lock - MTS L DL 8485 Black','PCS',2.00,212000.00,424000.00,'2025-02-25 08:34:35','2025-02-25 08:34:35'),
(565,64,'Pasir Cuci Cilegon @6m3','truck',1.00,1900000.00,1900000.00,'2025-03-14 17:12:49','2025-03-14 17:12:49'),
(566,65,'Pasir Cilegon @6m3','Truck',1.00,1725000.00,1725000.00,'2025-03-15 13:56:08','2025-03-15 13:56:08'),
(567,66,'Pasir Cuci Cilegon @6m3','Truck',1.00,1725000.00,1725000.00,'2025-03-15 13:57:04','2025-03-15 13:57:04'),
(568,67,'Pasir Cuci Cilegon @6m3','Truck',2.00,1725000.00,3450000.00,'2025-03-15 13:57:58','2025-03-15 13:57:58'),
(569,68,'Champion - SPC CC05mm','Dus',8.00,395000.00,3160000.00,'2025-03-15 14:05:28','2025-03-15 14:05:28'),
(591,70,'Inbow Panasonic Wide Series','pcs',30.00,2500.00,75000.00,'2025-03-26 13:40:27','2025-03-26 13:40:27'),
(592,70,'Cable Jembo NYM 3x2.5mm @50m','roll',2.00,820000.00,1640000.00,'2025-03-26 13:40:27','2025-03-26 13:40:27'),
(593,70,'Cable Jembo NYM 3x4mm @50m','roll',2.00,1750000.00,3500000.00,'2025-03-26 13:40:27','2025-03-26 13:40:27'),
(594,70,'Pipa Conduit 20mm BOSS','btg',37.00,12000.00,444000.00,'2025-03-26 13:40:27','2025-03-26 13:40:27'),
(595,70,'Sok Conduit BOSS','pack',3.00,85000.00,255000.00,'2025-03-26 13:40:27','2025-03-26 13:40:27'),
(596,70,'Elbow Conduit BOSS','pack',1.00,600000.00,600000.00,'2025-03-26 13:40:27','2025-03-26 13:40:27'),
(597,70,'Clamp Conduit BOSS','pack',2.00,85000.00,170000.00,'2025-03-26 13:40:27','2025-03-26 13:40:27'),
(598,70,'Tee dus Boss 20mm 3 way','pcs',20.00,8500.00,170000.00,'2025-03-26 13:40:27','2025-03-26 13:40:27'),
(599,70,'Tee dus Boss 20mm 2 way','pcs',10.00,8500.00,85000.00,'2025-03-26 13:40:27','2025-03-26 13:40:27'),
(600,70,'Isolasi Nitto','pcs',5.00,8000.00,40000.00,'2025-03-26 13:40:27','2025-03-26 13:40:27'),
(601,69,'Pasir Cuci Cilegon @6m3','truck',2.00,1900000.00,3800000.00,'2025-03-26 13:41:08','2025-03-26 13:41:08'),
(603,72,'New Black size 60x60','Dus',40.00,194400.00,7776000.00,'2025-04-11 12:52:08','2025-04-11 12:52:08'),
(604,73,'Roll Cat Besar + gagang','pcs',2.00,18000.00,36000.00,'2025-04-11 20:14:55','2025-04-11 20:14:55'),
(605,73,'Roll Cat Besar ( Refill )','pcs',5.00,12000.00,60000.00,'2025-04-11 20:14:55','2025-04-11 20:14:55'),
(606,73,'Kuas Cat 4 Inch','pcs',4.00,10000.00,40000.00,'2025-04-11 20:14:55','2025-04-11 20:14:55'),
(607,73,'Kuas Cat 1,5 Inch','pcs',4.00,4000.00,16000.00,'2025-04-11 20:14:55','2025-04-11 20:14:55'),
(608,73,'Kuas Cat 3 Inch','pcs',4.00,8000.00,32000.00,'2025-04-11 20:14:55','2025-04-11 20:14:55'),
(609,73,'Kuas Cat 2 Inch','pcs',4.00,5000.00,20000.00,'2025-04-11 20:14:55','2025-04-11 20:14:55'),
(610,73,'Plastik Cor Hijau','roll',6.00,52000.00,312000.00,'2025-04-11 20:14:55','2025-04-11 20:14:55'),
(631,74,'Inbow Panasonic Wide Series','pcs',20.00,2500.00,50000.00,'2025-04-12 06:08:58','2025-04-12 06:08:58'),
(632,74,'Cable Jembo NYM 3x2.5mm @50m','roll',2.00,820000.00,1640000.00,'2025-04-12 06:08:58','2025-04-12 06:08:58'),
(633,74,'Cable Jembo NYM 3x4mm @50m','roll',2.00,1750000.00,3500000.00,'2025-04-12 06:08:58','2025-04-12 06:08:58'),
(634,74,'Pipa Conduit 20mm BOSS','btg',30.00,12000.00,360000.00,'2025-04-12 06:08:58','2025-04-12 06:08:58'),
(635,74,'Sok Conduit BOSS','pack',3.00,85000.00,255000.00,'2025-04-12 06:08:58','2025-04-12 06:08:58'),
(636,74,'Elbow Conduit BOSS','pack',1.00,600000.00,600000.00,'2025-04-12 06:08:58','2025-04-12 06:08:58'),
(637,74,'Clamp Conduit BOSS','pack',2.00,85000.00,170000.00,'2025-04-12 06:08:58','2025-04-12 06:08:58'),
(638,74,'Tee dus Boss 20mm 3 way','pcs',10.00,8500.00,85000.00,'2025-04-12 06:08:58','2025-04-12 06:08:58'),
(639,74,'Tee dus Boss 20mm 2 way','pcs',5.00,8500.00,42500.00,'2025-04-12 06:08:58','2025-04-12 06:08:58'),
(640,74,'Isolasi Nitto','pcs',5.00,8000.00,40000.00,'2025-04-12 06:08:58','2025-04-12 06:08:58'),
(641,75,'Bologna White size 60x60','Dus',240.00,163440.00,39225600.00,'2025-04-14 14:55:12','2025-04-14 14:55:12'),
(642,75,'Mozart Cemento size 60x60','Dus',12.00,184320.00,2211840.00,'2025-04-14 14:55:12','2025-04-14 14:55:12'),
(643,76,'Rudy Gress - New Black size 60x60','Dus',20.00,194400.00,3888000.00,'2025-04-14 15:08:47','2025-04-14 15:08:47'),
(644,71,'Rudy Gress - New Black size 60x60','Dus',20.00,194400.00,3888000.00,'2025-04-16 02:24:52','2025-04-16 02:24:52'),
(645,77,'Hollow 40x40x0.30 Kotak Full','btg',40.00,32000.00,1280000.00,'2025-04-16 09:22:11','2025-04-16 09:22:11'),
(646,78,'Screw 10x16','pcs',200.00,150.00,30000.00,'2025-04-16 20:59:26','2025-04-16 20:59:26'),
(647,78,'Screw Roofing 5cm','pcs',50.00,450.00,22500.00,'2025-04-16 20:59:26','2025-04-16 20:59:26'),
(658,80,'Tropaz Grey Matt size 60x60','Dus',19.00,185760.00,3529440.00,'2025-04-21 15:07:30','2025-04-21 15:07:30'),
(659,80,'Rustico White Matt size 60x60','Dus',30.00,214560.00,6436800.00,'2025-04-21 15:07:30','2025-04-21 15:07:30'),
(660,79,'Gypsum Jayaboard 9mm','lbr',80.00,64000.00,5120000.00,'2025-04-22 11:17:21','2025-04-22 11:17:21'),
(661,79,'Hollow Galvanis Tali Hitam Kuning 2x4x0.50mm','btg',250.00,33500.00,8375000.00,'2025-04-22 11:17:21','2025-04-22 11:17:21'),
(662,79,'Hollow Galvanis Tali Hitam Kuning 4x4x0.50mm','btg',50.00,44000.00,2200000.00,'2025-04-22 11:17:21','2025-04-22 11:17:21'),
(663,79,'Compound Aplus 20kg','zak',4.00,57000.00,228000.00,'2025-04-22 11:17:21','2025-04-22 11:17:21'),
(664,79,'Paku Beton 5cm','ktk',2.00,45000.00,90000.00,'2025-04-22 11:17:21','2025-04-22 11:17:21');
/*!40000 ALTER TABLE `tr_purchase_non_details` ENABLE KEYS */;
UNLOCK TABLES;

--
-- Table structure for table `tr_purchase_non_files`
--

DROP TABLE IF EXISTS `tr_purchase_non_files`;
/*!40101 SET @saved_cs_client     = @@character_set_client */;
/*!40101 SET character_set_client = utf8mb4 */;
CREATE TABLE `tr_purchase_non_files` (
  `id` bigint(20) unsigned NOT NULL AUTO_INCREMENT,
  `purchase_non_id` bigint(20) NOT NULL,
  `file` varchar(100) NOT NULL,
  `created_at` timestamp NULL DEFAULT NULL,
  `updated_at` timestamp NULL DEFAULT NULL,
  PRIMARY KEY (`id`),
  KEY `tr_purchase_non_files_id_index` (`id`),
  KEY `tr_purchase_non_files_purchase_non_id_index` (`purchase_non_id`)
) ENGINE=InnoDB AUTO_INCREMENT=42 DEFAULT CHARSET=utf8mb4 COLLATE=utf8mb4_unicode_ci ROW_FORMAT=DYNAMIC;
/*!40101 SET character_set_client = @saved_cs_client */;

--
-- Dumping data for table `tr_purchase_non_files`
--

LOCK TABLES `tr_purchase_non_files` WRITE;
/*!40000 ALTER TABLE `tr_purchase_non_files` DISABLE KEYS */;
INSERT INTO `tr_purchase_non_files` VALUES
(1,2,'EGChdUqCgxfR3zEwm7O3GJKBbHlQq0CZVoaUEnDq.pdf','2025-01-04 20:40:42','2025-01-04 20:40:42'),
(2,3,'uI9aupLtnA66JjlchD0PMKvUIv4TQv6MTBPTrFpE.pdf','2025-01-07 11:33:18','2025-01-07 11:33:18'),
(3,5,'vmDHtptRhTs7AT3r3Df8GfH4bOnOYxNid51zZRI6.jpg','2025-01-09 08:58:56','2025-01-09 08:58:56'),
(4,10,'NjdEsV1OI7INQquXLArc7wxCh2JZ8bGU05oI7W5o.jpg','2025-01-10 10:54:18','2025-01-10 10:54:18'),
(5,11,'0njbcGRTZyHBPQHNTttbK6KkxbhuSOPHzKHF18Lk.jpg','2025-01-11 11:26:50','2025-01-11 11:26:50'),
(6,12,'TiZkm6pJoXVH4rp9r4UtsEBheTyDIfIPp85JpMFM.jpg','2025-01-13 09:53:27','2025-01-13 09:53:27'),
(7,14,'pPYSNiTIlIGFgeoPZuAgzg52kOwP6AVgS0ptQwgE.jpg','2025-01-16 08:33:31','2025-01-16 08:33:31'),
(8,16,'J8mCSzkaPpiyV4wY8VW7V1dbncm8GzLtANw1zcrO.jpg','2025-01-16 12:42:30','2025-01-16 12:42:30'),
(9,17,'pxxqi9S7CVV6ENliBQTGIaPiKRVW8GtXcpeW14MA.jpg','2025-01-18 08:23:30','2025-01-18 08:23:30'),
(10,21,'wLqtxCNGBhJL21ZgioGILuNeMT9sQi6XpJizO0Lx.jpg','2025-01-20 16:26:11','2025-01-20 16:26:11'),
(11,19,'pL9lfZE6eOnWDXSXCF5Pt84Fnptg3UI9EwHhMjhf.jpg','2025-01-20 16:26:44','2025-01-20 16:26:44'),
(12,18,'YDCJpqbt5zdYe7gjrlGR4OsOvBA3RTYzks0zUZDC.jpg','2025-01-20 16:27:07','2025-01-20 16:27:07'),
(13,23,'jCH7gkE7zYSsXx5BurC0xKuCQvBvsc3Or0XvHJJH.pdf','2025-01-22 00:27:19','2025-01-22 00:27:19'),
(14,24,'8xcTKsTMTvqIgS47fPwyBEi1MdNUPa38vbh7tGPs.jpg','2025-01-22 00:33:54','2025-01-22 00:33:54'),
(15,27,'rxbVGZ8j9V3544uy5cFRYxKRB0AItapb41EtY3yz.jpg','2025-01-22 08:35:09','2025-01-22 08:35:09'),
(16,26,'qOg9dmpPyIdBM959V7MmHEVuPg1VeeaiiCzdADRW.jpg','2025-01-22 08:53:24','2025-01-22 08:53:24'),
(17,28,'uD4u4RTpJSKDCIH7ULgCUv6v1V5IWYTK3ue8z2pw.jpg','2025-01-22 09:30:46','2025-01-22 09:30:46'),
(18,30,'iu6NFD0RUm1s4MIfuscBHeedmszVWc0dKnoBKrwh.jpg','2025-01-30 09:08:46','2025-01-30 09:08:46'),
(19,31,'tYiAXQ8Ab8bDjfAxBSor0RmOD1WMowsBmb9cEKuv.jpg','2025-01-30 09:12:33','2025-01-30 09:12:33'),
(20,34,'PK4aEaIIqBf0MKXIhcnPlr28wGuo3RrSnZh09NM8.jpg','2025-02-01 09:42:17','2025-02-01 09:42:17'),
(21,40,'EMXOLCTpQ7bZcqrilRHVmH4DIRYSgXYqeMPkRmwS.jpg','2025-02-06 09:21:13','2025-02-06 09:21:13'),
(22,39,'phiUKB6B8MfsAPpYCLI7RxIcjN82ugn2XqhxLiqr.jpg','2025-02-06 09:22:18','2025-02-06 09:22:18'),
(23,38,'CE4faCp09bYmN3sGXmTgWwHTTtr4nByOeJDcPw9o.jpg','2025-02-06 09:23:03','2025-02-06 09:23:03'),
(24,37,'JJYbicwW9tu49RUnli3RBaBXMZ6HvNTNjt1ayy6H.jpg','2025-02-06 09:24:20','2025-02-06 09:24:20'),
(25,36,'Oj8izQtfS5CR2QjelGdaaz5Ic4nizmdUTG9lRC8F.jpg','2025-02-06 09:25:19','2025-02-06 09:25:19'),
(26,42,'cwCjnLZO9WD68suh9CTMhlNFOFX5kCZRlyyZt2cM.jpg','2025-02-06 11:30:20','2025-02-06 11:30:20'),
(27,41,'W07luJOCnqfzEgxS02ti7VkXoL3sd9qdEF4sjmWu.jpg','2025-02-06 11:31:20','2025-02-06 11:31:20'),
(28,43,'khHD1gy8vE0aUw2y2VLvq8Y9pikZJmQpQDL3TP4H.jpg','2025-02-06 15:23:42','2025-02-06 15:23:42'),
(30,56,'APHg5IFwuLvRS5pURS0H3L5PsKkCzK05JgBLxMrk.jpg','2025-02-17 08:07:48','2025-02-17 08:07:48'),
(31,47,'BKLZ6MXfxQwcnUyN1cuBROK4LnC9aBaxrKPsuSll.jpg','2025-02-17 08:13:09','2025-02-17 08:13:09'),
(32,46,'r3FClZVFC0NTI6A0tqgIZ5mD0JwvHsxDB64KR5lD.jpg','2025-02-17 08:14:50','2025-02-17 08:14:50'),
(33,45,'xAcTUx3MZnstvbjeyd0yC8sOwe3YT3z02zYqFInV.jpg','2025-02-17 08:15:53','2025-02-17 08:15:53'),
(34,44,'BPbZ3SHk37sdVTEIvoETCpmACoOPenGtwBuQX7Rk.jpg','2025-02-17 08:16:45','2025-02-17 08:16:45'),
(35,57,'dLZax7ZFjJqoTRzpKl1HjWeff0Au1xP4hyYl1IWd.jpg','2025-02-18 17:14:11','2025-02-18 17:14:11'),
(36,58,'ZIBu1cacGlKGlY1kf25eLdBOMU0L8wZkBJvTvcwA.jpg','2025-02-18 17:14:45','2025-02-18 17:14:45'),
(37,61,'uTGrP4kpHJL76QcyT90kTOD5SB3TN1S29e3c14Am.jpg','2025-02-25 08:27:55','2025-02-25 08:27:55'),
(38,63,'L4wbLENugiprcq0Mryr7p551AUkcwVCposSP6gGp.jpg','2025-02-25 08:34:35','2025-02-25 08:34:35'),
(39,70,'miWSLmjGjF57T2GuaE3GkWZmabz5TgY8UmGQ93AP.jpg','2025-03-26 13:40:27','2025-03-26 13:40:27'),
(40,69,'soUUHUrRIPUm5jnEN0teBf0LUbc6paZ1zcObO312.jpg','2025-03-26 13:41:08','2025-03-26 13:41:08'),
(41,73,'ps0BVE41zPWeFvYoGAxf0v7luXg4RY1mXOoN9gDL.jpg','2025-04-11 20:14:55','2025-04-11 20:14:55');
/*!40000 ALTER TABLE `tr_purchase_non_files` ENABLE KEYS */;
UNLOCK TABLES;

--
-- Table structure for table `tr_receives`
--

DROP TABLE IF EXISTS `tr_receives`;
/*!40101 SET @saved_cs_client     = @@character_set_client */;
/*!40101 SET character_set_client = utf8mb4 */;
CREATE TABLE `tr_receives` (
  `id` bigint(20) unsigned NOT NULL AUTO_INCREMENT,
  `sales_id` bigint(20) NOT NULL,
  `sales_type` varchar(1) NOT NULL COMMENT '1 = sales, 2 = sales non',
  `date` date NOT NULL,
  `payment_method_id` bigint(20) NOT NULL,
  `amount` decimal(18,2) NOT NULL DEFAULT 0.00,
  `notes` text DEFAULT NULL,
  `is_status` varchar(191) NOT NULL DEFAULT '1',
  `created_at` timestamp NULL DEFAULT NULL,
  `updated_at` timestamp NULL DEFAULT NULL,
  `created_by` bigint(20) DEFAULT NULL,
  `updated_by` bigint(20) DEFAULT NULL,
  PRIMARY KEY (`id`),
  KEY `tr_receives_id_index` (`id`),
  KEY `tr_receives_sales_id_index` (`sales_id`),
  KEY `tr_receives_sales_type_index` (`sales_type`),
  KEY `tr_receives_date_index` (`date`),
  KEY `tr_receives_payment_method_id_index` (`payment_method_id`),
  KEY `tr_receives_is_status_index` (`is_status`),
  KEY `tr_receives_created_by_index` (`created_by`)
) ENGINE=InnoDB AUTO_INCREMENT=112 DEFAULT CHARSET=utf8mb4 COLLATE=utf8mb4_unicode_ci ROW_FORMAT=DYNAMIC;
/*!40101 SET character_set_client = @saved_cs_client */;

--
-- Dumping data for table `tr_receives`
--

LOCK TABLES `tr_receives` WRITE;
/*!40000 ALTER TABLE `tr_receives` DISABLE KEYS */;
INSERT INTO `tr_receives` VALUES
(1,21,'1','2025-02-18',2,26240000.00,'ONGKIR RP. 100.000','1','2025-02-18 22:05:01','2025-02-18 22:05:01',3,3),
(2,40,'1','2025-02-14',1,34855199.00,'SO/ESB/22025/0026','1','2025-02-18 22:23:26','2025-02-18 22:23:26',3,3),
(3,1,'1','2025-02-01',2,6160000.00,'INV/ESB/22025/0001','1','2025-02-19 10:51:18','2025-02-19 10:51:18',5,5),
(4,37,'1','2025-02-11',2,998250.00,'SO/ESB/22025/0029 DP','1','2025-02-19 14:58:59','2025-02-19 14:58:59',5,5),
(5,31,'1','2025-02-11',2,6855000.00,'SO/ESB/22025/0022','1','2025-02-19 15:02:26','2025-02-19 15:02:26',5,5),
(6,38,'1','2025-02-15',2,2305000.00,'SO/ESB/22025/0028','1','2025-02-19 15:25:36','2025-02-19 15:25:36',5,5),
(7,36,'1','2025-02-17',2,2111220.00,'SO/ESB/22025/0027','1','2025-02-19 15:28:30','2025-02-19 15:28:30',5,5),
(8,17,'1','2025-01-22',2,3286000.00,'SO/ESB/12025/0039','1','2025-02-19 15:33:46','2025-02-19 15:33:46',5,5),
(9,35,'1','2025-02-14',2,11280000.00,'SO/ESB/22025/0025','1','2025-02-19 15:38:18','2025-02-19 15:38:18',5,5),
(10,41,'1','2025-02-17',2,1840000.00,'SO/ESB/22025/0031','1','2025-02-23 10:44:29','2025-02-23 10:44:29',5,5),
(11,34,'1','2025-02-18',2,17976640.00,'SO/ESB/22025/0008, DP TGL 5-02-25 DAN PELUNASAN TGL 18-02-25','1','2025-02-23 10:49:30','2025-02-23 10:49:30',5,5),
(12,20,'1','2025-01-08',2,1570000.00,'SO/ESB/12025/0012','1','2025-03-03 16:42:46','2025-03-03 16:42:46',5,5),
(13,29,'1','2025-01-10',2,363000.00,'SO/ESB/12025/0014','1','2025-03-03 16:44:29','2025-03-03 16:44:29',5,5),
(14,42,'1','2025-02-18',2,15343574.00,'SO/ESB/22025/0023','1','2025-03-03 16:48:50','2025-03-03 16:48:50',5,5),
(15,11,'1','2025-02-07',2,13875001.00,'SO/ESB/22025/0016','1','2025-03-03 16:50:29','2025-03-03 16:50:29',5,5),
(16,6,'1','2025-02-04',2,8050000.00,'SO/ESB/22025/0006','1','2025-03-03 16:51:55','2025-03-03 16:51:55',5,5),
(17,7,'1','2025-02-03',2,5450000.00,'SO/ESB/22025/0003','1','2025-03-03 16:53:29','2025-03-03 16:53:29',5,5),
(18,3,'1','2025-01-30',2,5450000.00,'SO/ESB/12025/0060','1','2025-03-03 16:55:22','2025-03-03 16:55:22',5,5),
(19,65,'1','2025-02-27',2,1840000.00,'SO/ESB/22025/0043','1','2025-03-05 10:42:52','2025-03-05 10:42:52',5,5),
(20,66,'1','2025-02-27',2,3440800.00,'SO/ESB/22025/0042','1','2025-03-05 10:44:12','2025-03-05 10:44:12',5,5),
(21,64,'1','2025-02-26',2,11280000.00,'SO/ESB/22025/0041','1','2025-03-05 10:45:26','2025-03-05 10:45:26',5,5),
(22,10,'2','2025-02-26',2,1414000.00,'SO/ESB-N/22025/0020','1','2025-03-05 10:47:05','2025-03-05 10:47:05',5,5),
(23,9,'2','2025-02-24',2,3700500.00,'SO/ESB-N/22025/0019','1','2025-03-05 10:48:53','2025-03-05 10:48:53',5,5),
(24,11,'2','2025-02-24',1,22924000.00,'SO/ESB-N/22025/0017','1','2025-03-05 10:57:06','2025-03-05 10:57:06',5,5),
(25,8,'2','2025-02-21',1,11064000.00,'SO/ESB-N/22025/0015','1','2025-03-05 11:20:16','2025-03-05 11:20:16',5,5),
(26,43,'1','2025-02-18',2,29649600.00,'SO/ESB/22025/0033','1','2025-03-05 11:26:16','2025-03-05 11:26:16',5,5),
(27,45,'1','2025-02-19',2,635843.00,'SO/ESB/22025/0034','1','2025-03-05 11:29:38','2025-03-05 11:29:38',5,5),
(28,7,'2','2025-02-14',1,5535360.00,'SO/ESB-N/22025/0011','1','2025-03-05 11:39:14','2025-03-05 11:39:14',5,5),
(29,5,'2','2025-02-14',1,2312500.00,'SO/ESB-N/22025/0006','1','2025-03-05 13:11:39','2025-03-05 13:11:39',5,5),
(30,2,'2','2025-02-13',1,11680000.00,'SO/ESB-N/22025/0004','1','2025-03-05 13:16:57','2025-03-05 13:16:57',5,5),
(31,4,'2','2025-02-13',1,1818950.00,'SO/ESB-N/22025/0005','1','2025-03-05 13:27:07','2025-03-05 13:27:07',5,5),
(32,10,'1','2025-02-04',2,930000.00,'SO/ESB/22025/0007','1','2025-03-05 13:41:35','2025-03-05 13:41:35',5,5),
(33,19,'1','2025-02-24',2,3586000.00,'SO/ESB/12025/0040','1','2025-03-05 13:47:57','2025-03-05 13:47:57',5,5),
(34,22,'1','2025-01-22',2,10440000.00,'SO/ESB/12025/0041','1','2025-03-05 13:49:29','2025-03-05 13:49:29',5,5),
(35,14,'1','2025-03-03',2,8315000.00,'SO/ESB/12025/0035','1','2025-03-05 13:54:55','2025-03-05 13:54:55',5,5),
(36,18,'1','2025-02-15',2,20083500.00,'SO/ESB/12025/0033\nDP Tgl 17-01-2025 Rp 10.041.750,-\nPelunasan tgl 15-02-2025 Rp 10.041.750,- dari Rp 15.982.750,-','1','2025-03-05 15:26:37','2025-03-05 15:26:37',5,5),
(37,24,'1','2025-01-18',2,9000000.00,'SO/ESB/12025/0031','1','2025-03-05 15:28:39','2025-03-05 15:28:39',5,5),
(38,15,'1','2025-02-15',2,5941000.00,'SO/ESB/12025/0027\nPembayaran Tgl 15-02-25 RP 5.941.000,- Dari RP 15.982.750,-','1','2025-03-05 15:33:53','2025-03-05 15:33:53',5,5),
(39,16,'1','2025-01-20',2,4875000.00,'SO/ESB/12025/0021','1','2025-03-05 15:37:12','2025-03-05 15:37:12',5,5),
(40,23,'1','2025-01-10',2,11250000.00,'SO/ESB/12025/0016','1','2025-03-05 15:38:46','2025-03-05 15:38:46',5,5),
(41,12,'2','2025-03-05',2,740000.00,'SO/ESB-N/32025/0001','1','2025-03-07 08:56:28','2025-03-07 08:56:28',5,5),
(42,44,'1','2025-02-27',2,770950.00,'SO/ESB/22025/0038\nDP TGL 19-02-2025 RP 694.550,-\nPELUNASAN TGL 27-02-2025 RP 76.401,-','1','2025-03-07 11:08:29','2025-03-07 11:08:29',6,6),
(43,69,'1','2025-03-12',2,1840000.00,'SO/ESB/32025/0007','1','2025-03-13 10:11:30','2025-03-13 10:11:30',5,5),
(44,67,'1','2025-03-03',2,1275000.00,'SO/ESB/32025/0001','1','2025-03-13 10:13:48','2025-03-13 10:13:48',5,5),
(45,68,'1','2025-03-03',2,16104000.00,'SO/ESB/32025/0002','1','2025-03-13 10:15:15','2025-03-13 10:15:15',5,5),
(46,71,'1','2025-03-15',2,1840000.00,'SO/ESB/32025/0010','1','2025-03-17 13:56:52','2025-03-17 13:56:52',5,5),
(47,72,'1','2025-03-15',2,3680000.00,'SO/ESB/32025/0011','1','2025-03-17 13:58:26','2025-03-17 13:58:26',5,5),
(48,30,'1','2025-03-13',2,6917001.00,'SO/ESB/22025/0021\nINV/ESB-IMN/22025/0008 -> RP 100.000,- ( ONGKIR )','1','2025-03-17 14:04:39','2025-03-17 14:04:39',5,5),
(49,13,'1','2025-02-07',2,1840000.00,'SO/ESB/22025/0018','1','2025-03-17 14:07:55','2025-03-17 14:07:55',5,5),
(50,12,'1','2025-02-07',2,1840000.00,'SO/ESB/22025/0017','1','2025-03-17 14:08:49','2025-03-17 14:08:49',5,5),
(51,5,'1','2025-02-02',2,1840000.00,'SO/ESB/22025/0002','1','2025-03-17 14:09:56','2025-03-17 14:09:56',5,5),
(52,4,'1','2025-01-31',2,11280000.00,'SO/ESB/12025/0062','1','2025-03-17 14:11:59','2025-03-17 14:11:59',5,5),
(53,32,'1','2025-03-14',2,19891199.00,'SO/ESB/12025/0059','1','2025-03-17 14:13:22','2025-03-17 14:13:22',5,5),
(54,25,'1','2025-01-21',2,14720000.00,'SO/ESB/12025/0038','1','2025-03-17 14:17:04','2025-03-17 14:17:04',5,5),
(55,26,'1','2025-01-21',2,11280000.00,'SO/ESB/12025/0036','1','2025-03-17 14:18:29','2025-03-17 14:18:29',5,5),
(56,27,'1','2025-01-18',2,11280000.00,'SO/ESB/12025/0034','1','2025-03-17 14:19:52','2025-03-17 14:19:52',5,5),
(57,28,'1','2025-01-08',2,11280000.00,'SO/ESB/12025/0006','1','2025-03-17 14:20:59','2025-03-17 14:20:59',5,5),
(58,39,'1','2025-01-06',2,6825000.00,'SO/ESB/12025/0003','1','2025-03-17 14:22:23','2025-03-17 14:22:23',5,5),
(59,49,'1','2024-12-13',2,24090000.00,'SO/ESB/12025/0025\nTF TGL 12-12-24 RP 2.190.000,-\nTF TGL 13-12-24 RP 21.900.000,-','1','2025-03-19 10:53:17','2025-03-19 10:53:17',5,5),
(60,73,'1','2025-02-26',2,22711043.00,'SO/ESB/22025/0032','1','2025-03-19 11:02:32','2025-03-19 11:02:32',5,5),
(61,62,'1','2025-01-24',2,5550000.00,'SO/ESB/12025/0042','1','2025-03-19 11:11:36','2025-03-19 11:11:36',5,5),
(62,63,'1','2025-02-11',2,3598903.00,'SO/ESB/12025/0043\n TF TGL 27-01-25 RP 2.390.000,- DP\nTF TGL 11-02-25 RP 1.208.906,- PELUNASAN','1','2025-03-19 11:22:48','2025-03-19 11:22:48',5,5),
(63,61,'1','2025-01-21',2,2707000.00,'SO/ESB/12025/0032','1','2025-03-19 11:26:13','2025-03-19 11:26:13',5,5),
(64,60,'1','2025-01-16',2,21100001.00,'SO/ESB/12025/0030','1','2025-03-19 11:28:16','2025-03-19 11:28:16',5,5),
(65,55,'1','2024-12-17',2,11954400.00,'SO/ESB/12025/0029','1','2025-03-19 11:34:25','2025-03-19 11:34:25',5,5),
(66,56,'1','2025-01-08',2,610000.00,'SO/ESB/12025/0028\nSELISIH TANGGUNG ELLIA','1','2025-03-19 11:40:29','2025-03-19 11:40:29',5,5),
(67,59,'1','2025-01-15',2,10900000.00,'SO/ESB/12025/0026','1','2025-03-19 11:49:35','2025-03-19 11:49:35',5,5),
(68,53,'1','2025-01-15',2,2526000.00,'SO/ESB/12025/0023','1','2025-03-19 11:55:31','2025-03-19 11:55:31',5,5),
(69,52,'1','2025-01-11',2,4500001.00,'SO/ESB/12025/0019','1','2025-03-19 11:58:16','2025-03-19 11:58:16',5,5),
(70,54,'1','2025-01-11',2,13050000.00,'SO/ESB/12025/0015','1','2025-03-19 13:32:15','2025-03-19 13:32:15',5,5),
(71,57,'1','2025-02-24',2,17024625.00,'SO/ESB/12025/0017','1','2025-03-19 13:35:37','2025-03-19 13:35:37',5,5),
(72,58,'1','2025-01-11',2,14210000.00,'SO/ESB/12025/0020','1','2025-03-19 13:41:14','2025-03-19 13:41:14',5,5),
(73,46,'1','2025-01-07',2,2800000.00,'SO/ESB/12025/0008','1','2025-03-19 13:43:27','2025-03-19 13:43:27',5,5),
(74,48,'1','2025-01-09',2,14000000.00,'SO/ESB/12025/0009','1','2025-03-19 13:46:27','2025-03-19 13:46:27',5,5),
(75,50,'1','2025-01-07',2,10900000.00,'SO/ESB/12025/0007','1','2025-03-19 13:48:01','2025-03-19 13:48:01',5,5),
(76,51,'1','2025-01-08',2,77922000.00,'SO/ESB/12025/0005','1','2025-03-19 13:49:54','2025-03-19 13:49:54',5,5),
(77,70,'1','2025-03-13',2,550000.00,'SO/ESB/22025/0020','1','2025-03-20 09:19:18','2025-03-20 09:19:18',5,5),
(78,15,'2','2025-03-07',1,370000.00,'SO/ESB-N/32025/0003','1','2025-03-25 15:51:02','2025-03-25 15:51:02',5,5),
(79,13,'2','2025-02-21',1,4239400.00,'SO/ESB-N/22025/0016','1','2025-03-25 15:55:18','2025-03-25 15:55:18',5,5),
(80,14,'2','2025-02-23',1,6464000.00,'SO/ESB-N/22025/0018','1','2025-03-25 16:02:08','2025-03-25 16:02:08',5,5),
(81,33,'1','2025-03-25',2,29003564.00,'SO/ESB/22025/0030','1','2025-03-25 16:04:11','2025-03-25 16:04:11',5,5),
(82,78,'1','2025-03-24',2,29915000.00,'SO/ESB/32025/0017','1','2025-04-10 11:13:18','2025-04-10 11:13:18',5,5),
(83,77,'1','2025-03-22',2,87334799.00,'SO/ESB/32025/0016','1','2025-04-10 11:15:41','2025-04-10 11:15:41',5,5),
(84,76,'1','2025-03-19',2,12182405.00,'SO/ESB/32025/0014','1','2025-04-10 11:34:19','2025-04-10 11:34:19',5,5),
(85,74,'1','2025-03-10',2,3931200.00,'SO/ESB/32025/0006','1','2025-04-10 11:37:45','2025-04-10 11:37:45',5,5),
(86,75,'1','2025-03-10',2,5079749.00,'SO/ESB/32025/0005','1','2025-04-10 11:39:28','2025-04-10 11:39:28',5,5),
(87,17,'2','2025-02-12',2,12795200.00,'SO/ESB-N/22025/0003','1','2025-04-11 14:00:48','2025-04-11 14:00:48',5,5),
(88,8,'1','2025-03-12',2,69514000.00,'SO/ESB/12025/0024\nDP TF TGL 01-02-25 RP 32.211.000,-\nTF TGL 01-02-25 RP 42.500,- CICIL 1\nTF TGL 03-02-25 RP 2.503.500,- CICIL 2\nTF TGL 12-03-25 RP 34.757.000,- PELUNASAN \n','1','2025-04-11 14:19:42','2025-04-11 14:19:42',5,5),
(89,9,'1','2025-02-18',2,41765000.00,'SO/ESB/12025/0022\nDP TF TGL 01-02-25 RP 12.529.500,- \nPELUNASAN TF TGL 18-02-25 RP 29.235.500,-','1','2025-04-11 15:35:32','2025-04-11 15:35:32',5,5),
(90,16,'2','2025-03-07',1,3420000.00,'SO/ESB-N/32025/0002\nDP TF TGL 06-03-25 RP 3.320.000,-\nPELUNASAN TF TGL 07-03-25 RP 100.000,-','1','2025-04-11 15:58:48','2025-04-11 15:58:48',5,5),
(91,18,'2','2025-03-20',1,8150400.00,'SO/ESB-N/32025/0009\nDP TF TGL 19-03-25 RP 7.804.800,-\nPELUNASAN TF TGL 20-03-25 RP 345.600,-','1','2025-04-11 16:10:28','2025-04-11 16:10:28',5,5),
(92,19,'2','2025-03-14',2,16530000.00,'SO/ESB-N/32025/0011\nTF TGL 14-03-25 RP 16.530.000,- dari Rp 18.054.250,-','1','2025-04-11 16:20:48','2025-04-11 16:20:48',5,5),
(93,79,'1','2025-04-10',2,26222400.00,'SO/ESB/42025/0002\nTF TGL 10-04-25 RP 26.222.400,- dari Rp 34.404.120,-','1','2025-04-11 16:31:35','2025-04-11 16:31:35',5,5),
(94,80,'1','2025-04-13',2,19578500.00,'SO/ESB/32025/0009\nDP TF TGL 14-03-25 RP 1.524.250,- dari Rp 18.054.250,- \nPELUNASAN TGL 13-04-2025 RP 18.054.250,-','1','2025-04-14 15:48:54','2025-04-14 15:48:54',5,5),
(95,1,'2','2025-04-15',2,5418000.00,'SO/ESB-N/22025/0001\nTF TGL 09-02-25 RP 58.000,- DARI 1.500.000,- \nTF TGL 23-02-25 RP 1.000.000,- \nTF TGL 23-03-25 RP 2.000.000,- \nPELUNASAN tgl 15-04-25 Rp 2.360.000,-','1','2025-04-15 11:38:55','2025-04-15 11:38:55',5,5),
(96,20,'2','2025-04-08',1,11680000.00,'SO/ESB-N/42025/0002','1','2025-04-16 08:54:11','2025-04-16 08:54:11',6,6),
(97,83,'1','2025-04-16',2,1840000.00,'SO/ESB/42025/0009','1','2025-04-17 14:06:36','2025-04-17 14:06:36',5,5),
(98,82,'1','2025-04-14',2,8680000.00,'SO/ESB/42025/0008','1','2025-04-17 14:07:46','2025-04-17 14:07:46',5,5),
(99,84,'1','2025-04-14',2,47796481.00,'SO/ESB/42025/0007','1','2025-04-17 14:09:19','2025-04-17 14:09:19',5,5),
(100,6,'2','2025-04-17',2,100028000.00,'SO/ESB-N/22025/0013\nDP TGL 19-02-25 RP 30.000.000,- \nTF TGL 19-03-25 RP 10.000.000,-\nPELUNASAN TGL 17-04-25 RP 60.028.000,- DARI RP 88.202.500,-','1','2025-04-17 14:19:18','2025-04-17 14:19:18',5,5),
(101,3,'2','2025-04-17',2,35224500.00,'SO/ESB-N/22025/0007\nDP TGL 17-02-2024,- RP 7.050.000,-\nPELUNASAN TGL 17-04-25 RP 28.174.500,- DARI RP 88.202.500,-','1','2025-04-17 14:21:46','2025-04-17 14:21:46',5,5),
(102,22,'2','2025-03-18',2,43441000.00,'SO/ESB-N/42025/0011','1','2025-04-22 09:14:09','2025-04-22 09:14:09',6,6),
(103,26,'2','2025-04-19',2,16671000.00,'SO/ESB-N/42025/0008','1','2025-04-22 09:15:41','2025-04-22 09:15:41',6,6),
(104,21,'2','2025-04-16',2,2852000.00,'SO/ESB-N/42025/0006','1','2025-04-22 09:17:27','2025-04-22 09:17:27',6,6),
(105,24,'2','2025-04-16',2,2148000.00,'SO/ESB-N/42025/0007','1','2025-04-22 09:19:15','2025-04-22 09:19:15',6,6),
(106,25,'2','2025-04-16',2,5907000.00,'SO/ESB-N/42025/0005','1','2025-04-22 09:20:32','2025-04-22 09:20:32',6,6),
(107,85,'1','2025-04-15',2,3370001.00,'SO/ESB/42025/0010','1','2025-04-22 09:21:57','2025-04-22 09:21:57',6,6),
(108,23,'2','2025-04-15',2,582000.00,'SO/ESB-N/42025/0003','1','2025-04-22 09:24:15','2025-04-22 09:24:15',6,6),
(109,86,'1','2025-04-11',2,5549999.00,'SO/ESB/42025/0004','1','2025-04-22 09:25:54','2025-04-22 09:25:54',6,6),
(110,87,'1','2025-04-11',2,52444836.00,'SO/ESB/42025/0006\nDP TGL 10-04-25 RP 8.181.720,- DARI RP 34.404.120,-\nPELUNASAN TGL 11-04-25 RP 44.263.116,-','1','2025-04-23 13:30:55','2025-04-23 13:30:55',5,5),
(111,27,'2','2025-04-19',2,10512000.00,'SO/ESB-N/42025/0004','1','2025-04-24 10:56:09','2025-04-24 10:56:09',5,5);
/*!40000 ALTER TABLE `tr_receives` ENABLE KEYS */;
UNLOCK TABLES;

--
-- Table structure for table `tr_sales`
--

DROP TABLE IF EXISTS `tr_sales`;
/*!40101 SET @saved_cs_client     = @@character_set_client */;
/*!40101 SET character_set_client = utf8mb4 */;
CREATE TABLE `tr_sales` (
  `id` bigint(20) unsigned NOT NULL AUTO_INCREMENT,
  `number` varchar(50) NOT NULL,
  `date` date NOT NULL,
  `customer_id` bigint(20) NOT NULL,
  `reference` varchar(50) DEFAULT NULL,
  `notes` text DEFAULT NULL,
  `subtotal` decimal(18,2) NOT NULL DEFAULT 0.00,
  `dpp` decimal(18,2) NOT NULL DEFAULT 0.00,
  `dpp_amount` decimal(18,2) NOT NULL DEFAULT 0.00,
  `delivery_fee` decimal(18,2) NOT NULL DEFAULT 0.00,
  `discount` decimal(18,2) NOT NULL DEFAULT 0.00,
  `ppn` decimal(18,2) NOT NULL DEFAULT 0.00,
  `ppn_amount` decimal(18,2) NOT NULL DEFAULT 0.00,
  `total` decimal(18,2) NOT NULL DEFAULT 0.00,
  `payment` decimal(18,2) NOT NULL DEFAULT 0.00,
  `rest` decimal(18,2) NOT NULL DEFAULT 0.00,
  `approved_at` timestamp NULL DEFAULT NULL,
  `approved_by` bigint(20) DEFAULT NULL,
  `sales_id` bigint(20) DEFAULT NULL,
  `is_invoice` varchar(1) NOT NULL DEFAULT '0',
  `is_receive` tinyint(4) NOT NULL DEFAULT 0,
  `is_status` tinyint(4) NOT NULL DEFAULT 1,
  `created_at` timestamp NULL DEFAULT NULL,
  `updated_at` timestamp NULL DEFAULT NULL,
  `deleted_at` timestamp NULL DEFAULT NULL,
  `created_by` bigint(20) DEFAULT NULL,
  `updated_by` bigint(20) DEFAULT NULL,
  `deleted_by` bigint(20) DEFAULT NULL,
  PRIMARY KEY (`id`),
  KEY `tr_sales_id_index` (`id`),
  KEY `tr_sales_number_index` (`number`),
  KEY `tr_sales_date_index` (`date`),
  KEY `tr_sales_customer_id_index` (`customer_id`),
  KEY `tr_sales_reference_index` (`reference`),
  KEY `tr_sales_approved_at_index` (`approved_at`),
  KEY `tr_sales_approved_by_index` (`approved_by`),
  KEY `tr_sales_is_receive_index` (`is_receive`),
  KEY `tr_sales_is_status_index` (`is_status`),
  KEY `tr_sales_created_by_index` (`created_by`),
  KEY `tr_sales_is_invoice_index` (`is_invoice`)
) ENGINE=InnoDB AUTO_INCREMENT=143 DEFAULT CHARSET=utf8mb4 COLLATE=utf8mb4_unicode_ci ROW_FORMAT=DYNAMIC;
/*!40101 SET character_set_client = @saved_cs_client */;

--
-- Dumping data for table `tr_sales`
--

LOCK TABLES `tr_sales` WRITE;
/*!40000 ALTER TABLE `tr_sales` DISABLE KEYS */;
INSERT INTO `tr_sales` VALUES
(1,'SO/ESB/12025/0001','2025-01-02',49,NULL,NULL,23549549.66,0.00,0.00,100000.00,0.00,12.00,2825945.96,26475495.62,0.00,26475495.62,NULL,NULL,3,'0',0,0,'2025-01-02 13:54:30','2025-01-02 16:29:40',NULL,3,3,NULL),
(2,'SO/ESB/12025/0002','2025-01-03',49,NULL,NULL,23459460.00,0.92,21504505.00,100000.00,0.00,12.00,2580540.00,26140000.00,26240000.00,-100000.00,'2025-01-31 15:11:45',3,3,'1',1,1,'2025-01-03 13:53:39','2025-02-18 22:05:01',NULL,3,3,NULL),
(3,'SO/ESB/12025/0003','2025-01-04',49,NULL,NULL,6148649.00,0.92,5636261.00,0.00,0.00,12.00,676351.00,6825000.00,6825000.00,0.00,'2025-01-31 15:21:53',3,3,'1',1,1,'2025-01-04 19:08:14','2025-03-17 14:22:23',NULL,3,5,NULL),
(4,'SO/ESB/12025/0004','2025-01-04',19,NULL,NULL,667895505.00,0.92,612237546.00,0.00,0.00,12.00,73468505.00,741364010.00,0.00,741364010.00,NULL,NULL,3,'0',0,1,'2025-01-04 20:30:27','2025-01-31 13:51:12',NULL,3,1,NULL),
(5,'SO/ESB/12025/0005','2025-01-05',5,NULL,'Cash Before Delivery',70200000.00,0.92,64350000.00,0.00,0.00,12.00,7722000.00,77922000.00,77922000.00,0.00,'2025-01-31 16:02:08',3,3,'1',1,1,'2025-01-05 13:25:08','2025-03-19 13:49:54',NULL,3,5,NULL),
(6,'SO/ESB/12025/0006','2025-01-06',32,NULL,'CASH BEFORE DELIVERY',10162163.00,0.92,9315316.00,0.00,0.00,12.00,1117837.00,11280000.00,11280000.00,0.00,'2025-01-31 15:37:34',3,3,'1',1,1,'2025-01-06 18:31:38','2025-03-17 14:20:59',NULL,3,5,NULL),
(7,'SO/ESB/12025/0007','2025-01-07',49,NULL,NULL,9819820.00,0.92,9001501.00,0.00,0.00,12.00,1080180.00,10900000.00,10900000.00,0.00,'2025-01-31 15:30:00',3,3,'1',1,1,'2025-01-07 10:19:21','2025-03-19 13:48:01',NULL,3,5,NULL),
(8,'SO/ESB/12025/0008','2025-01-07',42,NULL,'kirim ke grand lucky - Bekasi\npasir di kirim tgl 07/01/2025',2522523.00,0.92,2312312.00,0.00,0.00,12.00,277477.00,2800000.00,2800000.00,0.00,'2025-02-01 12:46:53',3,4,'1',1,1,'2025-01-07 11:14:07','2025-03-19 13:43:27',NULL,4,5,NULL),
(9,'SO/ESB/12025/0009','2025-01-07',49,NULL,'kirim ke UNTAR - 1\nGypsum jayaboard 12mm di kirim tgl 08/01/2025\nHollow Galvanis di kirim tgl 09/01/2025\nShadowline di kirim tgl 10/01/2025',12612613.00,0.92,11561561.00,0.00,0.00,12.00,1387387.00,14000000.00,14000000.00,0.00,'2025-01-31 15:28:36',3,4,'1',1,1,'2025-01-07 13:45:14','2025-03-19 13:46:27',NULL,4,5,NULL),
(10,'SO/ESB/12025/0010','2025-01-08',5,NULL,'Cash Before Delivery. Dp 30% Sebesar Rp. 37.402.560,-',112320000.00,0.92,102960000.00,0.00,0.00,12.00,12355200.00,124675200.00,0.00,124675200.00,NULL,NULL,3,'0',0,0,'2025-01-08 12:38:17','2025-02-01 12:56:30',NULL,3,3,NULL),
(11,'SO/ESB/12025/0011','2025-01-08',49,NULL,'Cash Before Delivery',7972973.00,0.92,7308558.00,0.00,0.00,12.00,877026.00,8849999.00,0.00,8849999.00,'2025-02-01 12:47:39',3,3,'0',0,1,'2025-01-08 12:58:40','2025-02-01 12:47:39',NULL,3,3,NULL),
(12,'SO/ESB/12025/0012','2025-01-08',55,NULL,'Cash Before Delivery\nDikirim tgl 08/01/2025',1414415.00,0.92,1296547.00,0.00,0.00,12.00,155585.00,1570000.00,1570000.00,0.00,'2025-02-01 12:47:51',3,4,'1',1,1,'2025-01-08 15:36:44','2025-03-03 16:42:46',NULL,4,5,NULL),
(13,'SO/ESB/12025/0013','2025-01-09',53,NULL,NULL,11680000.00,0.92,10706666.00,0.00,0.00,12.00,1284799.00,12964799.00,0.00,12964799.00,NULL,NULL,3,'0',0,0,'2025-01-09 08:38:18','2025-02-01 12:56:47',NULL,3,3,NULL),
(14,'SO/ESB/12025/0014','2025-01-10',55,NULL,'Cash Before Delivery\n',191892.00,0.92,175901.00,150000.00,0.00,12.00,21108.00,363000.00,363000.00,0.00,'2025-02-01 12:57:08',3,4,'1',1,1,'2025-01-10 10:46:01','2025-03-03 16:44:29',NULL,4,5,NULL),
(15,'SO/ESB/12025/0015','2025-01-10',49,NULL,'Cash Before Delivery\nDikirim tgl 10/01/2025',11756757.00,0.92,10777027.00,0.00,0.00,12.00,1293243.00,13050000.00,13050000.00,0.00,'2025-02-01 12:57:17',3,4,'1',1,1,'2025-01-10 11:22:56','2025-03-19 13:32:15',NULL,4,5,NULL),
(16,'SO/ESB/12025/0016','2025-01-10',5,NULL,'Cash Before Delivery',10135136.00,0.00,0.00,0.00,0.00,11.00,1114864.00,11250000.00,11250000.00,0.00,'2025-01-31 15:50:45',3,3,'1',1,1,'2025-01-10 11:50:36','2025-03-05 15:38:46',NULL,3,5,NULL),
(17,'SO/ESB/12025/0017','2025-01-10',49,NULL,'ToP 30 Hari',15337500.00,0.92,14059375.00,0.00,0.00,12.00,1687125.00,17024625.00,17024625.00,0.00,'2025-01-31 15:11:21',3,3,'1',1,1,'2025-01-10 12:46:08','2025-03-19 13:35:37',NULL,3,5,NULL),
(18,'SO/ESB/12025/0018','2025-01-10',28,NULL,'CASH BEFORE DELIVERY',19654500.00,0.92,18016625.00,0.00,0.00,12.00,2161995.00,21816495.00,0.00,21816495.00,NULL,NULL,3,'0',0,0,'2025-01-10 13:01:30','2025-02-01 12:57:35',NULL,3,3,NULL),
(19,'SO/ESB/12025/0019','2025-01-10',49,NULL,'Cash Before Delivery',4054055.00,0.92,3716217.00,0.00,0.00,12.00,445946.00,4500001.00,4500001.00,0.00,'2025-01-31 15:10:52',3,3,'1',1,1,'2025-01-10 19:21:44','2025-03-19 11:58:16',NULL,3,5,NULL),
(20,'SO/ESB/12025/0020','2025-01-10',49,NULL,'Cash Before Delivery',12801802.00,0.92,11734985.00,0.00,0.00,12.00,1408198.00,14210000.00,14210000.00,0.00,'2025-01-31 15:10:38',3,3,'1',1,1,'2025-01-10 19:26:09','2025-03-19 13:41:14',NULL,3,5,NULL),
(21,'SO/ESB/12025/0021','2025-01-11',1,NULL,'CASH BEFORE DELIVERY\nDi kirim tgl 11/01/2025',4391892.00,0.92,4025901.00,0.00,0.00,12.00,483108.00,4875000.00,4875000.00,0.00,'2025-02-01 12:57:45',3,4,'1',1,1,'2025-01-11 10:41:06','2025-03-05 15:37:12',NULL,4,5,NULL),
(22,'SO/ESB/12025/0022','2025-01-13',3,NULL,'DP 50%, TOP 14 Hari',37626127.00,0.92,34490616.00,0.00,0.00,12.00,4138873.00,41765000.00,41765000.00,0.00,'2025-02-03 10:15:53',3,4,'1',1,1,'2025-01-13 07:58:52','2025-04-11 15:35:32',NULL,4,5,NULL),
(23,'SO/ESB/12025/0023','2025-01-13',49,NULL,'Cash Before Delivery',2275676.00,0.00,0.00,0.00,0.00,11.00,250324.00,2526000.00,2526000.00,0.00,'2025-01-31 15:10:25',3,3,'1',1,1,'2025-01-13 08:24:46','2025-03-19 11:55:31',NULL,3,5,NULL),
(24,'SO/ESB/12025/0024','2025-01-13',3,NULL,'DP 50%, TOP 30 Hari',62625226.00,0.92,57406457.00,0.00,0.00,12.00,6888774.00,69514000.00,69514000.00,0.00,'2025-02-03 10:15:41',3,4,'1',1,1,'2025-01-13 10:11:03','2025-04-11 14:19:42',NULL,4,5,NULL),
(25,'SO/ESB/12025/0025','2025-01-02',5,NULL,'Penawaran Manual tgl 9-12-24 No. 007/ESB/PH/122024',21702703.00,0.00,0.00,0.00,0.00,11.00,2387297.00,24090000.00,24090000.00,0.00,'2025-01-31 15:10:11',3,6,'1',1,1,'2025-01-13 21:48:21','2025-03-19 10:53:17',NULL,6,5,NULL),
(26,'SO/ESB/12025/0026','2025-01-14',49,NULL,'CASH BEFORE DELIVERY',9819820.00,0.00,0.00,0.00,0.00,11.00,1080180.00,10900000.00,10900000.00,0.00,'2025-01-31 15:08:16',3,3,'1',1,1,'2025-01-14 15:57:18','2025-03-19 11:49:35',NULL,3,5,NULL),
(27,'SO/ESB/12025/0027','2025-01-15',3,NULL,'TOP 30 Hari\nMaterial dikirim tgl 16/01/2025',5352253.00,0.00,0.00,0.00,0.00,11.00,588747.00,5941000.00,5941000.00,0.00,'2025-02-01 12:58:07',3,4,'1',1,1,'2025-01-15 16:10:45','2025-03-05 15:33:53',NULL,4,5,NULL),
(28,'SO/ESB/12025/0028','2025-01-15',18,NULL,'dikirim tgl 11-01-2025, P-INV/004/ESB/01/2025 - REV.',549550.00,0.00,0.00,0.00,0.00,11.00,60450.00,610000.00,610000.00,0.00,'2025-01-31 15:08:00',3,6,'1',1,1,'2025-01-15 21:05:58','2025-03-19 11:40:29',NULL,6,5,NULL),
(29,'SO/ESB/12025/0029','2025-01-15',61,NULL,'kirim tgl 6-01-2025, PO No. 484/SOM/MSS/XII/24',10412973.00,0.00,0.00,396000.00,0.00,11.00,1145427.00,11954400.00,11954400.00,0.00,'2025-01-31 15:07:50',3,6,'1',1,1,'2025-01-15 21:17:25','2025-03-19 11:34:25',NULL,6,5,NULL),
(30,'SO/ESB/12025/0030','2025-01-16',49,NULL,'CASH BEFORE DELIVERY',19009010.00,0.00,0.00,0.00,0.00,11.00,2090991.00,21100001.00,21100001.00,0.00,'2025-01-31 15:07:41',3,3,'1',1,1,'2025-01-16 09:12:39','2025-03-19 11:28:16',NULL,3,5,NULL),
(31,'SO/ESB/12025/0031','2025-01-16',49,NULL,'CASH BEFORE DELIVERY',8108109.00,0.00,0.00,0.00,0.00,11.00,891891.00,9000000.00,9000000.00,0.00,'2025-01-31 15:07:35',3,3,'1',1,1,'2025-01-16 20:22:25','2025-03-05 15:28:39',NULL,3,5,NULL),
(32,'SO/ESB/12025/0032','2025-01-17',26,NULL,'CASH BEFORE DELIVERY',2303604.00,0.00,0.00,150000.00,0.00,11.00,253396.00,2707000.00,2707000.00,0.00,'2025-01-31 15:07:28',3,3,'1',1,1,'2025-01-17 20:35:18','2025-03-19 11:26:13',NULL,3,5,NULL),
(33,'SO/ESB/12025/0033','2025-01-18',3,NULL,'DP 50%, TOP 30 Hari',18093244.00,0.00,0.00,0.00,0.00,11.00,1990256.00,20083500.00,20083500.00,0.00,'2025-02-01 12:58:19',3,4,'1',1,1,'2025-01-18 06:22:28','2025-03-05 15:26:37',NULL,4,5,NULL),
(34,'SO/ESB/12025/0034','2025-01-18',32,NULL,'CASH BEFORE DELIVERY',10162163.00,0.00,0.00,0.00,0.00,11.00,1117837.00,11280000.00,11280000.00,0.00,'2025-01-31 15:07:19',3,3,'1',1,1,'2025-01-18 08:55:04','2025-03-17 14:19:52',NULL,3,5,NULL),
(35,'SO/ESB/12025/0035','2025-01-20',3,NULL,'TOP 30 Hari',7490991.00,0.00,0.00,0.00,0.00,11.00,824009.00,8315000.00,8315000.00,0.00,'2025-02-01 12:58:27',3,4,'1',1,1,'2025-01-20 13:44:01','2025-03-05 13:54:55',NULL,4,5,NULL),
(36,'SO/ESB/12025/0036','2025-01-21',32,NULL,'CASH BEFORE DELIVERY',10162163.00,0.00,0.00,0.00,0.00,11.00,1117837.00,11280000.00,11280000.00,0.00,'2025-01-31 15:07:09',3,3,'1',1,1,'2025-01-21 14:55:48','2025-03-17 14:18:29',NULL,3,5,NULL),
(37,'SO/ESB/12025/0037','2025-01-21',7,NULL,'Cash Before Delivery',20383784.00,0.00,0.00,0.00,0.00,11.00,2242216.00,22626000.00,0.00,22626000.00,'2025-01-31 15:06:59',3,3,'0',0,1,'2025-01-21 15:12:38','2025-01-31 15:06:59',NULL,3,3,NULL),
(38,'SO/ESB/12025/0038','2025-01-21',32,NULL,'Cash before Delivery',13261262.00,0.00,0.00,0.00,0.00,11.00,1458738.00,14720000.00,14720000.00,0.00,'2025-01-31 15:06:42',3,3,'1',1,1,'2025-01-21 15:20:05','2025-03-17 14:17:04',NULL,3,5,NULL),
(39,'SO/ESB/12025/0039','2025-01-21',61,NULL,'Cash Before Delivery',2603604.00,0.00,0.00,396000.00,0.00,11.00,286396.00,3286000.00,3286000.00,0.00,'2025-01-31 15:06:34',3,3,'1',1,1,'2025-01-21 15:36:45','2025-02-19 15:33:46',NULL,3,5,NULL),
(40,'SO/ESB/12025/0040','2025-01-22',1,'','CASH ON DELIVERY',3140541.00,0.00,0.00,100000.00,0.00,11.00,345459.00,3586000.00,3586000.00,0.00,'2025-02-01 12:58:40',3,4,'1',1,1,'2025-01-22 05:53:01','2025-03-05 13:47:57',NULL,4,5,NULL),
(41,'SO/ESB/12025/0041','2025-01-22',49,NULL,'CASH BEFORE DELIVERY',9405406.00,0.00,0.00,0.00,0.00,11.00,1034594.00,10440000.00,10440000.00,0.00,'2025-01-31 15:06:14',3,3,'1',1,1,'2025-01-22 13:14:53','2025-03-05 13:49:29',NULL,3,5,NULL),
(42,'SO/ESB/12025/0042','2025-01-22',49,NULL,'CASH BEFORE DELIVERY',5000000.00,0.00,0.00,0.00,0.00,11.00,550000.00,5550000.00,5550000.00,0.00,'2025-01-31 15:06:01',3,3,'1',1,1,'2025-01-22 13:30:41','2025-03-19 11:11:36',NULL,3,5,NULL),
(43,'SO/ESB/12025/0043','2025-01-22',65,NULL,'CASH BEFORE DELIVERY',3242255.00,0.00,0.00,0.00,0.00,11.00,356648.00,3598903.00,3598903.00,0.00,'2025-01-31 15:05:48',3,3,'1',1,1,'2025-01-22 21:00:06','2025-03-19 11:22:48',NULL,3,5,NULL),
(44,'SO/ESB/12025/0044','2025-01-24',54,NULL,'CASH BEFORE DELIVERY',6137514.00,0.00,0.00,0.00,0.00,11.00,675126.00,6812640.00,0.00,6812640.00,'2025-01-31 15:05:41',3,3,'0',0,1,'2025-01-24 13:35:23','2025-01-31 15:05:41',NULL,3,3,NULL),
(45,'SO/ESB/12025/0045','2025-01-24',54,NULL,'CASH BEFORE DELIVERY',32603964.00,0.00,0.00,0.00,0.00,11.00,3586436.00,36190400.00,0.00,36190400.00,'2025-01-31 15:05:33',3,3,'0',0,1,'2025-01-24 13:44:09','2025-01-31 15:05:33',NULL,3,3,NULL),
(46,'SO/ESB/12025/0046','2025-01-24',67,NULL,'CASH BEFORE DELIVERY',20383784.00,0.00,0.00,0.00,0.00,11.00,2242216.00,22626000.00,0.00,22626000.00,'2025-01-31 15:05:23',3,3,'0',0,1,'2025-01-24 20:48:15','2025-01-31 15:05:23',NULL,3,3,NULL),
(47,'SO/ESB/12025/0047','2025-01-24',66,NULL,'CASH BEFORE DELIVERY',548199.00,0.00,0.00,0.00,0.00,11.00,60301.00,608500.00,0.00,608500.00,'2025-01-31 15:05:10',3,3,'0',0,1,'2025-01-24 20:52:17','2025-01-31 15:05:10',NULL,3,3,NULL),
(48,'SO/ESB/12025/0048','2025-01-24',68,NULL,'CASH BEFORE DELIVERY',5206487.00,0.92,4772613.00,396000.00,0.00,12.00,572713.00,6175200.00,0.00,6175200.00,'2025-01-31 15:02:56',3,3,'0',0,1,'2025-01-24 20:58:40','2025-01-31 15:02:56',NULL,3,3,NULL),
(49,'SO/ESB/12025/0049','2025-01-24',64,NULL,'Cash Before Delivery',1362163.00,0.00,0.00,100000.00,0.00,11.00,149837.00,1612000.00,0.00,1612000.00,'2025-02-01 12:58:50',3,4,'0',0,1,'2025-01-24 21:01:55','2025-02-01 12:58:50',NULL,4,3,NULL),
(50,'SO/ESB/12025/0050','2025-01-24',56,NULL,'TOP 14 Hari',2252253.00,0.00,0.00,0.00,0.00,11.00,247747.00,2500000.00,0.00,2500000.00,'2025-02-01 12:58:58',3,4,'0',0,1,'2025-01-24 21:08:40','2025-02-01 12:58:58',NULL,4,3,NULL),
(51,'SO/ESB/12025/0051','2025-01-24',60,NULL,'Cash Before Delivery',10790091.00,0.92,9890916.00,150000.00,500000.00,12.00,1186909.00,11627000.00,0.00,11627000.00,'2025-02-01 12:59:06',3,4,'0',0,1,'2025-01-24 21:50:06','2025-02-01 12:59:06',NULL,4,3,NULL),
(52,'SO/ESB/12025/0052','2025-01-24',52,NULL,'Cash Before Delivery',3243244.00,0.92,2972973.00,0.00,0.00,12.00,356756.00,3600000.00,0.00,3600000.00,'2025-02-01 12:59:15',3,4,'0',0,1,'2025-01-24 22:04:03','2025-02-01 12:59:15',NULL,4,3,NULL),
(53,'SO/ESB/12025/0053','2025-01-26',69,NULL,'CASH BEFORE DELIVERY\nKirim ke koperasi astra indonesia',4729730.00,0.92,4335585.00,75000.00,0.00,12.00,520270.00,5325000.00,0.00,5325000.00,'2025-02-04 12:22:12',3,4,'0',0,1,'2025-01-26 16:18:11','2025-02-04 12:22:12',NULL,4,3,NULL),
(54,'SO/ESB/12025/0054','2025-01-27',52,NULL,'CASH BEFORE DELIVERY',6576577.00,0.00,0.00,0.00,0.00,11.00,723423.00,7300000.00,0.00,7300000.00,'2025-01-31 15:01:28',3,3,'0',0,1,'2025-01-27 23:12:19','2025-01-31 15:01:28',NULL,3,3,NULL),
(55,'SO/ESB/12025/0055','2025-01-27',52,NULL,'CASH BEFORE DELIVERY',4540541.00,0.00,0.00,0.00,0.00,11.00,499459.00,5040000.00,0.00,5040000.00,'2025-01-31 14:58:09',3,3,'0',0,1,'2025-01-27 23:16:35','2025-01-31 14:58:09',NULL,3,3,NULL),
(56,'SO/ESB/12025/0056','2025-01-27',52,NULL,'CASH BEFORE DELIVERY',12145946.00,0.00,0.00,0.00,0.00,11.00,1336054.00,13482000.00,0.00,13482000.00,NULL,NULL,3,'0',0,0,'2025-01-27 23:21:05','2025-02-01 12:59:28',NULL,3,3,NULL),
(57,'SO/ESB/12025/0057','2025-01-28',42,NULL,'CASH ON DELIVERY kirim ke Grand Lucky - Harapan Indah\nTOP 30 Hari',1950451.00,0.92,1787913.00,0.00,0.00,12.00,214549.00,2165000.00,0.00,2165000.00,'2025-02-01 12:59:35',3,4,'0',0,1,'2025-01-28 14:59:33','2025-02-01 12:59:35',NULL,4,3,NULL),
(58,'SO/ESB/12025/0058','2025-01-30',49,NULL,'CASH BEFORE DELIVERY',18688289.00,0.92,17130931.00,0.00,0.00,12.00,2055711.00,20744000.00,0.00,20744000.00,NULL,NULL,3,'0',0,0,'2025-01-30 11:12:32','2025-01-31 14:55:17',NULL,3,3,NULL),
(59,'SO/ESB/12025/0059','2025-01-30',49,NULL,'ToP 30 Hari',17920000.00,0.92,16426666.00,0.00,0.00,12.00,1971199.00,19891199.00,19891199.00,0.00,'2025-02-16 16:31:13',1,3,'1',1,1,'2025-01-30 11:34:47','2025-03-17 14:13:22',NULL,3,5,NULL),
(60,'SO/ESB/12025/0060','2025-01-30',49,NULL,'CASH BEFORE DELIVERY ',4909910.00,0.92,4500750.00,0.00,0.00,12.00,540090.00,5450000.00,5450000.00,0.00,'2025-01-31 14:55:07',3,3,'1',1,1,'2025-01-30 13:05:22','2025-03-03 16:55:22',NULL,3,5,NULL),
(61,'SO/ESB/12025/0061','2025-01-30',70,NULL,'CASH BEFORE DELIVERY',8464865.00,0.92,7759459.00,0.00,0.00,12.00,931135.00,9396000.00,0.00,9396000.00,'2025-01-31 14:54:50',3,3,'0',0,1,'2025-01-30 23:24:54','2025-01-31 14:54:50',NULL,3,3,NULL),
(62,'SO/ESB/12025/0062','2025-01-31',32,NULL,'CASH BEFORE DELIVERY',10162163.00,0.92,9315316.00,0.00,0.00,12.00,1117837.00,11280000.00,11280000.00,0.00,'2025-01-31 14:48:55',3,3,'1',1,1,'2025-01-31 14:48:29','2025-03-17 14:11:59',NULL,3,5,NULL),
(63,'SO/ESB/12025/0063','2025-01-31',18,NULL,'CASH BEFORE DELIVERY',549550.00,0.92,503754.00,0.00,0.00,12.00,60450.00,610000.00,0.00,610000.00,'2025-01-31 15:34:44',3,3,'0',0,1,'2025-01-31 15:34:39','2025-01-31 15:34:44',NULL,3,3,NULL),
(64,'SO/ESB/12025/0064','2025-01-31',56,NULL,'CASH ON DELIVERY',5803604.00,0.92,5319970.00,0.00,0.00,12.00,638396.00,6442000.00,0.00,6442000.00,'2025-01-31 16:10:12',3,4,'0',0,1,'2025-01-31 16:02:50','2025-01-31 16:10:12',NULL,4,3,NULL),
(65,'SO/ESB/12025/0065','2025-01-31',72,NULL,'CASH BEFORE DELIVERY',10522523.00,0.92,9645646.00,0.00,0.00,12.00,1157477.00,11680000.00,0.00,11680000.00,'2025-01-31 16:58:33',3,3,'0',0,1,'2025-01-31 16:58:23','2025-01-31 16:58:33',NULL,3,3,NULL),
(66,'SO/ESB/12025/0066','2025-01-31',71,NULL,'CASH BEFORE DELIVERY',10522523.00,0.92,9645646.00,0.00,0.00,12.00,1157477.00,11680000.00,0.00,11680000.00,'2025-01-31 17:00:12',3,3,'0',0,1,'2025-01-31 17:00:07','2025-01-31 17:00:12',NULL,3,3,NULL),
(67,'SO/ESB/12025/0067','2025-01-31',49,NULL,'CASH BEFORE DELIVERY',5549550.00,0.92,5087087.00,0.00,0.00,12.00,610450.00,6160000.00,6160000.00,0.00,'2025-02-01 09:09:53',3,3,'1',1,1,'2025-01-31 17:12:53','2025-02-19 10:51:18',NULL,3,5,NULL),
(68,'SO/ESB/22025/0001','2025-02-01',28,NULL,'CASH BEFORE DELIVERY',20184000.00,0.92,18502000.00,0.00,0.00,12.00,2220240.00,22404240.00,0.00,22404240.00,'2025-02-01 13:03:18',3,3,'0',0,1,'2025-02-01 13:03:07','2025-02-01 13:03:18',NULL,3,3,NULL),
(69,'SO/ESB/22025/0002','2025-02-02',32,NULL,'CASH BEFORE DELIVERY',1657658.00,0.92,1519519.00,0.00,0.00,12.00,182342.00,1840000.00,1840000.00,0.00,'2025-02-02 16:55:55',3,3,'1',1,1,'2025-02-02 16:55:50','2025-03-17 14:09:56',NULL,3,5,NULL),
(70,'SO/ESB/22025/0003','2025-02-03',49,NULL,'CASH BEFORE DELIVERY',4909910.00,0.92,4500750.00,0.00,0.00,12.00,540090.00,5450000.00,5450000.00,0.00,'2025-02-05 13:02:19',3,3,'1',1,1,'2025-02-03 15:12:46','2025-03-03 16:53:29',NULL,3,5,NULL),
(71,'SO/ESB/22025/0004','2025-02-03',73,NULL,'CASH BEFORE DELIVERY',7380181.00,0.92,6765165.00,396000.00,0.00,12.00,811819.00,8588000.00,0.00,8588000.00,'2025-02-03 15:19:22',3,3,'0',0,1,'2025-02-03 15:19:16','2025-02-03 15:19:22',NULL,3,3,NULL),
(72,'SO/ESB/22025/0005','2025-02-03',52,NULL,'CASH BEFORE DELIVERY',4913514.00,0.92,4504054.00,100000.00,0.00,12.00,540486.00,5554000.00,0.00,5554000.00,NULL,NULL,3,'0',0,0,'2025-02-03 15:24:43','2025-02-16 01:02:50',NULL,3,3,NULL),
(73,'SO/ESB/22025/0006','2025-02-04',49,NULL,'CASH BEFORE DELIVERY',7252253.00,0.92,6647898.00,0.00,0.00,12.00,797747.00,8050000.00,8050000.00,0.00,'2025-02-04 09:32:29',3,3,'1',1,1,'2025-02-04 09:32:23','2025-03-03 16:51:55',NULL,3,5,NULL),
(74,'SO/ESB/22025/0007','2025-02-04',26,NULL,'CASH BEFORE DELIVERY',747748.00,0.92,685435.00,100000.00,0.00,12.00,82252.00,930000.00,930000.00,0.00,'2025-02-04 14:24:41',3,3,'1',1,1,'2025-02-04 09:39:52','2025-03-05 13:41:35',NULL,3,5,NULL),
(75,'SO/ESB/22025/0008','2025-02-04',74,NULL,'CASH BEFORE DELIVERY',16195172.00,0.92,14845574.00,0.00,0.00,12.00,1781468.00,17976640.00,17976640.00,0.00,'2025-02-04 09:44:24',3,3,'1',1,1,'2025-02-04 09:44:17','2025-02-23 10:49:30',NULL,3,5,NULL),
(76,'SO/ESB/22025/0009','2025-02-04',75,NULL,'CASH BEFORE DELIVERY',10522523.00,0.92,9645646.00,0.00,0.00,12.00,1157477.00,11680000.00,0.00,11680000.00,NULL,NULL,3,'0',0,0,'2025-02-04 12:25:27','2025-02-15 18:25:24',NULL,3,3,NULL),
(77,'SO/ESB/22025/0010','2025-02-05',76,NULL,'CASH BEFORE DELIVERY',6319280.00,0.92,5792673.00,396000.00,0.00,12.00,695120.00,7410400.00,0.00,7410400.00,'2025-02-05 09:33:38',3,3,'0',0,1,'2025-02-05 09:33:27','2025-02-05 09:33:38',NULL,3,3,NULL),
(78,'SO/ESB/22025/0011','2025-02-05',72,NULL,'CASH BEFORE DELIVERY',10522523.00,0.92,9645646.00,0.00,0.00,12.00,1157477.00,11680000.00,0.00,11680000.00,NULL,NULL,3,'0',0,0,'2025-02-05 12:57:07','2025-02-15 18:39:15',NULL,3,3,NULL),
(79,'SO/ESB/22025/0012','2025-02-05',77,NULL,'CASH BEFORE DELIVERY',21033514.00,0.92,19280721.00,396000.00,0.00,12.00,2313686.00,23743200.00,0.00,23743200.00,'2025-02-05 15:20:37',3,3,'0',0,1,'2025-02-05 15:20:30','2025-02-05 15:20:37',NULL,3,3,NULL),
(80,'SO/ESB/22025/0013','2025-02-06',69,NULL,'CASH BEFORE DELIVERY',4617118.00,0.92,4232358.00,75000.00,0.00,12.00,507882.00,5200000.00,0.00,5200000.00,'2025-02-06 19:21:44',3,4,'0',0,1,'2025-02-06 08:46:46','2025-02-06 19:21:44',NULL,4,3,NULL),
(81,'SO/ESB/22025/0014','2025-02-06',65,NULL,'CASH BEFORE DELIVERY',1973943.00,0.92,1809447.00,0.00,0.00,12.00,217133.00,2191076.00,0.00,2191076.00,'2025-02-06 09:57:03',3,3,'0',0,1,'2025-02-06 08:56:37','2025-02-06 09:57:03',NULL,3,3,NULL),
(82,'SO/ESB/22025/0015','2025-02-06',78,NULL,'CASH BEFORE DELIVERY',5101352.00,0.92,4676239.00,0.00,0.00,12.00,561148.00,5662500.00,0.00,5662500.00,NULL,NULL,3,'0',0,0,'2025-02-06 09:16:47','2025-02-15 18:59:41',NULL,3,3,NULL),
(83,'SO/ESB/22025/0016','2025-02-06',49,NULL,'CASH BEFORE DELIVERY',12500001.00,0.92,11458334.00,0.00,0.00,12.00,1375000.00,13875001.00,13875001.00,0.00,'2025-02-06 23:34:09',3,3,'1',1,1,'2025-02-06 14:40:27','2025-03-03 16:50:29',NULL,3,5,NULL),
(84,'SO/ESB/22025/0017','2025-02-06',32,NULL,'CASH BEFORE DELIVERY',1657658.00,0.92,1519519.00,0.00,0.00,12.00,182342.00,1840000.00,1840000.00,0.00,'2025-02-07 10:40:19',3,3,'1',1,1,'2025-02-06 23:39:27','2025-03-17 14:08:49',NULL,3,5,NULL),
(85,'SO/ESB/22025/0018','2025-02-07',32,NULL,'CASH BEFORE DELIVERY',1657658.00,0.92,1519519.00,0.00,0.00,12.00,182342.00,1840000.00,1840000.00,0.00,'2025-02-07 10:09:22',3,3,'1',1,1,'2025-02-07 10:09:17','2025-03-17 14:07:55',NULL,3,5,NULL),
(86,'SO/ESB/22025/0019','2025-02-10',79,NULL,'CASH BEFORE DELIVERY',128411891.00,0.92,117710900.00,0.00,0.00,12.00,14125308.00,142537199.00,0.00,142537199.00,'2025-02-10 12:13:55',3,3,'0',0,1,'2025-02-10 12:13:50','2025-02-10 12:13:55',NULL,3,3,NULL),
(87,'SO/ESB/22025/0020','2025-02-11',12,NULL,'CASH BEFORE DELIVERY\nPO #25RO-B-001',495496.00,0.92,454204.00,0.00,0.00,12.00,54504.00,550000.00,550000.00,0.00,'2025-02-11 10:29:18',3,4,'1',1,1,'2025-02-11 06:21:25','2025-03-20 09:19:18',NULL,4,5,NULL),
(88,'SO/ESB/22025/0021','2025-02-11',1,NULL,'CASH BEFORE DELIVERY\nPO #25C0-B-094',6141443.00,0.92,5629656.00,100000.00,0.00,12.00,675558.00,6917001.00,6917001.00,0.00,'2025-02-13 22:59:05',3,4,'1',1,1,'2025-02-11 06:35:18','2025-03-17 14:04:39',NULL,4,5,NULL),
(89,'SO/ESB/22025/0022','2025-02-11',49,NULL,'CASH BEFORE DELIVERY',6175676.00,0.92,5661036.00,0.00,0.00,12.00,679324.00,6855000.00,6855000.00,0.00,'2025-02-11 11:52:48',3,4,'1',1,1,'2025-02-11 10:27:32','2025-02-19 15:02:26',NULL,4,5,NULL),
(90,'SO/ESB/22025/0023','2025-02-11',49,NULL,'CASH BEFORE DELIVERY',13823040.00,0.92,12671120.00,0.00,0.00,12.00,1520534.00,15343574.00,15343574.00,0.00,'2025-02-18 16:14:46',3,3,'1',1,1,'2025-02-11 14:02:42','2025-03-03 16:48:50',NULL,3,5,NULL),
(91,'SO/ESB/22025/0024','2025-02-12',28,NULL,'CASH BEFORE DELIVERY',56522200.00,0.92,51812016.00,0.00,0.00,12.00,6217441.00,62739641.00,0.00,62739641.00,'2025-02-12 13:38:48',3,3,'0',0,1,'2025-02-12 13:38:43','2025-02-12 13:38:48',NULL,3,3,NULL),
(92,'SO/ESB/22025/0025','2025-02-13',32,NULL,'CASH BEFORE DELIVERY',10162163.00,0.92,9315316.00,0.00,0.00,12.00,1117837.00,11280000.00,11280000.00,0.00,'2025-02-13 10:17:25',3,3,'1',1,1,'2025-02-13 10:17:17','2025-02-19 15:38:18',NULL,3,5,NULL),
(93,'SO/ESB/22025/0026','2025-02-14',82,NULL,'CASH BEFORE DELIVERY',31401081.00,0.92,28784324.00,0.00,0.00,12.00,3454118.00,34855199.00,34855199.00,0.00,'2025-02-14 14:52:03',3,3,'1',1,1,'2025-02-14 10:34:41','2025-02-18 22:23:26',NULL,3,3,NULL),
(94,'SO/ESB/22025/0027','2025-02-14',49,NULL,'toP 30 Hari',1902000.00,0.92,1743500.00,0.00,0.00,12.00,209220.00,2111220.00,2111220.00,0.00,'2025-02-15 17:23:34',3,3,'1',1,1,'2025-02-14 10:45:12','2025-02-19 15:28:30',NULL,3,5,NULL),
(95,'SO/ESB/22025/0028','2025-02-15',26,NULL,'CASH BEFORE DELIVERY',1986487.00,0.92,1820946.00,100000.00,0.00,12.00,218513.00,2305000.00,2305000.00,0.00,'2025-02-15 17:43:37',3,3,'1',1,1,'2025-02-15 10:57:23','2025-02-19 15:25:36',NULL,3,5,NULL),
(96,'SO/ESB/22025/0029','2025-02-15',65,NULL,'CASH BEFORE DELIVERY',899325.00,0.92,824381.00,0.00,0.00,12.00,98925.00,998250.00,998250.00,0.00,'2025-02-15 17:54:54',3,3,'1',1,1,'2025-02-15 17:54:47','2025-02-19 14:58:59',NULL,3,5,NULL),
(97,'SO/ESB/22025/0030','2025-02-15',1,NULL,'ToP 30 Hari dari tanggal PO',26129337.00,0.92,23951892.00,0.00,0.00,12.00,2874227.00,29003564.00,29003564.00,0.00,'2025-02-15 18:04:48',3,3,'1',1,1,'2025-02-15 18:04:43','2025-03-25 16:04:11',NULL,3,5,NULL),
(98,'SO/ESB/22025/0031','2025-02-16',32,NULL,'CASH BEFORE DELIVERY',1657658.00,0.92,1519519.00,0.00,0.00,12.00,182342.00,1840000.00,1840000.00,0.00,'2025-02-16 22:16:32',3,3,'1',1,1,'2025-02-16 22:16:26','2025-02-23 10:44:29',NULL,3,5,NULL),
(99,'SO/ESB/22025/0032','2025-02-17',28,NULL,'CASH BEFORE DELIVERY',20460400.00,0.92,18755366.00,0.00,0.00,12.00,2250643.00,22711043.00,22711043.00,0.00,'2025-02-26 11:34:29',3,3,'1',1,1,'2025-02-17 22:53:11','2025-03-19 11:02:32',NULL,3,5,NULL),
(100,'SO/ESB/22025/0033','2025-02-18',26,NULL,'CASH BEFORE DELIVERY',26711352.00,0.92,24485406.00,0.00,0.00,12.00,2938248.00,29649600.00,29649600.00,0.00,'2025-02-18 09:18:05',3,3,'1',1,1,'2025-02-18 09:17:53','2025-03-05 11:26:16',NULL,3,5,NULL),
(101,'SO/ESB/22025/0034','2025-02-18',5,NULL,'CASH BEFORE DELIVERY',572832.00,0.92,525096.00,0.00,0.00,12.00,63011.00,635843.00,635843.00,0.00,'2025-02-18 16:48:47',3,3,'1',1,1,'2025-02-18 16:48:41','2025-03-05 11:29:38',NULL,3,5,NULL),
(102,'SO/ESB/22025/0035','2025-02-19',1,NULL,'CASH BEFORE DELIVERY',22477478.00,0.92,20604354.00,0.00,0.00,12.00,2472522.00,24950000.00,0.00,24950000.00,'2025-02-19 16:35:41',3,3,'0',0,1,'2025-02-19 16:35:35','2025-02-19 16:35:41',NULL,3,3,NULL),
(103,'SO/ESB/22025/0036','2025-02-20',1,NULL,'CASH BEFORE DELIVERY',36711712.00,0.92,33652402.00,0.00,0.00,12.00,4038288.00,40750000.00,0.00,40750000.00,'2025-02-20 10:20:40',3,4,'0',0,1,'2025-02-20 10:18:35','2025-02-20 10:20:40',NULL,4,3,NULL),
(104,'SO/ESB/22025/0037','2025-02-21',84,NULL,'CASH BEFORE DELIVERY',388545052.00,0.92,356166297.00,0.00,0.00,12.00,42739955.00,431285007.00,0.00,431285007.00,'2025-02-21 11:22:55',3,3,'0',0,1,'2025-02-21 09:39:03','2025-02-21 11:22:55',NULL,3,3,NULL),
(105,'SO/ESB/22025/0038','2025-02-21',65,NULL,'CASH BEFORE DELIVERY',694550.00,0.92,636670.00,0.00,0.00,12.00,76400.00,770950.00,770950.00,0.00,'2025-02-21 15:28:55',3,3,'1',1,1,'2025-02-21 15:28:50','2025-03-07 11:08:29',NULL,3,6,NULL),
(106,'SO/ESB/22025/0039','2025-02-24',86,NULL,'CASH BEFORE DELIVERY',86554379.00,0.92,79341514.00,0.00,0.00,12.00,9520981.00,96075360.00,0.00,96075360.00,'2025-02-24 15:20:34',3,3,'0',0,1,'2025-02-24 15:20:30','2025-02-24 15:20:34',NULL,3,3,NULL),
(107,'SO/ESB/22025/0040','2025-02-25',87,NULL,'DP 30% Sebesar Rp. 114.230.750,- . Sisa nya tempo 35 hari dari tanggal PO dan giro didepan',343035290.00,0.92,314449015.00,0.00,0.00,12.00,37733881.00,380769171.00,0.00,380769171.00,'2025-02-25 16:22:25',3,3,'0',0,1,'2025-02-25 15:46:48','2025-02-25 16:22:25',NULL,3,3,NULL),
(108,'SO/ESB/22025/0041','2025-02-26',32,NULL,'CASH BEFORE DELIVERY',10162163.00,0.92,9315316.00,0.00,0.00,12.00,1117837.00,11280000.00,11280000.00,0.00,'2025-02-26 00:20:05',3,3,'1',1,1,'2025-02-26 00:19:59','2025-03-05 10:45:26',NULL,3,5,NULL),
(109,'SO/ESB/22025/0042','2025-02-27',26,NULL,'CASH BEFORE DELIVERY',3009730.00,0.92,2758919.00,100000.00,0.00,12.00,331070.00,3440800.00,3440800.00,0.00,'2025-02-27 02:06:49',3,3,'1',1,1,'2025-02-27 02:06:43','2025-03-05 10:44:12',NULL,3,5,NULL),
(110,'SO/ESB/22025/0043','2025-02-27',32,NULL,'CASH BEFORE DELIVERY',1657658.00,0.92,1519519.00,0.00,0.00,12.00,182342.00,1840000.00,1840000.00,0.00,'2025-02-27 10:58:42',3,3,'1',1,1,'2025-02-27 10:58:37','2025-03-05 10:42:52',NULL,3,5,NULL),
(111,'SO/ESB/32025/0001','2025-03-03',26,NULL,'CASH BEFORE DELIVERY',1148649.00,0.92,1052928.00,0.00,0.00,12.00,126351.00,1275000.00,1275000.00,0.00,'2025-03-03 11:20:31',3,3,'1',1,1,'2025-03-03 11:20:26','2025-03-13 10:13:48',NULL,3,5,NULL),
(112,'SO/ESB/32025/0002','2025-03-03',88,NULL,'CASH BEFORE DELIVERY',14508109.00,0.92,13299099.00,0.00,0.00,12.00,1595891.00,16104000.00,16104000.00,0.00,'2025-03-03 11:48:45',3,3,'1',1,1,'2025-03-03 11:48:39','2025-03-13 10:15:15',NULL,3,5,NULL),
(113,'SO/ESB/32025/0003','2025-03-06',89,NULL,'CASH BEFORE DELIVERY',39136036.00,0.92,35874699.00,0.00,0.00,12.00,4304963.00,43440999.00,0.00,43440999.00,NULL,NULL,3,'0',0,0,'2025-03-06 10:44:53','2025-04-21 11:06:58',NULL,3,3,NULL),
(114,'SO/ESB/32025/0004','2025-03-06',49,NULL,'CASH BEFORE DELIVERY',28756757.00,0.92,26360360.00,0.00,0.00,12.00,3163243.00,31920000.00,0.00,31920000.00,'2025-03-08 09:54:23',3,3,'0',0,1,'2025-03-06 16:58:41','2025-03-08 09:54:23',NULL,3,3,NULL),
(115,'SO/ESB/32025/0005','2025-03-07',92,NULL,'CASH BEFORE DELIVERY, PF SUDAH INC PT 10, PT 20, PT 24 DAN US 10, COVER EN 3 ATAU EN 4',4576351.00,0.92,4194988.00,0.00,0.00,12.00,503398.00,5079749.00,5079749.00,0.00,'2025-03-07 21:03:43',3,3,'1',1,1,'2025-03-07 20:54:56','2025-04-10 11:39:28',NULL,3,5,NULL),
(116,'SO/ESB/32025/0006','2025-03-10',7,NULL,'CASH BEFORE DELIVERY',3541622.00,0.92,3246486.00,0.00,0.00,12.00,389578.00,3931200.00,3931200.00,0.00,'2025-03-10 11:10:22',3,3,'1',1,1,'2025-03-10 10:47:47','2025-04-10 11:37:45',NULL,3,5,NULL),
(117,'SO/ESB/32025/0007','2025-03-11',32,NULL,'CASH BEFORE DELIVERY',1657658.00,0.92,1519519.00,0.00,0.00,12.00,182342.00,1840000.00,1840000.00,0.00,'2025-03-11 15:45:00',3,3,'1',1,1,'2025-03-11 15:44:55','2025-03-13 10:11:30',NULL,3,5,NULL),
(118,'SO/ESB/32025/0008','2025-03-13',65,NULL,'CASH BEFORE DELIVERY',1728000.00,0.92,1584000.00,396000.00,0.00,12.00,190080.00,2314080.00,0.00,2314080.00,NULL,NULL,3,'0',0,1,'2025-03-13 16:18:24','2025-03-14 09:32:09',NULL,3,3,NULL),
(119,'SO/ESB/32025/0009','2025-03-14',3,NULL,'DP 50%, ToP 30 Hari',17638289.00,0.92,16168431.00,0.00,0.00,12.00,1940211.00,19578500.00,19578500.00,0.00,'2025-03-26 15:11:06',3,4,'1',1,1,'2025-03-14 14:32:13','2025-04-14 15:48:54',NULL,4,5,NULL),
(120,'SO/ESB/32025/0010','2025-03-15',32,NULL,'CASH BEFORE DELIVERY',1657658.00,0.92,1519519.00,0.00,0.00,12.00,182342.00,1840000.00,1840000.00,0.00,'2025-03-15 13:51:07',3,3,'1',1,1,'2025-03-15 13:50:58','2025-03-17 13:56:52',NULL,3,5,NULL),
(121,'SO/ESB/32025/0011','2025-03-15',32,NULL,'CASH BEFORE DELIVERY',3315316.00,0.92,3039039.00,0.00,0.00,12.00,364684.00,3680000.00,3680000.00,0.00,'2025-03-15 13:53:04',3,3,'1',1,1,'2025-03-15 13:52:58','2025-03-17 13:58:26',NULL,3,5,NULL),
(122,'SO/ESB/32025/0012','2025-03-15',3,NULL,'CASH BEFORE DELIVERY\n(pengganti SO/ESB/12025/0024)',50871172.00,0.92,46631907.00,0.00,0.00,12.00,5595828.00,56467000.00,0.00,56467000.00,NULL,NULL,4,'0',0,0,'2025-03-15 16:46:10','2025-03-26 15:11:28',NULL,4,3,NULL),
(123,'SO/ESB/32025/0013','2025-03-15',3,NULL,'CASH BEFORE DELIVERY\n(Pengganti SO/ESB/12025/0022)',34568469.00,0.92,31687763.00,0.00,0.00,12.00,3802531.00,38371000.00,0.00,38371000.00,NULL,NULL,4,'0',0,0,'2025-03-15 17:03:25','2025-03-26 15:11:17',NULL,4,3,NULL),
(124,'SO/ESB/32025/0014','2025-03-18',82,NULL,'CASH BEFORE DELIVERY',10975140.00,0.92,10060545.00,0.00,0.00,12.00,1207265.00,12182405.00,12182405.00,0.00,'2025-03-18 15:29:24',3,3,'1',1,1,'2025-03-18 15:29:18','2025-04-10 11:34:19',NULL,3,5,NULL),
(125,'SO/ESB/32025/0015','2025-03-18',74,NULL,'CASH BEFORE DELIVERY',1840361.00,0.92,1686997.00,0.00,0.00,12.00,202439.00,2042800.00,0.00,2042800.00,'2025-03-18 15:38:23',3,3,'0',0,1,'2025-03-18 15:38:17','2025-03-18 15:38:23',NULL,3,3,NULL),
(126,'SO/ESB/32025/0016','2025-03-20',5,NULL,'CASH BEFORE DELIVERY, FRANCO ON SURABAYA',78680000.00,0.92,72123333.00,0.00,0.00,12.00,8654799.00,87334799.00,87334799.00,0.00,'2025-03-21 14:24:22',3,3,'1',1,1,'2025-03-20 14:52:28','2025-04-10 11:15:41',NULL,3,5,NULL),
(127,'SO/ESB/32025/0017','2025-03-25',3,NULL,'CASH BEFORE DELIVERY',26950451.00,0.92,24704580.00,0.00,0.00,12.00,2964549.00,29915000.00,29915000.00,0.00,'2025-03-26 14:52:01',3,4,'1',1,1,'2025-03-25 09:22:01','2025-04-10 11:13:18',NULL,4,5,NULL),
(128,'SO/ESB/42025/0001','2025-04-07',16,NULL,'CASH BEFORE DELIVERY',10932649.00,0.92,10021594.00,0.00,0.00,12.00,1202591.00,12135240.00,0.00,12135240.00,'2025-04-24 09:59:33',3,3,'0',0,1,'2025-04-07 17:12:21','2025-04-24 09:59:33',NULL,3,3,NULL),
(129,'SO/ESB/42025/0002','2025-04-07',79,NULL,'CASH BEFORE DELIVERY',23623784.00,0.92,21655135.00,0.00,0.00,12.00,2598616.00,26222400.00,26222400.00,0.00,'2025-04-10 15:42:01',3,3,'1',1,1,'2025-04-07 17:17:38','2025-04-11 16:31:35',NULL,3,5,NULL),
(130,'SO/ESB/42025/0003','2025-04-07',79,NULL,'CASH BEFORE DELIVERY',42702703.00,0.92,39144144.00,0.00,0.00,12.00,4697297.00,47400000.00,0.00,47400000.00,'2025-04-07 17:18:52',3,3,'0',0,1,'2025-04-07 17:18:47','2025-04-07 17:18:52',NULL,3,3,NULL),
(131,'SO/ESB/42025/0004','2025-04-08',79,NULL,'Cash Before Delivery',5000000.00,0.92,4583333.00,0.00,0.00,12.00,549999.00,5549999.00,5549999.00,0.00,'2025-04-08 13:11:15',3,3,'1',1,1,'2025-04-08 13:11:07','2025-04-22 09:25:54',NULL,3,6,NULL),
(132,'SO/ESB/42025/0005','2025-04-10',3,NULL,'DP 50%, ToP 30 Hari',36884685.00,0.92,33810961.00,0.00,0.00,12.00,4057315.00,40942000.00,0.00,40942000.00,'2025-04-10 14:40:32',3,4,'1',0,1,'2025-04-10 13:51:23','2025-04-16 20:47:10',NULL,4,6,NULL),
(133,'SO/ESB/42025/0006','2025-04-11',79,NULL,'Cash Before Delivery, Ada Deposit sebesar Rp. 8.181.720,-',47247600.00,0.92,43310300.00,0.00,0.00,12.00,5197236.00,52444836.00,52444836.00,0.00,'2025-04-11 09:58:41',3,3,'1',1,1,'2025-04-11 09:58:35','2025-04-23 13:30:55',NULL,3,5,NULL),
(134,'SO/ESB/42025/0007','2025-04-12',32,NULL,'CASH BEFORE DELIVERY',43059893.00,0.92,39471568.00,0.00,0.00,12.00,4736588.00,47796481.00,47796481.00,0.00,'2025-04-12 15:25:44',3,3,'1',1,1,'2025-04-12 15:18:27','2025-04-17 14:09:19',NULL,3,5,NULL),
(135,'SO/ESB/42025/0008','2025-04-12',32,NULL,'CASH BEFORE DELIVERY',7819820.00,0.92,7168168.00,0.00,0.00,12.00,860180.00,8680000.00,8680000.00,0.00,'2025-04-14 12:42:46',3,3,'1',1,1,'2025-04-12 15:19:49','2025-04-17 14:07:46',NULL,3,5,NULL),
(136,'SO/ESB/42025/0009','2025-04-14',32,NULL,'CASH BEFORE DELIVERY',1657658.00,0.92,1519519.00,0.00,0.00,12.00,182342.00,1840000.00,1840000.00,0.00,'2025-04-14 14:40:52',3,3,'1',1,1,'2025-04-14 14:40:47','2025-04-17 14:06:36',NULL,3,5,NULL),
(137,'SO/ESB/42025/0010','2025-04-14',34,NULL,'CASH BEFORE DELIVERY',2990992.00,0.92,2741742.00,50000.00,0.00,12.00,329009.00,3370001.00,3370001.00,0.00,'2025-04-14 14:47:50',3,3,'1',1,1,'2025-04-14 14:47:46','2025-04-22 09:21:57',NULL,3,6,NULL),
(138,'SO/ESB/42025/0011','2025-04-16',65,NULL,'Cash Before Delivery',1063064.00,0.92,974475.00,0.00,0.00,12.00,116937.00,1180001.00,0.00,1180001.00,'2025-04-16 02:20:25',3,3,'0',0,1,'2025-04-16 02:20:20','2025-04-16 02:20:25',NULL,3,3,NULL),
(139,'SO/ESB/42025/0012','2025-04-16',97,NULL,'CASH BEFORE DELIVERY',29002919.00,0.92,26586009.00,0.00,0.00,12.00,3190321.00,32193240.00,0.00,32193240.00,'2025-04-19 16:10:41',3,3,'0',0,1,'2025-04-16 12:15:02','2025-04-19 16:10:41',NULL,3,3,NULL),
(140,'SO/ESB/42025/0013','2025-04-22',101,NULL,'CASH BEFORE DELIVERY',18450000.00,0.92,16912500.00,0.00,0.00,12.00,2029500.00,20479500.00,0.00,20479500.00,'2025-04-22 17:03:27',3,3,'0',0,1,'2025-04-22 17:02:11','2025-04-22 17:03:27',NULL,3,3,NULL),
(141,'SO/ESB/42025/0014','2025-04-22',3,NULL,'DP 50%, ToP 30 Hari',16270271.00,0.92,14914415.00,0.00,0.00,12.00,1789729.00,18060000.00,0.00,18060000.00,'2025-04-22 22:03:56',6,4,'0',0,1,'2025-04-22 19:53:52','2025-04-22 22:03:56',NULL,4,6,NULL),
(142,'SO/ESB/42025/0015','2025-04-24',32,NULL,'CASH BEFORE DELIVERY',1639640.00,0.92,1503003.00,0.00,0.00,12.00,180360.00,1820000.00,0.00,1820000.00,'2025-04-24 12:41:45',3,3,'0',0,1,'2025-04-24 12:41:27','2025-04-24 12:41:45',NULL,3,3,NULL);
/*!40000 ALTER TABLE `tr_sales` ENABLE KEYS */;
UNLOCK TABLES;

--
-- Table structure for table `tr_sales_details`
--

DROP TABLE IF EXISTS `tr_sales_details`;
/*!40101 SET @saved_cs_client     = @@character_set_client */;
/*!40101 SET character_set_client = utf8mb4 */;
CREATE TABLE `tr_sales_details` (
  `id` bigint(20) unsigned NOT NULL AUTO_INCREMENT,
  `sales_id` bigint(20) NOT NULL,
  `product_code` varchar(191) DEFAULT NULL,
  `product_name` varchar(100) NOT NULL,
  `unit_name` varchar(50) NOT NULL,
  `qty` decimal(18,2) NOT NULL DEFAULT 0.00,
  `rate` decimal(18,2) NOT NULL DEFAULT 0.00,
  `amount` decimal(18,2) NOT NULL DEFAULT 0.00,
  `created_at` timestamp NULL DEFAULT NULL,
  `updated_at` timestamp NULL DEFAULT NULL,
  PRIMARY KEY (`id`),
  KEY `tr_sales_details_id_index` (`id`),
  KEY `tr_sales_details_sales_id_index` (`sales_id`),
  KEY `tr_sales_details_product_name_index` (`product_name`),
  KEY `tr_sales_details_unit_name_index` (`unit_name`),
  KEY `tr_sales_details_product_code_index` (`product_code`)
) ENGINE=InnoDB AUTO_INCREMENT=1778 DEFAULT CHARSET=utf8mb4 COLLATE=utf8mb4_unicode_ci ROW_FORMAT=DYNAMIC;
/*!40101 SET character_set_client = @saved_cs_client */;

--
-- Dumping data for table `tr_sales_details`
--

LOCK TABLES `tr_sales_details` WRITE;
/*!40000 ALTER TABLE `tr_sales_details` DISABLE KEYS */;
INSERT INTO `tr_sales_details` VALUES
(3,1,'Nexus','NX965 - Spanish Grey size 50x50','Dus',19.00,1135135.14,21567567.66,'2025-01-02 16:29:02','2025-01-02 16:29:02'),
(4,1,'','Jasa Pasang','m2',100.00,19819.82,1981982.00,'2025-01-02 16:29:02','2025-01-02 16:29:02'),
(177,16,'Niro','GG043 - Absolute White Matt Size 60x60','Dus',50.00,202702.71,10135135.50,'2025-01-10 11:50:36','2025-01-10 11:50:36'),
(251,23,'Nexus','NX965 - Spanish Grey size 50x50','Dus',2.00,1137837.84,2275675.68,'2025-01-13 08:24:46','2025-01-13 08:24:46'),
(775,25,'','Mondrian White size 60x60','Dus',110.00,197297.30,21702703.00,'2025-01-13 21:48:21','2025-01-13 21:48:21'),
(780,26,'Gresik','Semen @40kg','Sak',200.00,49099.10,9819820.00,'2025-01-14 15:57:18','2025-01-14 15:57:18'),
(832,28,'','NIRO - GTE09 size 60x60','',2.00,274775.00,549550.00,'2025-01-15 21:05:58','2025-01-15 21:05:58'),
(833,29,'Quadra','Orion Grey Glossy Uk 120x280','Slab',4.00,2603243.20,10412972.80,'2025-01-15 21:17:25','2025-01-15 21:17:25'),
(834,30,'Jayaboard','Gypsum 12mm','Lbr',150.00,78378.38,11756757.00,'2025-01-16 09:12:39','2025-01-16 09:12:39'),
(835,30,'Jayaboard','Gypsum WR 13mm','Lbr',50.00,145045.05,7252252.50,'2025-01-16 09:12:39','2025-01-16 09:12:39'),
(837,31,'RICOTTA','TX - 454 MOON BLUE','Dus',9.00,900900.99,8108108.91,'2025-01-17 20:12:13','2025-01-17 20:12:13'),
(841,33,'','Carpet Delta DL 419 Charcoal 50x50','dus',5.00,990990.99,4954954.95,'2025-01-18 06:22:28','2025-01-18 06:22:28'),
(842,33,'','Xiami TV A pro 55 inch','unit',1.00,5900900.95,5900900.95,'2025-01-18 06:22:28','2025-01-18 06:22:28'),
(843,33,'','AC Midea 1 PK MSAF-09CRN2','unit',1.00,3297297.79,3297297.79,'2025-01-18 06:22:28','2025-01-18 06:22:28'),
(844,33,'','Bracket TV Standing Hitam','unit',1.00,608108.11,608108.11,'2025-01-18 06:22:28','2025-01-18 06:22:28'),
(845,33,'','0428 Open Back 3\" Alexindo Brown','btg',2.00,252252.25,504504.50,'2025-01-18 06:22:28','2025-01-18 06:22:28'),
(846,33,'','9055 Tiang POlos3\" Alexindo Brown','btg',1.00,256756.76,256756.76,'2025-01-18 06:22:28','2025-01-18 06:22:28'),
(847,33,'','Mortise Lock Dekson 84100 + Cylinder 60mm','set',2.00,211711.71,423423.42,'2025-01-18 06:22:28','2025-01-18 06:22:28'),
(848,33,'','Handle Tanam Dekson PP 008A 20cm','pcs',2.00,54054.05,108108.11,'2025-01-18 06:22:28','2025-01-18 06:22:28'),
(849,33,'','Sealant Coklat Asam','pcs',4.00,28828.83,115315.32,'2025-01-18 06:22:28','2025-01-18 06:22:28'),
(850,33,'','0490 Tiang Frame 3\" Alexindo Brown','btg',3.00,431081.08,1293243.24,'2025-01-18 06:22:28','2025-01-18 06:22:28'),
(851,33,'','Rell Pinru Slading 180cm Dekson','btg',2.00,315315.32,630630.63,'2025-01-18 06:22:28','2025-01-18 06:22:28'),
(852,27,'','Gypsum Jayaboard 9mm','lbr',40.00,63063.06,2522523.00,'2025-01-18 07:02:05','2025-01-18 07:02:05'),
(853,27,'','Compound Aplus 20kg','sak',4.00,55855.86,223424.00,'2025-01-18 07:02:05','2025-01-18 07:02:05'),
(854,27,'','Kain Kassa Gypsum','pcs',3.00,5405.41,16217.00,'2025-01-18 07:02:05','2025-01-18 07:02:05'),
(855,27,'','Kape Besi 8\"','pcs',1.00,18018.02,18019.00,'2025-01-18 07:02:05','2025-01-18 07:02:05'),
(856,27,'','Kape Plastik Besar','pcs',2.00,4504.50,9010.00,'2025-01-18 07:02:05','2025-01-18 07:02:05'),
(857,27,'','kape gagang kayu 3\"','pcs',2.00,9009.01,18019.00,'2025-01-18 07:02:05','2025-01-18 07:02:05'),
(858,27,'','Ember Cor Besar','pcs',2.00,13513.51,27028.00,'2025-01-18 07:02:05','2025-01-18 07:02:05'),
(859,27,'','Hollow Galvalume 2x4x0.30mm (16x35)','btg',15.00,19819.82,297298.00,'2025-01-18 07:02:05','2025-01-18 07:02:05'),
(860,27,'','Hollow Galvalume 4x4x0.30mm (35x35)','btg',13.00,23423.45,304505.00,'2025-01-18 07:02:05','2025-01-18 07:02:05'),
(861,27,'','Wallpaper LOHAS putih 87457-1 (1mx15m)','roll',1.00,554054.07,554055.00,'2025-01-18 07:02:05','2025-01-18 07:02:05'),
(862,27,'','Firerock 60kg 1.2mx0.6mx25mm','lbr',12.00,41891.89,502703.00,'2025-01-18 07:02:05','2025-01-18 07:02:05'),
(863,27,'','Firerock60kg 1.2mx0.6mx50mm','lbr',12.00,71621.62,859460.00,'2025-01-18 07:02:05','2025-01-18 07:02:05'),
(870,34,'Tiga Roda','Semen @50kg','sak',160.00,63513.52,10162163.20,'2025-01-18 08:55:04','2025-01-18 08:55:04'),
(871,35,'','Jotun Jotaplast Primer 3.5L','galon',3.00,202702.70,608108.11,'2025-01-20 13:44:01','2025-01-20 13:44:01'),
(872,35,'','Jotun Jotaplast New White 18L','pail',1.00,765765.77,765765.77,'2025-01-20 13:44:01','2025-01-20 13:44:01'),
(873,35,'','Jotun Easy Wipe Cobalt 6198 18L','pail',1.00,1171171.17,1171171.17,'2025-01-20 13:44:01','2025-01-20 13:44:01'),
(874,35,'','Roll Cat Besar + gagang','pcs',2.00,22522.52,45045.05,'2025-01-20 13:44:01','2025-01-20 13:44:01'),
(875,35,'','Kuas Cat 3 Inch','pcs',2.00,10810.81,21621.62,'2025-01-20 13:44:01','2025-01-20 13:44:01'),
(876,35,'','Handle Tanam Dekson PP 008A 20cm','pcs',2.00,54054.05,108108.11,'2025-01-20 13:44:01','2025-01-20 13:44:01'),
(877,35,'','Cnp 0.75 Full','btg',12.00,79279.28,951351.35,'2025-01-20 13:44:01','2025-01-20 13:44:01'),
(878,35,'','Reng 28.40','btg',8.00,32432.43,259459.46,'2025-01-20 13:44:01','2025-01-20 13:44:01'),
(879,35,'','Screw 10x19','pcs',250.00,180.18,45045.05,'2025-01-20 13:44:01','2025-01-20 13:44:01'),
(880,35,'','Kaca polos 6mm uk 71.5cmx195.5cm','lbr',1.00,337837.84,337837.84,'2025-01-20 13:44:01','2025-01-20 13:44:01'),
(881,35,'','Kaca polos 6mm uk 75.5cmx195.5cm','lbr',1.00,360360.36,360360.36,'2025-01-20 13:44:01','2025-01-20 13:44:01'),
(882,35,'','Sanblast TK J215 uk 120cmx420cm','roll',1.00,324324.32,324324.32,'2025-01-20 13:44:01','2025-01-20 13:44:01'),
(883,35,'','Talang Kotak PVC putih 4m','btg',2.00,64864.86,129729.73,'2025-01-20 13:44:01','2025-01-20 13:44:01'),
(884,35,'','Sambungan Talang PVC putih','pcs',1.00,5405.41,5405.41,'2025-01-20 13:44:01','2025-01-20 13:44:01'),
(885,35,'','Dop Talang PVC Putih','pcs',1.00,4504.50,4504.50,'2025-01-20 13:44:01','2025-01-20 13:44:01'),
(886,35,'','Corong Talang PVC','pcs',1.00,9009.01,9009.01,'2025-01-20 13:44:01','2025-01-20 13:44:01'),
(887,35,'','Kain Majun','kg',2.00,24774.77,49549.55,'2025-01-20 13:44:01','2025-01-20 13:44:01'),
(888,35,'','Firerock D60kg 1.2mx0.6mx25mm','lbr',24.00,41891.89,1005405.41,'2025-01-20 13:44:01','2025-01-20 13:44:01'),
(889,35,'','Firerock D60kg 1.2mx0.6mx50mm','lbr',18.00,71621.62,1289189.19,'2025-01-20 13:44:01','2025-01-20 13:44:01'),
(895,36,'Tiga Roda','Semen @50kg','Sak',160.00,63513.52,10162163.20,'2025-01-21 15:13:20','2025-01-21 15:13:20'),
(896,38,'','Pasir Cuci Cilegon + Ayak','Truck',8.00,1657657.70,13261261.60,'2025-01-21 15:20:05','2025-01-21 15:20:05'),
(900,32,'ARNA','GAVIN GREY MATT SIZE 60X60','DUS',3.00,162162.17,486487.00,'2025-01-21 15:32:23','2025-01-21 15:32:23'),
(901,32,'ROMAN W63851R','SPARKLING STRIPES SIZE 30X60','DUS',6.00,170720.72,1024325.00,'2025-01-21 15:32:23','2025-01-21 15:32:23'),
(902,32,'MORTAR UTAMA','MU - 480 RENOFIX @25KG','SAK',4.00,198198.10,792792.40,'2025-01-21 15:32:23','2025-01-21 15:32:23'),
(905,37,'Roman GT635525R','dGinostra Charcoal size 30x60','Dus',19.00,199099.10,3782882.90,'2025-01-21 15:59:10','2025-01-21 15:59:10'),
(906,37,'Roman GT609889FR','dPania Continua size 60x60','Dus',74.00,178378.38,13200000.12,'2025-01-21 15:59:10','2025-01-21 15:59:10'),
(907,37,'Roman W63801R','dTube White size 30x60','Dus',25.00,136036.04,3400901.00,'2025-01-21 15:59:10','2025-01-21 15:59:10'),
(909,39,'Quadra','Orion Grey Glossy size 120x280','',1.00,2603603.61,2603604.00,'2025-01-21 16:12:00','2025-01-21 16:12:00'),
(915,40,'','Balok Kayu 5x10x4m','btg',5.00,108108.11,540541.00,'2025-01-22 05:54:06','2025-01-22 05:54:06'),
(916,40,'','Ftalite Teak Brown 137','klg',3.00,79279.28,237838.00,'2025-01-22 05:54:06','2025-01-22 05:54:06'),
(917,40,'','Kayu Kaso 5x7x4m','btg',37.00,59459.46,2200001.00,'2025-01-22 05:54:06','2025-01-22 05:54:06'),
(918,40,'','Paku 5cm','kg',5.00,16216.22,81082.00,'2025-01-22 05:54:06','2025-01-22 05:54:06'),
(919,40,'','Paku 7cm','kg',5.00,16216.22,81082.00,'2025-01-22 05:54:06','2025-01-22 05:54:06'),
(920,41,'JAYABOARD','Gypsum 12mm','Lbr',120.00,78378.38,9405405.60,'2025-01-22 13:14:53','2025-01-22 13:14:53'),
(923,43,'Roman GT602025AR','dCervinia Bianco size 60x60','Dus',8.00,174774.85,1398198.80,'2025-01-22 21:00:06','2025-01-22 21:00:06'),
(924,43,'Valentino','Damesco Dark size 60x60','Dus',3.00,208216.22,624648.66,'2025-01-22 21:00:06','2025-01-22 21:00:06'),
(925,43,'Valentino','Romano Natural size 60x60','Dus',4.00,207567.57,830270.28,'2025-01-22 21:00:06','2025-01-22 21:00:06'),
(926,43,'Valentino','Slate Grafite size 60x60','Dus',1.00,207567.57,207567.57,'2025-01-22 21:00:06','2025-01-22 21:00:06'),
(927,43,'Valentino','Mozart Cemento size 60x60','Dus',1.00,181569.73,181569.73,'2025-01-22 21:00:06','2025-01-22 21:00:06'),
(928,42,'Gresik','Semen @40kg','Sak',100.00,50000.00,5000000.00,'2025-01-23 09:20:17','2025-01-23 09:20:17'),
(929,44,'INFINITI','Fidenza Black size 60x120','Dus',19.00,323027.03,6137513.57,'2025-01-24 13:35:23','2025-01-24 13:35:23'),
(930,45,'Infiniti','Foxy Dark Grey size 60x60','Dus',5.00,278918.92,1394594.60,'2025-01-24 13:44:09','2025-01-24 13:44:09'),
(931,45,'Infinti','Fonzy Grey size 60x60','Dus',20.00,278918.92,5578378.40,'2025-01-24 13:44:09','2025-01-24 13:44:09'),
(932,45,'Infiniti','Montecarlo Grey size 60x60','Dus',97.00,201081.08,19504864.76,'2025-01-24 13:44:09','2025-01-24 13:44:09'),
(933,45,'Niro','GWV02 - Wave Grey size 60x60','Dus',17.00,360360.36,6126126.12,'2025-01-24 13:44:09','2025-01-24 13:44:09'),
(934,46,'Roman GT635525R','dGinostra Charcoal size 30x60','Dus',19.00,199099.00,3782881.00,'2025-01-24 20:48:15','2025-01-24 20:48:15'),
(935,46,'Roman GT609889FR','dPania Contunua size 60x60','Dus',74.00,178378.40,13200001.60,'2025-01-24 20:48:15','2025-01-24 20:48:15'),
(936,46,'Roman W63801R','dTube White size 30x60','Dus',25.00,136036.04,3400901.00,'2025-01-24 20:48:15','2025-01-24 20:48:15'),
(937,47,'Roman GT532140CR','dStanford Grigio size 30x60','Dus',2.00,197747.75,395495.50,'2025-01-24 20:52:17','2025-01-24 20:52:17'),
(938,47,'Roman GT605528R','dAsmant Charcoal size 60x60','Dus',1.00,152703.00,152703.00,'2025-01-24 20:52:17','2025-01-24 20:52:17'),
(942,49,'','Firerock D60kg 1.2mx0.6mx25mm','lbr',12.00,41891.97,502703.64,'2025-01-24 21:04:41','2025-01-24 21:04:41'),
(943,49,'','Firerock D60kg 1.2mx0.6mx50mm','lbr',12.00,71621.62,859459.44,'2025-01-24 21:04:41','2025-01-24 21:04:41'),
(944,50,'','Semen Merah Putih 40kg','sak',50.00,45045.06,2252252.80,'2025-01-24 21:08:40','2025-01-24 21:08:40'),
(1002,54,'Marco','P24123J','Slab',4.00,1644144.15,6576576.60,'2025-01-27 23:12:19','2025-01-27 23:12:19'),
(1003,55,'Marco','SM122011 size 20x120','Dus',12.00,378378.38,4540540.56,'2025-01-27 23:16:35','2025-01-27 23:16:35'),
(1004,56,'Valentino','Calacatta Silver Matt size 60x120','Dus',18.00,291891.90,5254054.20,'2025-01-27 23:21:05','2025-01-27 23:21:05'),
(1005,56,'Roman GT602133CR','dAugusta Grey Matt size 60x60','Dus',27.00,180180.18,4864864.86,'2025-01-27 23:21:05','2025-01-27 23:21:05'),
(1006,56,'Niro','GIX07 - ash Grey Glossy size 60x60','Dus',9.00,225225.23,2027027.07,'2025-01-27 23:21:05','2025-01-27 23:21:05'),
(1026,60,'Gresik','Semen @40kg','Sak',100.00,49099.10,4909910.00,'2025-01-30 23:48:21','2025-01-30 23:48:21'),
(1031,58,'Niro GMO01 ','Marmore - Stellar White size 60x60','Dus',100.00,186882.89,18688289.00,'2025-01-30 23:48:55','2025-01-30 23:48:55'),
(1032,57,'Propan','Propan Ceria White 8','pail',3.00,454954.95,1364865.00,'2025-01-30 23:49:04','2025-01-30 23:49:04'),
(1033,57,'Nippon','Plamir Matex 4kg','galon',10.00,58558.57,585586.00,'2025-01-30 23:49:04','2025-01-30 23:49:04'),
(1034,61,'Infiniti','Terrazzo Terra Grey size 60x60','Dus',45.00,188108.11,8464865.00,'2025-01-31 13:50:27','2025-01-31 13:50:27'),
(1039,2,'Nexus','NX 965','Dus',19.00,1135135.14,21567568.00,'2025-01-31 13:50:48','2025-01-31 13:50:48'),
(1040,2,'','Jasa Pasang','m2',100.00,18918.92,1891892.00,'2025-01-31 13:50:48','2025-01-31 13:50:48'),
(1041,3,'Nexus','Nexus - NX965','Dus',5.00,1135135.14,5675676.00,'2025-01-31 13:50:57','2025-01-31 13:50:57'),
(1042,3,'','Ongkos Pasang','m2',25.00,18918.91,472973.00,'2025-01-31 13:50:57','2025-01-31 13:50:57'),
(1043,4,'','Kayu 5/7 Albasiah','M3',6.00,1261261.26,7567568.00,'2025-01-31 13:51:12','2025-01-31 13:51:12'),
(1044,4,'','Paku 5+7+10','Kg',44.00,13963.96,614415.00,'2025-01-31 13:51:12','2025-01-31 13:51:12'),
(1045,4,'','Multiplek 9mm','Lbr',60.00,92792.80,5567568.00,'2025-01-31 13:51:12','2025-01-31 13:51:12'),
(1046,4,'','Minyak Bekisting','Ltr',21.00,73873.87,1551352.00,'2025-01-31 13:51:12','2025-01-31 13:51:12'),
(1047,4,'','Palu Godam','Pcs',5.00,63063.06,315316.00,'2025-01-31 13:51:12','2025-01-31 13:51:12'),
(1048,4,'','Benang Nylon','Roll',25.00,3153.15,78829.00,'2025-01-31 13:51:12','2025-01-31 13:51:12'),
(1049,4,'','Ember Cor Besar','Pcs',30.00,11261.26,337838.00,'2025-01-31 13:51:12','2025-01-31 13:51:12'),
(1050,4,'','Cangkul + Gagang','Pcs',5.00,57657.66,288289.00,'2025-01-31 13:51:12','2025-01-31 13:51:12'),
(1051,4,'','Garpu','Pcs',3.00,76576.58,229730.00,'2025-01-31 13:51:12','2025-01-31 13:51:12'),
(1052,4,'','Balincong','Pcs',3.00,59459.46,178379.00,'2025-01-31 13:51:12','2025-01-31 13:51:12'),
(1053,4,'','Batu Belah 15/20','M3',218.00,252252.25,54990991.00,'2025-01-31 13:51:12','2025-01-31 13:51:12'),
(1054,4,'','Beton K300 Ready Mix NFA','M3',301.00,828828.83,249477478.00,'2025-01-31 13:51:12','2025-01-31 13:51:12'),
(1055,4,'Jakarta','Semen @40kg','Sak',1204.00,41441.44,49895494.00,'2025-01-31 13:51:12','2025-01-31 13:51:12'),
(1056,4,'','Pasir Cilegon Cuci','M3',157.00,333333.34,52333335.00,'2025-01-31 13:51:12','2025-01-31 13:51:12'),
(1057,4,'','Batu Split 1/2','M3',37.00,256756.76,9500001.00,'2025-01-31 13:51:12','2025-01-31 13:51:12'),
(1058,4,'','Besi 13mm Ulir Full SNI Sertifikat','Btg',39.00,108108.11,4216217.00,'2025-01-31 13:51:12','2025-01-31 13:51:12'),
(1059,4,'','Besi 12mm Ulir Full SNI Sertifikat','Btg',180.00,92342.34,16621622.00,'2025-01-31 13:51:12','2025-01-31 13:51:12'),
(1060,4,'','Wiremesh M10 (9.8mm) Full SNI Sertifikat','Lbr',172.00,923423.42,158828829.00,'2025-01-31 13:51:12','2025-01-31 13:51:12'),
(1061,4,'','Besi 8mm Polos Full SNI Sertifikat','Btg',181.00,43693.69,7908558.00,'2025-01-31 13:51:12','2025-01-31 13:51:12'),
(1062,4,'','Wiremesh M8 (7.8mm) Full SNI Sertifikat','Lbr',4.00,621621.63,2486487.00,'2025-01-31 13:51:12','2025-01-31 13:51:12'),
(1063,4,'KLOFF','Pipa PVC AW 8\" P.4m','Btg',18.00,513513.51,9243244.00,'2025-01-31 13:51:12','2025-01-31 13:51:12'),
(1064,4,'','Baut Baja 10x19','Pcs',350.00,180.18,63063.00,'2025-01-31 13:51:12','2025-01-31 13:51:12'),
(1065,4,'','Canal C75 T.0,75','Btg',59.00,74774.77,4411712.00,'2025-01-31 13:51:12','2025-01-31 13:51:12'),
(1066,4,'KLOFF','Pipa PVC AW 6\" P.4m','Btg',120.00,259909.91,31189190.00,'2025-01-31 13:51:12','2025-01-31 13:51:12'),
(1067,5,'Sandimas','Mondrian White Matt size 60x120','Dus',125.00,561600.00,70200000.00,'2025-01-31 13:51:24','2025-01-31 13:51:24'),
(1069,7,'Gresik','Semen @40kg','Sak',200.00,49099.10,9819820.00,'2025-01-31 13:51:43','2025-01-31 13:51:43'),
(1074,10,'Sandimas','Mondrian White Matt size 60x120','Dus',200.00,561600.00,112320000.00,'2025-01-31 13:52:20','2025-01-31 13:52:20'),
(1076,11,'','Hollow 4x4 T. 0,35mm','Btg',250.00,31891.89,7972972.50,'2025-01-31 13:54:32','2025-01-31 13:54:32'),
(1088,13,'Tiga Roda','Semen @50kg','Sak',160.00,73000.00,11680000.00,'2025-01-31 13:54:58','2025-01-31 13:54:58'),
(1092,15,'','Gypsum Jayaboard 12mm','lbr',150.00,78378.38,11756757.00,'2025-01-31 13:55:17','2025-01-31 13:55:17'),
(1093,17,'Roman W40221','Urban Origine size 20x40','Dus',75.00,101000.00,7575000.00,'2025-01-31 13:55:28','2025-01-31 13:55:28'),
(1094,17,'Roman W40222','Urban Cream size 40x40','Dus',75.00,103500.00,7762500.00,'2025-01-31 13:55:28','2025-01-31 13:55:28'),
(1095,18,'Roman G337504','dBolonia Bone size 30x30','Dus',108.00,96750.00,10449000.00,'2025-01-31 13:55:37','2025-01-31 13:55:37'),
(1096,18,'Roman GT605758CR','dFuji Light size 60x60','Dus',51.00,180500.00,9205500.00,'2025-01-31 13:55:37','2025-01-31 13:55:37'),
(1097,19,'Mulia','Metro White Bevel size 10x20','Dus',60.00,67567.58,4054055.00,'2025-01-31 13:55:49','2025-01-31 13:55:49'),
(1099,20,'Niro GMO01','Marmore - Stellar White size 60x60','Dus',70.00,182882.88,12801802.00,'2025-01-31 13:56:10','2025-01-31 13:56:10'),
(1115,8,'','Pasir Bangka Putih','m3',6.00,420420.42,2522523.00,'2025-01-31 14:03:52','2025-01-31 14:03:52'),
(1116,9,'','Gypsum Jayaboard 12mm','lbr',50.00,78378.38,3918919.00,'2025-01-31 14:15:53','2025-01-31 14:15:53'),
(1117,9,'','Hollow Galvanis 4x4x0.35mm Merah Hijau','btg',250.00,31891.89,7972973.00,'2025-01-31 14:15:53','2025-01-31 14:15:53'),
(1118,9,'','Shadowline Bluexcope','btg',50.00,14414.41,720721.00,'2025-01-31 14:15:53','2025-01-31 14:15:53'),
(1119,12,'','Gypsum Jayaboard 12mm','lbr',6.00,84234.21,505405.26,'2025-01-31 14:19:55','2025-01-31 14:19:55'),
(1120,12,'','Screw Gypsum 6x1 Centro','dus',1.00,49549.51,49549.51,'2025-01-31 14:19:55','2025-01-31 14:19:55'),
(1121,12,'','Screw Gypsum 6x2','dus',1.00,49549.55,49549.55,'2025-01-31 14:19:55','2025-01-31 14:19:55'),
(1122,12,'','Hollow Galvanis Tali Merah 2x4x0.40mm','btg',4.00,25675.61,102702.44,'2025-01-31 14:19:55','2025-01-31 14:19:55'),
(1123,12,'','Hollow Galvanis Tali Merah 4x4x0.40mm','btg',4.00,34684.61,138738.44,'2025-01-31 14:19:55','2025-01-31 14:19:55'),
(1124,12,'','Roll Cat Besar + gagang','pcs',1.00,20720.71,20720.71,'2025-01-31 14:19:55','2025-01-31 14:19:55'),
(1125,12,'','Compound Aplus 20kg','sak',1.00,53153.11,53153.11,'2025-01-31 14:19:55','2025-01-31 14:19:55'),
(1126,12,'','Kuas Cat 2,5 Inch','pcs',1.00,10810.81,10811.00,'2025-01-31 14:19:55','2025-01-31 14:19:55'),
(1127,12,'','Kain Majun','kg',1.00,22522.53,22523.00,'2025-01-31 14:19:55','2025-01-31 14:19:55'),
(1128,12,'','Lakban Kertas 1 inch','pcs',2.00,5405.42,10811.00,'2025-01-31 14:19:55','2025-01-31 14:19:55'),
(1129,12,'','Jotun Majestic 81YR 06/003 Beauty Matt 2.5L','galon',2.00,225225.24,450451.00,'2025-01-31 14:19:55','2025-01-31 14:19:55'),
(1134,62,'Tiga Roda','Semen @50kg','Sak',160.00,63513.52,10162163.20,'2025-01-31 14:48:29','2025-01-31 14:48:29'),
(1135,48,'QUADRA','Trevi Panna Glossy size 280x120','Slab',2.00,2603243.25,5206487.00,'2025-01-31 14:59:03','2025-01-31 14:59:03'),
(1136,14,'','Hollow Galvanis Tali Merah 2x4x0.40mm','btg',3.00,25675.65,77026.95,'2025-01-31 15:06:11','2025-01-31 15:06:11'),
(1137,14,'','Hollow Galvanis Tali Merah 4x4x0.40mm','btg',3.00,34684.65,104053.95,'2025-01-31 15:06:11','2025-01-31 15:06:11'),
(1138,14,'','Lakban Kertas 1 inch','pcs',2.00,5405.41,10811.00,'2025-01-31 15:06:11','2025-01-31 15:06:11'),
(1139,21,'','Amplas 400','lbr',6.00,2702.70,16217.00,'2025-01-31 15:10:08','2025-01-31 15:10:08'),
(1140,21,'','Amplas 80','lbr',6.00,2702.70,16217.00,'2025-01-31 15:10:08','2025-01-31 15:10:08'),
(1141,21,'','Aquaproof Abu Tua 061','pail',1.00,951351.31,951351.31,'2025-01-31 15:10:08','2025-01-31 15:10:08'),
(1142,21,'','Balok Kayu 5x10x4m','btg',3.00,108108.11,324325.00,'2025-01-31 15:10:08','2025-01-31 15:10:08'),
(1143,21,'','Roll Cat Besar ( Refill )','pcs',2.00,13513.51,27028.00,'2025-01-31 15:10:08','2025-01-31 15:10:08'),
(1144,21,'','Dulux Catylac Putih 1501 20L','pail',2.00,729729.51,1459459.02,'2025-01-31 15:10:08','2025-01-31 15:10:08'),
(1145,21,'','Kayu Kaso 5x7x4m','btg',5.00,59459.41,297297.05,'2025-01-31 15:10:08','2025-01-31 15:10:08'),
(1146,21,'','Kayu Reng 4x3x4m','btg',8.00,27027.03,216216.24,'2025-01-31 15:10:08','2025-01-31 15:10:08'),
(1147,21,'','Compound Aplus 20kg','sak',1.00,53603.50,53603.50,'2025-01-31 15:10:08','2025-01-31 15:10:08'),
(1148,21,'','Paku 5cm','kg',1.00,16216.22,16216.22,'2025-01-31 15:10:08','2025-01-31 15:10:08'),
(1149,21,'','Paku 7cm','kg',1.00,16216.22,16217.00,'2025-01-31 15:10:08','2025-01-31 15:10:08'),
(1150,21,'','Plamir Matex 4kg','galon',2.00,58558.51,117117.02,'2025-01-31 15:10:08','2025-01-31 15:10:08'),
(1151,21,'','Semen Kiloan','kg',10.00,2252.21,22522.10,'2025-01-31 15:10:08','2025-01-31 15:10:08'),
(1152,21,'','Talang Karpet 60cm','meter',20.00,13513.41,270268.20,'2025-01-31 15:10:08','2025-01-31 15:10:08'),
(1153,21,'','Triplek 3mm','lbr',15.00,39189.18,587837.70,'2025-01-31 15:10:08','2025-01-31 15:10:08'),
(1154,51,'','PVC BE 5011 R uk 6m x 60 lbr','meter',360.00,12162.16,4378378.00,'2025-01-31 15:15:24','2025-01-31 15:15:24'),
(1155,51,'','Cnp 0.75 Full','btg',12.00,72072.07,864865.00,'2025-01-31 15:15:24','2025-01-31 15:15:24'),
(1156,51,'','Hollow Galvalume 2x4x0.30mm (15x31)','btg',12.00,12162.17,145946.00,'2025-01-31 15:15:24','2025-01-31 15:15:24'),
(1157,51,'','Hollow Galvalume 4x4x0.30mm (31x31)','btg',40.00,16666.67,666667.00,'2025-01-31 15:15:24','2025-01-31 15:15:24'),
(1158,51,'','Triplek 9mm MC meranti','lbr',22.00,99099.10,2180181.00,'2025-01-31 15:15:24','2025-01-31 15:15:24'),
(1159,51,'','Lis Plafond pvc F-US 6cm x 4m','btg',40.00,59459.44,2378377.60,'2025-01-31 15:15:24','2025-01-31 15:15:24'),
(1160,51,'','Screw Gypsum 6x1','dus',1.00,63063.01,63064.00,'2025-01-31 15:15:24','2025-01-31 15:15:24'),
(1161,51,'','Screw GRC 6x1','dus',1.00,112612.63,112612.63,'2025-01-31 15:15:24','2025-01-31 15:15:24'),
(1162,52,'','Wastafel LW 592 J','unit',1.00,3243243.24,3243244.00,'2025-01-31 15:15:54','2025-01-31 15:15:54'),
(1163,63,'Niro GTE09',' Terra Arte - Corwtini sizde 60x60','Dus',2.00,274775.00,549550.00,'2025-01-31 15:34:39','2025-01-31 15:34:39'),
(1164,6,'Tiga Roda','Semen @50kg','Sak',160.00,63513.52,10162163.20,'2025-01-31 15:37:23','2025-01-31 15:37:23'),
(1165,64,'','Bata Ringan 10cm','kubik',12.60,378378.38,4767567.56,'2025-01-31 16:02:50','2025-01-31 16:02:50'),
(1166,64,'','Mortar MU 380 ( pasang hebel )','sak',10.00,103603.60,1036036.03,'2025-01-31 16:02:50','2025-01-31 16:02:50'),
(1167,65,'TIGA RODA','Semen @50kg','Sak',160.00,65765.77,10522523.20,'2025-01-31 16:58:23','2025-01-31 16:58:23'),
(1168,66,'TIGA RODA','Semen @50kg','Sak',160.00,65765.77,10522523.20,'2025-01-31 17:00:07','2025-01-31 17:00:07'),
(1170,67,'Jayaboard','Gypsum 12mm','Lbr',70.00,79279.28,5549549.60,'2025-02-01 09:09:48','2025-02-01 09:09:48'),
(1176,68,'Roman G337504','dBolonia Bone size 30x30','Dus',108.00,100000.00,10800000.00,'2025-02-01 13:03:07','2025-02-01 13:03:07'),
(1177,68,'Roman GT605758CR','dFuji Light size 60x60','Dus',51.00,184000.00,9384000.00,'2025-02-01 13:03:07','2025-02-01 13:03:07'),
(1178,22,'','Besi Beton 12mm Full','btg',37.00,99099.10,3666666.70,'2025-02-01 23:38:14','2025-02-01 23:38:14'),
(1179,22,'','Besi Beton 10mm Full','btg',16.00,70270.27,1124324.32,'2025-02-01 23:38:14','2025-02-01 23:38:14'),
(1180,22,'','Wiremesh m5','lbr',8.00,274774.70,2198198.00,'2025-02-01 23:38:14','2025-02-01 23:38:14'),
(1181,22,'','WF 150 x 6m LS','btg',6.00,1134684.30,6808106.00,'2025-02-01 23:38:14','2025-02-01 23:38:14'),
(1182,22,'','Cnp besi 125 x 3.2mm','btg',18.00,465315.30,8375676.00,'2025-02-01 23:38:14','2025-02-01 23:38:14'),
(1183,22,'','Stiffener besi plat 8mm uk 6x25','bh',48.00,25225.23,1210812.00,'2025-02-01 23:38:14','2025-02-01 23:38:14'),
(1184,22,'','Base plat 10mm uk 30x30','bh',8.00,144144.01,1153153.00,'2025-02-01 23:38:14','2025-02-01 23:38:14'),
(1185,22,'','Anchor besi m16 x 40cm','bh',36.00,18018.02,648649.00,'2025-02-01 23:38:14','2025-02-01 23:38:14'),
(1186,22,'','Hollow 4x6x2mm Full, Kotak Full','btg',4.00,267567.55,1070271.00,'2025-02-01 23:38:14','2025-02-01 23:38:14'),
(1187,22,'','Hollow Besi 4x4x2mm Full,Kotak Full','btg',4.00,205405.01,821621.00,'2025-02-01 23:38:14','2025-02-01 23:38:14'),
(1188,22,'','Checker Plate 2.5mm','lbr',4.00,932432.01,3729729.00,'2025-02-01 23:38:14','2025-02-01 23:38:14'),
(1189,22,'','Handle pintu besi','bh',2.00,22522.50,45045.00,'2025-02-01 23:38:14','2025-02-01 23:38:14'),
(1190,22,'','Roda pagar As besi','pcs',4.00,112612.60,450451.00,'2025-02-01 23:38:14','2025-02-01 23:38:14'),
(1191,22,'','Roda Water Foam','pcs',4.00,13513.51,54055.00,'2025-02-01 23:38:14','2025-02-01 23:38:14'),
(1192,22,'','Plat Esser 3mm','lbr',1.00,961261.30,961262.00,'2025-02-01 23:38:14','2025-02-01 23:38:14'),
(1193,22,'','Besi Siku 5x5 Full','btg',1.00,240540.50,240541.00,'2025-02-01 23:38:14','2025-02-01 23:38:14'),
(1194,22,'','Slot pintu besi model pistol','bh',1.00,31531.50,31532.00,'2025-02-01 23:38:14','2025-02-01 23:38:14'),
(1195,22,'','Slot Bawah pintu besi','bh',2.00,36036.02,72073.00,'2025-02-01 23:38:14','2025-02-01 23:38:14'),
(1196,22,'','Hollow Besi 4x4x1.2mm Full,Kotak Full','btg',38.00,130630.57,4963961.66,'2025-02-01 23:38:14','2025-02-01 23:38:14'),
(1249,69,'','Pasir Cuci Cilegon + Ayak @6m3','Truck',1.00,1657657.66,1657657.66,'2025-02-02 16:55:50','2025-02-02 16:55:50'),
(1250,24,'','Screw 10x19','dus',6.00,180180.18,1081082.00,'2025-02-03 09:51:54','2025-02-03 09:51:54'),
(1251,24,'','Roofing 5cm','dus',2.00,162162.16,324325.00,'2025-02-03 09:51:54','2025-02-03 09:51:54'),
(1252,24,'','Cutting Wheels WD 4\"','dus',10.00,69369.37,693694.00,'2025-02-03 09:51:54','2025-02-03 09:51:54'),
(1253,24,'','Kawat Bendrat','kg',1.00,16216.22,16217.00,'2025-02-03 09:51:54','2025-02-03 09:51:54'),
(1254,24,'','Triplek 9mm MC meranti','lbr',5.00,94594.59,472973.00,'2025-02-03 09:51:54','2025-02-03 09:51:54'),
(1255,24,'','Cutting Wheels WD 14\"','pcs',2.00,36036.04,72073.00,'2025-02-03 09:51:54','2025-02-03 09:51:54'),
(1256,24,'','Mata Gerinda Amplas','pcs',20.00,10810.79,216216.00,'2025-02-03 09:51:54','2025-02-03 09:51:54'),
(1257,24,'','Amplas 80','mtr',5.00,4954.85,24775.00,'2025-02-03 09:51:54','2025-02-03 09:51:54'),
(1258,24,'','Dempul Sanpolac 1kg','galon',3.00,56306.31,168919.00,'2025-02-03 09:51:54','2025-02-03 09:51:54'),
(1259,24,'','Kansai Primer Abu 155','klg',29.00,74324.13,2155400.00,'2025-02-03 09:51:54','2025-02-03 09:51:54'),
(1260,24,'','Ftalite Hitam 582','klg',36.00,79279.28,2854055.00,'2025-02-03 09:51:54','2025-02-03 09:51:54'),
(1261,24,'','Thinner HG + Drigen','drigen',9.00,346846.89,3121623.00,'2025-02-03 09:51:54','2025-02-03 09:51:54'),
(1262,24,'','Roll Cat Minyak + Gagang','pcs',4.00,10810.78,43244.00,'2025-02-03 09:51:54','2025-02-03 09:51:54'),
(1263,24,'','Roll Cat Minyak ( Refill )','pcs',9.00,2252.30,20271.00,'2025-02-03 09:51:54','2025-02-03 09:51:54'),
(1264,24,'','Kuas Cat 3 Inch','pcs',8.00,13513.46,108108.00,'2025-02-03 09:51:54','2025-02-03 09:51:54'),
(1265,24,'','Slup besi 8mm, ring 8mm uk 8x12 P3m','btg',22.00,72072.07,1585586.00,'2025-02-03 09:51:54','2025-02-03 09:51:54'),
(1266,24,'','Dulux Sealer Interior 2.5L','galon',4.00,176126.10,704505.00,'2025-02-03 09:51:54','2025-02-03 09:51:54'),
(1267,24,'','Dulux Selaer Eksterior 2.5L','galon',4.00,198198.20,792793.00,'2025-02-03 09:51:54','2025-02-03 09:51:54'),
(1268,24,'','Dulux Pentalite Briliant White 20L','pail',1.00,1752252.32,1752253.00,'2025-02-03 09:51:54','2025-02-03 09:51:54'),
(1269,24,'','Dulux Weather Shield Briliant White 20L','pail',1.00,2699099.17,2699100.00,'2025-02-03 09:51:54','2025-02-03 09:51:54'),
(1270,24,'','Spandek 0.30mm x 3m','lbr',48.00,114414.41,5491892.00,'2025-02-03 09:51:54','2025-02-03 09:51:54'),
(1271,24,'','Kawat Las Nikko RD260 / 2.0mm','dus',7.00,77477.48,542343.00,'2025-02-03 09:51:54','2025-02-03 09:51:54'),
(1272,24,'','Dynabolt 12x7','pcs',10.00,3153.15,31532.00,'2025-02-03 09:51:54','2025-02-03 09:51:54'),
(1273,24,'','Cnp 0.70 Full','btg',65.00,70720.72,4596847.00,'2025-02-03 09:51:54','2025-02-03 09:51:54'),
(1274,24,'','Reng 30,40','btg',80.00,34684.68,2774775.00,'2025-02-03 09:51:54','2025-02-03 09:51:54'),
(1275,24,'','Spandek 0.35mm x 4m','lbr',53.00,198198.20,10504505.00,'2025-02-03 09:51:54','2025-02-03 09:51:54'),
(1276,24,'','Plat Seat T60 x 0.30mm x 20m','roll',1.00,594594.59,594595.00,'2025-02-03 09:51:54','2025-02-03 09:51:54'),
(1277,24,'','Harmony Shield Alumunium Foil Bubble 5mm','roll',5.00,761261.26,3806307.00,'2025-02-03 09:51:54','2025-02-03 09:51:54'),
(1278,24,'','Lampu Gantung LED 50watt Highbay','unit',10.00,202702.70,2027028.00,'2025-02-03 09:51:54','2025-02-03 09:51:54'),
(1279,24,'','Lampu Sorot LED 100watt','unit',6.00,157657.66,945946.00,'2025-02-03 09:51:54','2025-02-03 09:51:54'),
(1280,24,'','Saklar Panasonic Single Outbow','pcs',13.00,16216.22,210811.00,'2025-02-03 09:51:54','2025-02-03 09:51:54'),
(1281,24,'','Saklar Panasonic Double Outbow','pcs',4.00,19819.82,79280.00,'2025-02-03 09:51:54','2025-02-03 09:51:54'),
(1282,24,'','Stop Kontak Panasonic Single Outbow','pcs',10.00,16216.22,162163.00,'2025-02-03 09:51:54','2025-02-03 09:51:54'),
(1283,24,'','MCB box Hagger Outbow 12 group','pcs',2.00,211711.71,423424.00,'2025-02-03 09:51:54','2025-02-03 09:51:54'),
(1284,24,'','MCB Schneider 10A','pcs',6.00,67567.57,405406.00,'2025-02-03 09:51:54','2025-02-03 09:51:54'),
(1285,24,'','MCB Schneider 16A','pcs',4.00,67567.57,270271.00,'2025-02-03 09:51:54','2025-02-03 09:51:54'),
(1286,24,'','Eterna NYM 2x2.5mm','roll',3.00,678828.83,2036486.49,'2025-02-03 09:51:54','2025-02-03 09:51:54'),
(1287,24,'','Pipa Conduit 20mm','btg',30.00,13513.51,405405.30,'2025-02-03 09:51:54','2025-02-03 09:51:54'),
(1288,24,'','Sok Pipa Conduit','pack',2.00,84234.23,168469.00,'2025-02-03 09:51:54','2025-02-03 09:51:54'),
(1289,24,'','Flexible pipe','roll',1.00,49549.55,49550.00,'2025-02-03 09:51:54','2025-02-03 09:51:54'),
(1290,24,'','Clamp Conduit','pack',2.00,84234.23,168469.00,'2025-02-03 09:51:54','2025-02-03 09:51:54'),
(1291,24,'','Cable Ties putih 25cm','pack',4.00,18018.02,72073.00,'2025-02-03 09:51:54','2025-02-03 09:51:54'),
(1292,24,'','Isolasi Nitto','pcs',6.00,9009.01,54055.00,'2025-02-03 09:51:54','2025-02-03 09:51:54'),
(1293,24,'','Triplek 6mm MC meranti','lbr',16.00,89189.19,1427028.00,'2025-02-03 09:51:54','2025-02-03 09:51:54'),
(1294,24,'','Screw SDS 8x25','pcs',200.00,202.73,40546.00,'2025-02-03 09:51:54','2025-02-03 09:51:54'),
(1295,24,'','Lampu Philips 12W','pcs',4.00,49549.55,198199.00,'2025-02-03 09:51:54','2025-02-03 09:51:54'),
(1296,24,'','Exhaust Fan Maspion 10\" Dinding','unit',2.00,360360.37,720721.00,'2025-02-03 09:51:54','2025-02-03 09:51:54'),
(1297,24,'','60428 3\" Inkalum Brown (skrup)','btg',1.00,171171.17,171171.17,'2025-02-03 09:51:54','2025-02-03 09:51:54'),
(1298,24,'','Stopper 3\" Inkalum Brown','btg',2.00,54054.06,108108.12,'2025-02-03 09:51:54','2025-02-03 09:51:54'),
(1299,24,'','Spandrel 8cm Brown','btg',4.00,153153.16,612613.00,'2025-02-03 09:51:54','2025-02-03 09:51:54'),
(1300,24,'','Sealant Coklat Asam','pcs',4.00,28828.83,115316.00,'2025-02-03 09:51:54','2025-02-03 09:51:54'),
(1301,24,'','Mortise,handle,cylinder Dekson LHTR 84030','set',1.00,391891.90,391892.00,'2025-02-03 09:51:54','2025-02-03 09:51:54'),
(1302,24,'','0428 3\" Inkalum White (polos)','btg',13.00,149549.55,1944144.14,'2025-02-03 09:51:54','2025-02-03 09:51:54'),
(1303,24,'','1899 Jalusi 3\" Inkalum White','btg',21.00,94594.50,1986484.50,'2025-02-03 09:51:54','2025-02-03 09:51:54'),
(1304,24,'','Tapping 6x3/8 PAB','pcs',300.00,315.24,94573.20,'2025-02-03 09:51:54','2025-02-03 09:51:54'),
(1305,24,'','Paku Rivet 435','dus',1.00,85585.57,85585.57,'2025-02-03 09:51:54','2025-02-03 09:51:54'),
(1307,71,'QUADRA','HUTAN UBUD SIZE 160X320','Slab',1.00,7380181.00,7380181.00,'2025-02-03 15:19:16','2025-02-03 15:19:16'),
(1308,72,'Roman GT602133CR','dAugusta Grey Matt size 60x60','Dus',27.00,181981.99,4913513.73,'2025-02-03 15:24:43','2025-02-03 15:24:43'),
(1309,73,'Jayaboard','Gypsum WR 13mm','Lbr',50.00,145045.05,7252252.50,'2025-02-04 09:32:23','2025-02-04 09:32:23'),
(1311,75,'Infiniti','Timber Dark Grey size 60x60','Dus',88.00,184036.04,16195171.52,'2025-02-04 09:44:17','2025-02-04 09:44:17'),
(1312,53,'Jotun','Jotun Antifade Grey 9913','pail',1.00,2918918.48,2918918.48,'2025-02-04 12:14:42','2025-02-04 12:14:42'),
(1313,53,'Dulux','Dulux Pentalite','pail',1.00,1788288.21,1788289.00,'2025-02-04 12:14:42','2025-02-04 12:14:42'),
(1314,53,'','Roll Cat Besar + gagang','pcs',1.00,22522.52,22523.00,'2025-02-04 12:14:42','2025-02-04 12:14:42'),
(1315,76,'Tiga Roda','Semen @50kg','Sak',160.00,65765.77,10522523.20,'2025-02-04 12:25:27','2025-02-04 12:25:27'),
(1316,74,'Roman GT1265515R','dShard Charcoal size 60x120','Dus',2.00,373873.87,747747.74,'2025-02-04 14:24:31','2025-02-04 14:24:31'),
(1317,77,'QUADRA','NEVOSA PURA SIZE 320X160','Slab',1.00,6319280.00,6319280.00,'2025-02-05 09:33:27','2025-02-05 09:33:27'),
(1318,78,'Tiga Roda','Semen @50kg','Sak',160.00,65765.77,10522523.20,'2025-02-05 12:57:07','2025-02-05 12:57:07'),
(1319,70,'Gresik','Semen @40kg','Sak',100.00,49099.10,4909910.00,'2025-02-05 13:02:13','2025-02-05 13:02:13'),
(1320,79,'QUADRA','ANGEL WINGS SIZE 320X160','Slab',2.00,10516756.76,21033513.52,'2025-02-05 15:20:30','2025-02-05 15:20:30'),
(1328,82,'Mulia','White size 10x30 Matt','Dus',75.00,68018.02,5101351.50,'2025-02-06 09:16:47','2025-02-06 09:16:47'),
(1337,81,'Roman GT609854FR','dCervinia Classic Size 60x60','Dus',5.00,174775.00,873875.00,'2025-02-06 09:56:54','2025-02-06 09:56:54'),
(1338,81,'Valentino','Slate Graphite size 60x60','Dus',1.00,207568.00,207568.00,'2025-02-06 09:56:54','2025-02-06 09:56:54'),
(1339,81,'Valentino','Montreal Light Grey size 60x60','Dus',2.00,187500.00,375000.00,'2025-02-06 09:56:54','2025-02-06 09:56:54'),
(1340,81,'Valentino','Bulgary Grey size ','Dus',3.00,172500.00,517500.00,'2025-02-06 09:56:54','2025-02-06 09:56:54'),
(1342,80,'','Jotun Antifade Grey 9913','pail',1.00,2918918.99,2918918.99,'2025-02-06 19:09:44','2025-02-06 19:09:44'),
(1343,80,'','Dulux Pentalite 40708 Loud Stone Doff','pail',1.00,1698198.60,1698198.60,'2025-02-06 19:09:44','2025-02-06 19:09:44'),
(1344,83,'JAYABOARD','Gypsum 12mm','Lbr',50.00,79279.29,3963965.00,'2025-02-06 23:34:03','2025-02-06 23:34:03'),
(1345,83,'JAYABOARD','Gypsum WR 13mm','Lbr',25.00,145045.05,3626126.25,'2025-02-06 23:34:03','2025-02-06 23:34:03'),
(1346,83,'Gresik','Semen @40kg','Sak',100.00,49099.10,4909910.00,'2025-02-06 23:34:03','2025-02-06 23:34:03'),
(1350,85,'','Pasir Cuci Cilegon @6m3','Truck',1.00,1657657.80,1657657.80,'2025-02-07 10:09:17','2025-02-07 10:09:17'),
(1351,84,'','Pasir Cuci Cilegon @6m3','Truck',1.00,1657657.80,1657658.00,'2025-02-07 10:40:13','2025-02-07 10:40:13'),
(1352,86,'Infiniti','Statuario Grey Glossy size 60x60','Dus',630.00,195891.89,123411890.70,'2025-02-10 12:13:50','2025-02-10 12:13:50'),
(1353,86,'Gresik','Semen @40kg','Sak',100.00,50000.00,5000000.00,'2025-02-10 12:13:50','2025-02-10 12:13:50'),
(1355,87,'','Mortar MU 380 ( pasang hebel )','sak',5.00,99099.10,495496.00,'2025-02-11 06:25:32','2025-02-11 06:25:32'),
(1365,89,'bluescope','Shadowline Bluescope','btg',75.00,14414.41,1081080.75,'2025-02-11 11:34:19','2025-02-11 11:34:19'),
(1366,89,'Jayaboard','Gypsum Jayaboard 12mm','lbr',65.00,78378.38,5094595.00,'2025-02-11 11:34:19','2025-02-11 11:34:19'),
(1368,91,'Roman TGT605752CR','dWellington Savana size 60x60','Dus',114.00,182300.00,20782200.00,'2025-02-12 13:38:43','2025-02-12 13:38:43'),
(1369,91,'Roman G337212','dDallas Beige size 30x30','Dus',79.00,100000.00,7900000.00,'2025-02-12 13:38:43','2025-02-12 13:38:43'),
(1370,91,'Roman G337403','Graniti Smoke size 30x30','Dus',268.00,100000.00,26800000.00,'2025-02-12 13:38:43','2025-02-12 13:38:43'),
(1371,91,'Roman G337106','Vivaz Bianco size 30x30','Dus',10.00,104000.00,1040000.00,'2025-02-12 13:38:43','2025-02-12 13:38:43'),
(1372,92,'Tiga Roda','Semen @50kg','Sak',160.00,63513.52,10162163.20,'2025-02-13 10:17:17','2025-02-13 10:17:17'),
(1380,93,'ESSENZA','LANDMARK GREY SIZE 60X120','Dus',103.00,304864.86,31401080.58,'2025-02-14 14:51:56','2025-02-14 14:51:56'),
(1382,94,'Roman W40221','Urban Origine size 20x40','Dus',8.00,104000.00,832000.00,'2025-02-15 17:23:29','2025-02-15 17:23:29'),
(1383,94,'Roman W40222','Urban Cream size 20x40','Dus',10.00,107000.00,1070000.00,'2025-02-15 17:23:29','2025-02-15 17:23:29'),
(1384,95,'Roman GT1269868FR','dBarco Gris size 60x120','Dus',7.00,283783.80,1986487.00,'2025-02-15 17:34:29','2025-02-15 17:34:29'),
(1385,96,'Roman GT609854FR','dCervinia Classic size 60x60','Dus',3.00,174775.00,524325.00,'2025-02-15 17:54:47','2025-02-15 17:54:47'),
(1386,96,'Valentino','Montreal Light Grey size 60x60','Dus',2.00,187500.00,375000.00,'2025-02-15 17:54:47','2025-02-15 17:54:47'),
(1387,97,'Roman W63429R','dCatania Sienna size 30x60','Dus',9.00,129729.73,1167567.57,'2025-02-15 18:04:43','2025-02-15 18:04:43'),
(1388,97,'Roman W63829R','dCatania Bruno size 30x60','Dus',2.00,129729.73,259459.46,'2025-02-15 18:04:43','2025-02-15 18:04:43'),
(1389,97,'Roman TGT338054CR','dPlutonic Anthracite size 30x30','Dus',41.00,139600.00,5723600.00,'2025-02-15 18:04:43','2025-02-15 18:04:43'),
(1390,97,'Roman G330604','Rocktile Anthracite size 30x30','Dus',11.00,100900.90,1109909.90,'2025-02-15 18:04:43','2025-02-15 18:04:43'),
(1391,97,'Roman TGT338053CR','dPlutonic Acero size 30x30','Dus',128.00,139600.00,17868800.00,'2025-02-15 18:04:43','2025-02-15 18:04:43'),
(1392,59,'Roman W40221','Urban Origine size 20x40','Dus',55.00,104000.00,5720000.00,'2025-02-16 16:30:33','2025-02-16 16:30:33'),
(1393,59,'Roman W40222','Urban Cream size 20x40','Dus',40.00,107000.00,4280000.00,'2025-02-16 16:30:33','2025-02-16 16:30:33'),
(1394,59,'Roman G337408','Graniti Wheat size 30x30','Dus',50.00,99000.00,4950000.00,'2025-02-16 16:30:33','2025-02-16 16:30:33'),
(1395,59,'Roman G447503','Nagoya Taupe size 40x40','Dus',30.00,99000.00,2970000.00,'2025-02-16 16:30:33','2025-02-16 16:30:33'),
(1396,98,'','Pasir Cuci Cilegon @6m3','truck',1.00,1657657.66,1657657.66,'2025-02-16 22:16:26','2025-02-16 22:16:26'),
(1397,88,'','Pipa PVC 1/2\" AW','btg',10.00,24324.33,243244.00,'2025-02-17 06:46:14','2025-02-17 06:46:14'),
(1398,88,'','Pasir Cuci Cilegon @6m3','m3',6.00,330330.30,1981982.00,'2025-02-17 06:46:14','2025-02-17 06:46:14'),
(1399,88,'','Semen Serang 40kg','sak',50.00,43243.24,2162162.00,'2025-02-17 06:46:14','2025-02-17 06:46:14'),
(1400,88,'','Tandon Penguin 1.000L + Radar','unit',1.00,1754054.05,1754055.00,'2025-02-17 06:46:14','2025-02-17 06:46:14'),
(1408,100,'Essenza','Basaltina Grey size 60x60','Dus',142.00,188108.11,26711351.62,'2025-02-18 09:17:53','2025-02-18 09:17:53'),
(1410,90,'TOTO - TX1EB','Floor Drain w/ Square Flange 115 x 115 2\"','Dus',48.00,287980.00,13823040.00,'2025-02-18 16:14:34','2025-02-18 16:14:34'),
(1411,101,'Titanium','Travertino White size 60x120','Dus',1.00,572832.00,572832.00,'2025-02-18 16:48:41','2025-02-18 16:48:41'),
(1412,102,'Marco','Elnino Grey size 80x80','Dus',50.00,449549.55,22477477.50,'2025-02-19 16:35:35','2025-02-19 16:35:35'),
(1413,103,'','Kawat Bendrat 20kg','Roll',1.00,324324.32,324324.32,'2025-02-20 10:18:35','2025-02-20 10:18:35'),
(1414,103,'','Plastik Cor Hijau','Roll',4.00,103603.60,414414.41,'2025-02-20 10:18:35','2025-02-20 10:18:35'),
(1415,103,'','Wiremesh m8 (7.5) 2.1mx5.4m','Lbr',66.00,527027.03,34783783.78,'2025-02-20 10:18:35','2025-02-20 10:18:35'),
(1416,103,'','Triplek 12mm MC meranti','Lbr',10.00,118918.92,1189189.18,'2025-02-20 10:18:35','2025-02-20 10:18:35'),
(1417,99,'Roman TGT605752C','dWellington Savana size 60x60','Dus',36.00,183300.00,6598800.00,'2025-02-20 17:29:22','2025-02-20 17:29:22'),
(1418,99,'Roman G337212','Dallas Beige size 30x30','Dus',92.00,100000.00,9200000.00,'2025-02-20 17:29:22','2025-02-20 17:29:22'),
(1419,99,'Roman G337403','Graniti Smoke size 30x30','Dus',7.00,100000.00,700000.00,'2025-02-20 17:29:22','2025-02-20 17:29:22'),
(1420,99,'Roman G337106','Vivaz Bianco size 30x30','Dus',10.00,104000.00,1040000.00,'2025-02-20 17:29:22','2025-02-20 17:29:22'),
(1421,99,'Roman W63801R','dTube White size 30x60','Dus',14.00,125500.00,1757000.00,'2025-02-20 17:29:22','2025-02-20 17:29:22'),
(1422,99,'Roman G337212','Dallas Beige size 30x30','Dus',8.00,100000.00,800000.00,'2025-02-20 17:29:22','2025-02-20 17:29:22'),
(1423,99,'Roman TGT605752C','dWellington Savana size 60x60','Dus',2.00,182300.00,364600.00,'2025-02-20 17:29:22','2025-02-20 17:29:22'),
(1424,104,'Roman GT912241R','dCedrus Rosato size 15x90','Dus',819.00,193693.70,158635140.30,'2025-02-21 09:39:03','2025-02-21 09:39:03'),
(1425,104,'Roman GT1262002R','dConcreto Perla size 60x120','Dus',580.00,396396.40,229909912.00,'2025-02-21 09:39:03','2025-02-21 09:39:03'),
(1426,105,'Roman GT609854FR','dCervinia Classic size 60x60','Dus',2.00,174775.00,349550.00,'2025-02-21 15:28:50','2025-02-21 15:28:50'),
(1427,105,'Valentino','Bulgary Grey size 60x60','Dus',2.00,172500.00,345000.00,'2025-02-21 15:28:50','2025-02-21 15:28:50'),
(1428,106,'SUN POWER 6566178','Palermo Brown size 60x60','Dus',487.00,177729.73,86554378.51,'2025-02-24 15:20:30','2025-02-24 15:20:30'),
(1439,107,'Roman W40106','Serenity White size 20x40','Dus',676.00,106000.00,71656000.00,'2025-02-25 16:22:21','2025-02-25 16:22:21'),
(1440,107,'Roman G337104','Vivaz Perla size 30x30','Dus',172.00,98520.00,16945440.00,'2025-02-25 16:22:21','2025-02-25 16:22:21'),
(1441,107,'Roman GT635482R','dPavia Crema size 30x60','Dus',5.00,212000.00,1060000.00,'2025-02-25 16:22:21','2025-02-25 16:22:21'),
(1442,107,'Asia Tile','Murano White size 40x40','Dus',312.00,39900.00,12448800.00,'2025-02-25 16:22:21','2025-02-25 16:22:21'),
(1443,107,'Roman TGT338550CR','dTambora Perla size 30x30','Dus',1575.00,149550.00,235541250.00,'2025-02-25 16:22:21','2025-02-25 16:22:21'),
(1444,107,'Roman TGT338054CR','dPlutonic Antracite size 30x30','Dus',36.00,149550.00,5383800.00,'2025-02-25 16:22:21','2025-02-25 16:22:21'),
(1445,108,'Tiga Roda','Semen @50kg','Sak',160.00,63513.52,10162163.20,'2025-02-26 00:19:59','2025-02-26 00:19:59'),
(1446,109,'Essenza','Basaltina Grey size 60x60','Dus',16.00,188108.11,3009729.76,'2025-02-27 02:06:43','2025-02-27 02:06:43'),
(1447,110,'','Pasir Cuci Cilegon @6m3','Truck',1.00,1657657.66,1657657.66,'2025-02-27 10:58:37','2025-02-27 10:58:37'),
(1448,111,'Roman GT1265515R','dShard Charcoal size 60x120','Dus',3.00,382882.88,1148648.64,'2025-03-03 11:20:26','2025-03-03 11:20:26'),
(1449,112,'Roman GT602137R','dDayton Grey size 60x60','Dus',88.00,164864.87,14508108.56,'2025-03-03 11:48:39','2025-03-03 11:48:39'),
(1450,113,'Roman GT809856FR','dMarche Nebbia size 80x80','Dus',7.00,333333.34,2333333.38,'2025-03-06 10:44:53','2025-03-06 10:44:53'),
(1451,113,'Roman GT1265514R','dShard Grey size 60x120','Dus',7.00,351351.35,2459459.45,'2025-03-06 10:44:53','2025-03-06 10:44:53'),
(1452,113,'Roman GT1262505R','dStimento Perla','Dus',19.00,324324.32,6162162.08,'2025-03-06 10:44:53','2025-03-06 10:44:53'),
(1453,113,'Roman GT1262507R','dStimento Charcoal size 60x120','Dus',10.00,324324.32,3243243.20,'2025-03-06 10:44:53','2025-03-06 10:44:53'),
(1454,113,'Roman GT635525R','dGinostra Charcoal size 30x60','Dus',3.00,182882.89,548648.67,'2025-03-06 10:44:53','2025-03-06 10:44:53'),
(1455,113,'Wisma Sehati','SPC Sehati Beige Oak size 5mm','Dus',47.00,518918.92,24389189.24,'2025-03-06 10:44:53','2025-03-06 10:44:53'),
(1458,115,'DORMA','BTS 55 + PF GD','Set',3.00,1075000.00,3225000.00,'2025-03-07 21:03:38','2025-03-07 21:03:38'),
(1459,115,'DORMA','UL PT 30','Pcs',3.00,450450.45,1351351.35,'2025-03-07 21:03:38','2025-03-07 21:03:38'),
(1460,114,'PALOMA','Corina BAP 1504 - Double Towel Bar','Unit',48.00,599099.10,28756756.80,'2025-03-08 09:54:17','2025-03-08 09:54:17'),
(1463,116,'Essenza','Absolute White Glossy size 60x60','Dus',13.00,272432.43,3541621.59,'2025-03-10 11:10:17','2025-03-10 11:10:17'),
(1464,117,'','Pasir Cuci Cilegon @6m3','Truck',1.00,1657657.66,1657657.66,'2025-03-11 15:44:55','2025-03-11 15:44:55'),
(1465,118,'QUADRA','Marquis Panna size 120x120','Dus',1.00,1728000.00,1728000.00,'2025-03-13 16:18:24','2025-03-13 16:18:24'),
(1480,120,'','Pasir Cuci Cilegon @6m3','Truck',1.00,1657657.65,1657657.65,'2025-03-15 13:50:58','2025-03-15 13:50:58'),
(1481,121,'','Pasir Cuci Cilegon @6m3','Truck',2.00,1657658.00,3315316.00,'2025-03-15 13:52:58','2025-03-15 13:52:58'),
(1519,122,'','Screw 10x19','dus',6.00,180180.18,1081082.00,'2025-03-15 16:50:30','2025-03-15 16:50:30'),
(1520,122,'','Screw Roofing 5cm','dus',2.00,162162.16,324325.00,'2025-03-15 16:50:30','2025-03-15 16:50:30'),
(1521,122,'','Cutting Wheels WD 4\"','dus',10.00,69369.37,693694.00,'2025-03-15 16:50:30','2025-03-15 16:50:30'),
(1522,122,'','Triplek 9mm MC meranti','lbr',5.00,94594.59,472973.00,'2025-03-15 16:50:30','2025-03-15 16:50:30'),
(1523,122,'','Cutting Wheels WD 14\"','pcs',2.00,36036.04,72073.00,'2025-03-15 16:50:30','2025-03-15 16:50:30'),
(1524,122,'','Mata Gerinda Amplas','pcs',20.00,10810.79,216216.00,'2025-03-15 16:50:30','2025-03-15 16:50:30'),
(1525,122,'','Dempul Sanpolac 1kg','galon',3.00,56306.31,168919.00,'2025-03-15 16:50:30','2025-03-15 16:50:30'),
(1526,122,'','Kansai Primer Abu 155','klg',29.00,74324.13,2155400.00,'2025-03-15 16:50:30','2025-03-15 16:50:30'),
(1527,122,'','Ftalite Hitam 582','klg',36.00,79279.28,2854055.00,'2025-03-15 16:50:30','2025-03-15 16:50:30'),
(1528,122,'','Kuas Cat 3 Inch','pcs',8.00,13513.46,108108.00,'2025-03-15 16:50:30','2025-03-15 16:50:30'),
(1529,122,'','Dulux Sealer Interior 2.5L','galon',4.00,176126.10,704505.00,'2025-03-15 16:50:30','2025-03-15 16:50:30'),
(1530,122,'','Dulux Sealer Eksterior 2.5L','galon',4.00,198198.20,792793.00,'2025-03-15 16:50:30','2025-03-15 16:50:30'),
(1531,122,'','Dulux Pentalite Briliant White 20L','pail',1.00,1752252.32,1752253.00,'2025-03-15 16:50:30','2025-03-15 16:50:30'),
(1532,122,'','Dulux Weather Shield Briliant White 20L','pail',1.00,2699099.17,2699100.00,'2025-03-15 16:50:30','2025-03-15 16:50:30'),
(1533,122,'','Spandek 0.25mm x 3m','lbr',48.00,114414.41,5491892.00,'2025-03-15 16:50:30','2025-03-15 16:50:30'),
(1534,122,'','Kawat Las Nikko RD260 / 2.0mm','dus',7.00,77477.48,542343.00,'2025-03-15 16:50:30','2025-03-15 16:50:30'),
(1535,122,'','Cnp 0.70 Full','btg',65.00,70720.77,4596850.05,'2025-03-15 16:50:30','2025-03-15 16:50:30'),
(1536,122,'','Reng 30,40','btg',80.00,34684.68,2774775.00,'2025-03-15 16:50:30','2025-03-15 16:50:30'),
(1537,122,'','Spandek 0.35mm x 4m','lbr',53.00,198198.29,10504509.37,'2025-03-15 16:50:30','2025-03-15 16:50:30'),
(1538,122,'','Plat Seat T60 x 0.30mm x 20m','roll',1.00,594594.59,594595.00,'2025-03-15 16:50:30','2025-03-15 16:50:30'),
(1539,122,'','Harmony Shield Alumunium Foil Bubble 5mm','roll',5.00,761261.26,3806307.00,'2025-03-15 16:50:30','2025-03-15 16:50:30'),
(1540,122,'','Eterna NYM 2x2.5mm','roll',3.00,678828.89,2036486.67,'2025-03-15 16:50:30','2025-03-15 16:50:30'),
(1541,122,'','Pipa Conduit 20mm','btg',30.00,13513.59,405407.70,'2025-03-15 16:50:30','2025-03-15 16:50:30'),
(1542,122,'','Sok Pipa Conduit','pack',2.00,84234.23,168469.00,'2025-03-15 16:50:30','2025-03-15 16:50:30'),
(1543,122,'','Flexible pipe','roll',1.00,49549.55,49550.00,'2025-03-15 16:50:30','2025-03-15 16:50:30'),
(1544,122,'','Clamp Conduit','pack',2.00,84234.23,168469.00,'2025-03-15 16:50:30','2025-03-15 16:50:30'),
(1545,122,'','Cable Ties 25cm','pack',4.00,18018.02,72073.00,'2025-03-15 16:50:30','2025-03-15 16:50:30'),
(1546,122,'','Isolasi Nitto','pcs',6.00,9009.01,54055.00,'2025-03-15 16:50:30','2025-03-15 16:50:30'),
(1547,122,'','60428 3\" Inkalum Brown (skrup)','btg',1.00,171171.17,171172.00,'2025-03-15 16:50:30','2025-03-15 16:50:30'),
(1548,122,'','Stopper 3\" Inkalum Brown','btg',2.00,54054.06,108109.00,'2025-03-15 16:50:30','2025-03-15 16:50:30'),
(1549,122,'','Spandrel 8cm Brown','btg',4.00,153153.16,612613.00,'2025-03-15 16:50:30','2025-03-15 16:50:30'),
(1550,122,'','Sealant Coklat Asam','pcs',4.00,28828.83,115316.00,'2025-03-15 16:50:30','2025-03-15 16:50:30'),
(1551,122,'','Mortise,handle,cylinder Dekson LHTR 84030','set',1.00,391891.99,391891.99,'2025-03-15 16:50:30','2025-03-15 16:50:30'),
(1552,122,'','0428 3\" Inkalum White (polos)','btg',13.00,149549.55,1944145.00,'2025-03-15 16:50:30','2025-03-15 16:50:30'),
(1553,122,'','1899 Jalusi 3\" Inkalum White','btg',21.00,94594.59,1986486.39,'2025-03-15 16:50:30','2025-03-15 16:50:30'),
(1554,122,'','Tapping 6x3/8 PAB','pcs',300.00,315.25,94574.70,'2025-03-15 16:50:30','2025-03-15 16:50:30'),
(1555,122,'','Paku Rivet 435','dus',1.00,85585.57,85586.00,'2025-03-15 16:50:30','2025-03-15 16:50:30'),
(1556,123,'','Besi Beton 12mm Full','btg',37.00,99099.23,3666671.51,'2025-03-15 17:03:25','2025-03-15 17:03:25'),
(1557,123,'','Besi Beton 10mm Full','btg',16.00,70270.29,1124324.64,'2025-03-15 17:03:25','2025-03-15 17:03:25'),
(1558,123,'','Wiremesh m5','lbr',8.00,274774.79,2198198.32,'2025-03-15 17:03:25','2025-03-15 17:03:25'),
(1559,123,'','WF 150 x 6m LS','btg',6.00,1134684.39,6808106.34,'2025-03-15 17:03:25','2025-03-15 17:03:25'),
(1560,123,'','Cnp besi 125 x 3.2mm','btg',18.00,465315.39,8375677.02,'2025-03-15 17:03:25','2025-03-15 17:03:25'),
(1561,123,'','Hollow 4x6x2mm Full, Kotak Full','btg',4.00,267567.59,1070270.36,'2025-03-15 17:03:25','2025-03-15 17:03:25'),
(1562,123,'','Hollow Besi 4x4x2mm Full,Kotak Full','btg',4.00,205405.09,821620.36,'2025-03-15 17:03:25','2025-03-15 17:03:25'),
(1563,123,'','Checker Plate 2.5mm','lbr',4.00,932432.09,3729728.36,'2025-03-15 17:03:25','2025-03-15 17:03:25'),
(1564,123,'','Roda pagar As besi','pcs',4.00,112612.69,450450.76,'2025-03-15 17:03:25','2025-03-15 17:03:25'),
(1565,123,'','Roda Water Foam','pcs',4.00,13513.59,54054.36,'2025-03-15 17:03:25','2025-03-15 17:03:25'),
(1566,123,'','Plat Esser 3mm','lbr',1.00,961261.39,961261.39,'2025-03-15 17:03:25','2025-03-15 17:03:25'),
(1567,123,'','Besi Siku 5x5 Full','btg',1.00,240540.59,240540.59,'2025-03-15 17:03:25','2025-03-15 17:03:25'),
(1568,123,'','Slot pintu besi model pistol','pcd',1.00,31531.59,31531.59,'2025-03-15 17:03:25','2025-03-15 17:03:25'),
(1569,123,'','Slot Bawah pintu besi','pcs',2.00,36036.09,72072.18,'2025-03-15 17:03:25','2025-03-15 17:03:25'),
(1570,123,'','Hollow Besi 4x4x1.2mm Full,Kotak Full','btg',38.00,130630.57,4963961.66,'2025-03-15 17:03:25','2025-03-15 17:03:25'),
(1571,124,'ESSENZA','Landmark Grey Matt size 60x120','Dus',36.00,304865.00,10975140.00,'2025-03-18 15:29:18','2025-03-18 15:29:18'),
(1572,125,'Infiniti','Timber Dark Grey size 60x60','Dus',10.00,184036.06,1840360.60,'2025-03-18 15:38:17','2025-03-18 15:38:17'),
(1576,126,'Sandimas','Mondrian White size 60x60','Dus',224.00,195000.00,43680000.00,'2025-03-21 14:24:16','2025-03-21 14:24:16'),
(1577,126,'Sandimas','Mondrian White size 60x120','Dus',70.00,500000.00,35000000.00,'2025-03-21 14:24:16','2025-03-21 14:24:16'),
(1650,127,'','Floor Hardener Nitoflor Hardtop (Fosfroc) 25kg','zak',10.00,74324.30,743243.00,'2025-03-25 09:44:51','2025-03-25 09:44:51'),
(1651,127,'','Pasir Cuci Cilegon @6m3','truck',2.00,2018018.02,4036037.00,'2025-03-25 09:44:51','2025-03-25 09:44:51'),
(1652,127,'','Semen Tigaroda 40kg','zak',20.00,57207.20,1144144.00,'2025-03-25 09:44:51','2025-03-25 09:44:51'),
(1653,127,'','Jotun Majestic Primer','pail',4.00,1126126.13,4504505.00,'2025-03-25 09:44:51','2025-03-25 09:44:51'),
(1654,127,'','Lis U Alumunium 9mm','btg',28.00,37837.80,1059458.40,'2025-03-25 09:44:51','2025-03-25 09:44:51'),
(1655,127,'','Inbow Panasonic Wide Series','pcs',30.00,3153.15,94595.00,'2025-03-25 09:44:51','2025-03-25 09:44:51'),
(1656,127,'','Cable Jembo NYM 3x2.5mm @50m','roll',2.00,887387.39,1774775.00,'2025-03-25 09:44:51','2025-03-25 09:44:51'),
(1657,127,'','Cable Jembo NYM 3x4mm @50m','roll',2.00,1927927.90,3855855.80,'2025-03-25 09:44:51','2025-03-25 09:44:51'),
(1658,127,'','Pipa Conduit 20mm BOSS','btg',37.00,12612.60,466666.20,'2025-03-25 09:44:51','2025-03-25 09:44:51'),
(1659,127,'','Sok Conduit BOSS','pack',3.00,94594.59,283784.00,'2025-03-25 09:44:51','2025-03-25 09:44:51'),
(1660,127,'','Elbow Conduit BOSS','pack',1.00,540540.54,540541.00,'2025-03-25 09:44:51','2025-03-25 09:44:51'),
(1661,127,'','Clamp Conduit BOSS','pack',2.00,94594.59,189190.00,'2025-03-25 09:44:51','2025-03-25 09:44:51'),
(1662,127,'','Tee dus Boss 20mm 3 way','pcs',20.00,9009.00,180180.00,'2025-03-25 09:44:51','2025-03-25 09:44:51'),
(1663,127,'','Tee dus Boss 20mm 2 way','pcs',10.00,9009.00,90090.00,'2025-03-25 09:44:51','2025-03-25 09:44:51'),
(1664,127,'','Isolasi Nitto','pcs',5.00,9909.90,49549.50,'2025-03-25 09:44:51','2025-03-25 09:44:51'),
(1665,127,'','Hollow Besi 2x4x1.2mm Full,Kotak Full','btg',75.00,96396.39,7229729.25,'2025-03-25 09:44:51','2025-03-25 09:44:51'),
(1666,127,'','Kawat Las Nikko RD260 / 2.0mm','dus',3.00,73873.87,221621.61,'2025-03-25 09:44:51','2025-03-25 09:44:51'),
(1667,127,'','Kansai Primer Abu 155','klg',6.00,81081.08,486486.48,'2025-03-25 09:44:51','2025-03-25 09:44:51'),
(1668,119,'','Pasir Cuci Cilegon @6m3','m3',6.00,351351.36,2108108.16,'2025-03-26 15:01:24','2025-03-26 15:01:24'),
(1669,119,'','Drywall Stud 76mmx32x32 jaya 0.4mm','btg',80.00,57657.58,4612606.40,'2025-03-26 15:01:24','2025-03-26 15:01:24'),
(1670,119,'','Screw SDS Wafer 10x16','dus',3.00,148648.65,445946.00,'2025-03-26 15:01:24','2025-03-26 15:01:24'),
(1671,119,'','Gypsum Jayaboard 12mm','lbr',54.00,83783.78,4524325.00,'2025-03-26 15:01:24','2025-03-26 15:01:24'),
(1672,119,'','Screw Gypsum 6x1 Jaya','dus',3.00,85585.59,256757.00,'2025-03-26 15:01:24','2025-03-26 15:01:24'),
(1673,119,'','UB tape Jayaboard','rol',10.00,44594.59,445946.00,'2025-03-26 15:01:24','2025-03-26 15:01:24'),
(1674,119,'','Compound Jayaboard','zak',5.00,52252.26,261261.30,'2025-03-26 15:01:24','2025-03-26 15:01:24'),
(1675,119,'','Gypsum Jayaboard 9mm','lbr',25.00,62162.29,1554057.25,'2025-03-26 15:01:24','2025-03-26 15:01:24'),
(1676,119,'','Screw Gypsum 6x1 Jaya','dus',2.00,85585.59,171172.00,'2025-03-26 15:01:24','2025-03-26 15:01:24'),
(1677,119,'','UB tape Jayaboard','rol',5.00,44594.59,222973.00,'2025-03-26 15:01:24','2025-03-26 15:01:24'),
(1678,119,'','Compound Jayaboard','zak',3.00,52252.36,156757.08,'2025-03-26 15:01:24','2025-03-26 15:01:24'),
(1679,119,'','Hollow 40x40x0.30 Kotak Full','btg',71.00,40540.55,2878380.00,'2025-03-26 15:01:24','2025-03-26 15:01:24'),
(1692,130,'Tonasa','Semen @50kg','Sak',600.00,71171.17,42702703.20,'2025-04-07 17:18:47','2025-04-07 17:18:47'),
(1703,131,'Gresik','Semen @40kg','Sak',100.00,50000.00,5000000.00,'2025-04-08 13:11:07','2025-04-08 13:11:07'),
(1712,132,'','Drywall Stud 76mmx32x32 jaya 0.4mm','btg',60.00,57657.66,3459459.42,'2025-04-10 13:51:23','2025-04-10 13:51:23'),
(1713,132,'','Drywall Stud 76mmx28x28 Jaya 0,4mm','btg',100.00,52702.70,5270270.20,'2025-04-10 13:51:23','2025-04-10 13:51:23'),
(1714,132,'','Screw SDS Wafer 10x16','dus',2.00,148648.65,297297.30,'2025-04-10 13:51:23','2025-04-10 13:51:23'),
(1715,132,'','Screw Gypsum 6x1 Jaya','dus',2.00,85585.59,171171.17,'2025-04-10 13:51:23','2025-04-10 13:51:23'),
(1716,132,'','Jotun Majestic True Beauty Matt White 0001','pail',5.00,1891891.89,9459459.46,'2025-04-10 13:51:23','2025-04-10 13:51:23'),
(1717,132,'','Roll Cat Besar + gagang','pcs',2.00,27027.03,54054.05,'2025-04-10 13:51:23','2025-04-10 13:51:23'),
(1718,132,'','Roll Cat Besar ( Refill )','pcs',5.00,16216.22,81081.08,'2025-04-10 13:51:23','2025-04-10 13:51:23'),
(1719,132,'','Kuas Cat 4 Inch','pcs',4.00,13513.51,54054.05,'2025-04-10 13:51:23','2025-04-10 13:51:23'),
(1720,132,'','Kuas Cat 1,5 Inch','pcs',4.00,6756.76,27027.02,'2025-04-10 13:51:23','2025-04-10 13:51:23'),
(1721,132,'','Kuas Cat 3 Inch','pcs',4.00,10810.81,43243.24,'2025-04-10 13:51:23','2025-04-10 13:51:23'),
(1722,132,'','Kuas Cat 2 Inch','pcs',4.00,9009.01,36036.04,'2025-04-10 13:51:23','2025-04-10 13:51:23'),
(1723,132,'','Hollow 40x40x0.30 Kotak Full','btg',40.00,40540.54,1621621.60,'2025-04-10 13:51:23','2025-04-10 13:51:23'),
(1724,132,'','Inbow Panasonic Wide Series','pcs',20.00,3153.15,63063.06,'2025-04-10 13:51:23','2025-04-10 13:51:23'),
(1725,132,'','Cable Jembo NYM 3x2.5mm @50m','roll',2.00,887387.39,1774774.77,'2025-04-10 13:51:23','2025-04-10 13:51:23'),
(1726,132,'','Cable Jembo NYM 3x4mm @50m','roll',2.00,1927927.93,3855855.85,'2025-04-10 13:51:23','2025-04-10 13:51:23'),
(1727,132,'','Pipa Conduit 20mm BOSS','btg',30.00,12612.61,378378.36,'2025-04-10 13:51:23','2025-04-10 13:51:23'),
(1728,132,'','Sok Conduit BOSS','pack',3.00,94594.59,283783.78,'2025-04-10 13:51:23','2025-04-10 13:51:23'),
(1729,132,'','Elbow Conduit BOSS','pack',1.00,540540.54,540540.54,'2025-04-10 13:51:23','2025-04-10 13:51:23'),
(1730,132,'','Clamp Conduit BOSS','pack',2.00,94594.59,189189.19,'2025-04-10 13:51:23','2025-04-10 13:51:23'),
(1731,132,'','Tee dus Boss 20mm 3 way','pcs',10.00,9009.01,90090.09,'2025-04-10 13:51:23','2025-04-10 13:51:23'),
(1732,132,'','Tee dus Boss 20mm 2 way','pcs',5.00,9009.01,45045.05,'2025-04-10 13:51:23','2025-04-10 13:51:23'),
(1733,132,'','Isolasi Nitto','pcs',5.00,9909.91,49549.55,'2025-04-10 13:51:23','2025-04-10 13:51:23'),
(1734,132,'','Hollow Besi 4x4x1.2mm Full,Kotak Full','btg',30.00,131531.53,3945945.93,'2025-04-10 13:51:23','2025-04-10 13:51:23'),
(1735,132,'','Kawat Las Nikko RD260 / 2.0mm','dus',2.00,73873.87,147747.75,'2025-04-10 13:51:23','2025-04-10 13:51:23'),
(1736,132,'','Hollow Besi 5x10x2mm Full Kotak full','btg',6.00,463963.96,2783783.78,'2025-04-10 13:51:23','2025-04-10 13:51:23'),
(1737,132,'','UNP 100x50x5mm','btg',3.00,599099.20,1797297.60,'2025-04-10 13:51:23','2025-04-10 13:51:23'),
(1738,132,'','Plastik Cor Hijau','roll',3.00,121621.62,364864.86,'2025-04-10 13:51:23','2025-04-10 13:51:23'),
(1739,129,'Infiniti','Statuario Grey size 60x60','Dus',100.00,197837.84,19783784.00,'2025-04-10 15:37:49','2025-04-10 15:37:49'),
(1740,129,'Rudy Gress','New Black size 60x60','Dus',20.00,192000.00,3840000.00,'2025-04-10 15:37:49','2025-04-10 15:37:49'),
(1741,133,'Infiniti','Statuario Grey size 60x60','Dus',200.00,197838.00,39567600.00,'2025-04-11 09:58:35','2025-04-11 09:58:35'),
(1742,133,'Rudy Gress','New Black size 60x60','Dus',40.00,192000.00,7680000.00,'2025-04-11 09:58:35','2025-04-11 09:58:35'),
(1743,134,'Valentino','Bologna White size 60x60','Dus',240.00,170594.60,40942704.00,'2025-04-12 15:18:27','2025-04-12 15:18:27'),
(1744,134,'Valentino','Mozart Cemento size 60x60','Dus',12.00,176432.40,2117188.80,'2025-04-12 15:18:27','2025-04-12 15:18:27'),
(1748,135,'Merdeka','Semen @40kg','Sak',200.00,39099.10,7819820.00,'2025-04-14 12:42:41','2025-04-14 12:42:41'),
(1749,136,'','Pasir Cilegon @6m3','Truck',1.00,1657657.66,1657657.66,'2025-04-14 14:40:47','2025-04-14 14:40:47'),
(1750,137,'Roman - GT602151R','dArlington Bone size 60x15','Dus',20.00,149549.58,2990991.50,'2025-04-14 14:47:46','2025-04-14 14:47:46'),
(1751,138,'Roman GT602406R','dArcade Perla size 60x60','Dus',5.00,212612.70,1063063.50,'2025-04-16 02:20:20','2025-04-16 02:20:20'),
(1754,139,'Niro GNL09','Granulo Escuro size 60x60','Dus',9.00,248648.65,2237838.00,'2025-04-19 16:10:12','2025-04-19 16:10:12'),
(1755,139,'Platinum','Oscar Grey size 40x40','Dus',50.00,58000.00,2900000.00,'2025-04-19 16:10:12','2025-04-19 16:10:12'),
(1756,139,'Titanium','Portland Dark Grey Glossy size 60x120','Dus',39.00,415135.14,16190270.46,'2025-04-19 16:10:12','2025-04-19 16:10:12'),
(1757,139,'Titanium','Wood Ebony Matt size 20x120','Dus',17.00,451459.46,7674810.82,'2025-04-19 16:10:12','2025-04-19 16:10:12'),
(1759,140,'Aveda','Meja Lipat Electre size 120x59x73cm','Unit',30.00,615000.00,18450000.00,'2025-04-22 17:03:23','2025-04-22 17:03:23'),
(1760,141,'JOTUN','Jotun Jotamastic 85 Grey 20L ','pail',4.00,2387387.49,9549549.95,'2025-04-22 19:53:52','2025-04-22 19:53:52'),
(1761,141,'JOTUN','Jotun Hardtop XP 0257 Green 20L','pail',1.00,2882882.88,2882882.88,'2025-04-22 19:53:52','2025-04-22 19:53:52'),
(1762,141,'JOTUN','Jotun Hardtop XP 4067 Grey 20L','pail',1.00,2882882.88,2882882.88,'2025-04-22 19:53:52','2025-04-22 19:53:52'),
(1763,141,'JOTUN','Jotun Thinner No. 17','galon',2.00,238738.74,477477.48,'2025-04-22 19:53:52','2025-04-22 19:53:52'),
(1764,141,'JOTUN','Jotun Thinner No. 10','galon',2.00,238738.74,477477.48,'2025-04-22 19:53:52','2025-04-22 19:53:52'),
(1772,128,'','Kran Wastafel Up-Down Small','Pcs',10.00,81081.10,810811.00,'2025-04-24 09:59:18','2025-04-24 09:59:18'),
(1773,128,'Bozlano','Floor Drain','Pcs',19.00,64000.00,1216000.00,'2025-04-24 09:59:18','2025-04-24 09:59:18'),
(1774,128,'Sandimas - L102','Wall Hung Urinal with flush','Unit',6.00,972972.98,5837838.00,'2025-04-24 09:59:18','2025-04-24 09:59:18'),
(1775,128,'','Kran Dinding YG-95N','Pcs',13.00,58000.00,754000.00,'2025-04-24 09:59:18','2025-04-24 09:59:18'),
(1776,128,'FWC','Toilet Jongkok Putih','Unit',13.00,178000.00,2314000.00,'2025-04-24 09:59:18','2025-04-24 09:59:18'),
(1777,142,'','Pasir Cuci Cilegon @6m3','Truck',1.00,1639639.64,1639639.64,'2025-04-24 12:41:27','2025-04-24 12:41:27');
/*!40000 ALTER TABLE `tr_sales_details` ENABLE KEYS */;
UNLOCK TABLES;

--
-- Table structure for table `tr_sales_files`
--

DROP TABLE IF EXISTS `tr_sales_files`;
/*!40101 SET @saved_cs_client     = @@character_set_client */;
/*!40101 SET character_set_client = utf8mb4 */;
CREATE TABLE `tr_sales_files` (
  `id` bigint(20) unsigned NOT NULL AUTO_INCREMENT,
  `sales_id` bigint(20) NOT NULL,
  `file` varchar(100) NOT NULL,
  `created_at` timestamp NULL DEFAULT NULL,
  `updated_at` timestamp NULL DEFAULT NULL,
  PRIMARY KEY (`id`),
  KEY `tr_sales_files_id_index` (`id`),
  KEY `tr_sales_files_sales_id_index` (`sales_id`)
) ENGINE=InnoDB DEFAULT CHARSET=utf8mb4 COLLATE=utf8mb4_unicode_ci ROW_FORMAT=DYNAMIC;
/*!40101 SET character_set_client = @saved_cs_client */;

--
-- Dumping data for table `tr_sales_files`
--

LOCK TABLES `tr_sales_files` WRITE;
/*!40000 ALTER TABLE `tr_sales_files` DISABLE KEYS */;
/*!40000 ALTER TABLE `tr_sales_files` ENABLE KEYS */;
UNLOCK TABLES;

--
-- Table structure for table `tr_sales_non`
--

DROP TABLE IF EXISTS `tr_sales_non`;
/*!40101 SET @saved_cs_client     = @@character_set_client */;
/*!40101 SET character_set_client = utf8mb4 */;
CREATE TABLE `tr_sales_non` (
  `id` bigint(20) unsigned NOT NULL AUTO_INCREMENT,
  `number` varchar(50) NOT NULL,
  `date` date NOT NULL,
  `customer_id` bigint(20) NOT NULL,
  `reference` varchar(50) DEFAULT NULL,
  `notes` text DEFAULT NULL,
  `subtotal` decimal(18,2) NOT NULL DEFAULT 0.00,
  `delivery_fee` decimal(18,2) NOT NULL DEFAULT 0.00,
  `discount` decimal(18,2) NOT NULL DEFAULT 0.00,
  `total` decimal(18,2) NOT NULL DEFAULT 0.00,
  `payment` decimal(18,2) NOT NULL DEFAULT 0.00,
  `rest` decimal(18,2) NOT NULL DEFAULT 0.00,
  `approved_at` timestamp NULL DEFAULT NULL,
  `approved_by` bigint(20) DEFAULT NULL,
  `sales_id` bigint(20) DEFAULT NULL,
  `is_invoice` varchar(1) NOT NULL DEFAULT '0',
  `is_receive` tinyint(4) NOT NULL DEFAULT 0,
  `is_status` tinyint(4) NOT NULL DEFAULT 1,
  `created_at` timestamp NULL DEFAULT NULL,
  `updated_at` timestamp NULL DEFAULT NULL,
  `deleted_at` timestamp NULL DEFAULT NULL,
  `created_by` bigint(20) DEFAULT NULL,
  `updated_by` bigint(20) DEFAULT NULL,
  `deleted_by` bigint(20) DEFAULT NULL,
  PRIMARY KEY (`id`),
  KEY `tr_sales_non_id_index` (`id`),
  KEY `tr_sales_non_number_index` (`number`),
  KEY `tr_sales_non_date_index` (`date`),
  KEY `tr_sales_non_customer_id_index` (`customer_id`),
  KEY `tr_sales_non_reference_index` (`reference`),
  KEY `tr_sales_non_approved_at_index` (`approved_at`),
  KEY `tr_sales_non_approved_by_index` (`approved_by`),
  KEY `tr_sales_non_is_receive_index` (`is_receive`),
  KEY `tr_sales_non_is_status_index` (`is_status`),
  KEY `tr_sales_non_created_by_index` (`created_by`),
  KEY `tr_sales_non_is_invoice_index` (`is_invoice`)
) ENGINE=InnoDB AUTO_INCREMENT=65 DEFAULT CHARSET=utf8mb4 COLLATE=utf8mb4_unicode_ci ROW_FORMAT=DYNAMIC;
/*!40101 SET character_set_client = @saved_cs_client */;

--
-- Dumping data for table `tr_sales_non`
--

LOCK TABLES `tr_sales_non` WRITE;
/*!40000 ALTER TABLE `tr_sales_non` DISABLE KEYS */;
INSERT INTO `tr_sales_non` VALUES
(1,'SO/ESB-N/12025/0001','2025-01-03',52,NULL,'Face A 1 Slab , Face C 3 Slab',7300000.00,0.00,0.00,7300000.00,0.00,7300000.00,NULL,NULL,3,'0',0,0,'2025-01-03 13:27:02','2025-01-27 23:13:41',NULL,3,3,NULL),
(2,'SO/ESB-N/12025/0002','2025-01-03',53,NULL,NULL,11680000.00,0.00,0.00,11680000.00,0.00,11680000.00,'2025-02-16 01:08:45',3,3,'0',0,1,'2025-01-03 13:30:29','2025-02-16 01:08:45',NULL,3,3,NULL),
(3,'SO/ESB-N/12025/0003','2025-01-05',51,NULL,NULL,0.00,0.00,0.00,0.00,0.00,0.00,NULL,NULL,3,'0',0,0,'2025-01-05 17:22:14','2025-01-08 09:56:05',NULL,3,3,NULL),
(4,'SO/ESB-N/12025/0004','2025-01-06',52,NULL,NULL,5040000.00,50000.00,0.00,5040000.00,0.00,5040000.00,NULL,NULL,3,'0',0,0,'2025-01-06 14:26:10','2025-01-27 23:17:48',NULL,3,3,NULL),
(5,'SO/ESB-N/12025/0005','2025-01-08',54,NULL,'Cash Before Delivery',6812640.00,0.00,0.00,6812640.00,0.00,6812640.00,NULL,NULL,3,'0',0,0,'2025-01-08 09:51:15','2025-01-24 13:39:35',NULL,3,3,NULL),
(6,'SO/ESB-N/12025/0006','2025-01-08',19,NULL,'CASH BEFORE DELIVERY',777491555.00,0.00,0.00,777491555.00,0.00,777491555.00,NULL,NULL,3,'0',0,0,'2025-01-08 23:26:30','2025-02-16 01:21:50',NULL,3,3,NULL),
(7,'SO/ESB-N/12025/0007','2025-01-09',53,NULL,NULL,11680000.00,0.00,0.00,11680000.00,0.00,11680000.00,NULL,NULL,3,'0',0,0,'2025-01-09 08:44:27','2025-02-16 01:22:00',NULL,3,3,NULL),
(8,'SO/ESB-N/12025/0008','2025-01-09',56,NULL,'Tempo 30 Hari',3152000.00,150000.00,0.00,3302000.00,0.00,3302000.00,NULL,NULL,4,'0',0,0,'2025-01-09 08:49:44','2025-01-14 09:36:54',NULL,4,3,NULL),
(9,'SO/ESB-N/12025/0009','2025-01-09',29,NULL,'Tempo 30 Hari',3152000.00,150000.00,0.00,3302000.00,0.00,3302000.00,NULL,NULL,4,'0',0,0,'2025-01-09 08:49:44','2025-01-09 09:40:32',NULL,4,3,NULL),
(10,'SO/ESB-N/12025/0010','2025-01-10',59,NULL,'Cash Before Delivery\nDikirim tgl 10/01/2025',213000.00,150000.00,0.00,363000.00,0.00,363000.00,NULL,NULL,4,'0',0,0,'2025-01-10 14:08:55','2025-01-18 08:47:49',NULL,4,3,NULL),
(11,'SO/ESB-N/12025/0011','2025-01-10',52,NULL,'Cash Before Delivery',3600000.00,0.00,0.00,3600000.00,0.00,3600000.00,NULL,NULL,4,'0',0,0,'2025-01-10 14:44:48','2025-01-24 22:16:07',NULL,4,3,NULL),
(12,'SO/ESB-N/12025/0012','2025-01-12',60,NULL,'Alamat kirim : Jl. pengukiran III no.7 Rt 005/ 003 pekojan,tambora jakarta barat\nDikirim tgl 12/01/2025',11977000.00,150000.00,500000.00,11627000.00,0.00,11627000.00,NULL,NULL,4,'0',0,0,'2025-01-12 16:45:38','2025-01-27 23:07:16',NULL,4,3,NULL),
(13,'SO/ESB-N/12025/0013','2025-01-13',54,NULL,'Cash Before Delivery',36190400.00,0.00,0.00,36190400.00,0.00,36190400.00,NULL,NULL,3,'0',0,0,'2025-01-13 09:29:30','2025-01-24 13:46:49',NULL,3,3,NULL),
(14,'SO/ESB-N/12025/0014','2025-01-14',62,NULL,'CASH BEFORE DELIVERY',32665600.00,0.00,0.00,32665600.00,0.00,32665600.00,NULL,NULL,3,'0',0,0,'2025-01-14 14:47:28','2025-02-16 01:20:57',NULL,3,3,NULL),
(15,'SO/ESB-N/12025/0015','2025-01-15',63,NULL,'CASH BEFORE DELIVERY',5779200.00,396000.00,0.00,6175200.00,0.00,6175200.00,NULL,NULL,3,'0',0,0,'2025-01-15 13:43:05','2025-01-24 21:00:10',NULL,3,3,NULL),
(16,'SO/ESB-N/12025/0016','2025-01-16',56,NULL,'TOP 14 Hari\nDikirim tgl 16/01/2025',2500000.00,0.00,0.00,2500000.00,0.00,2500000.00,NULL,NULL,4,'0',0,0,'2025-01-16 08:41:53','2025-01-27 23:07:06',NULL,4,3,NULL),
(17,'SO/ESB-N/12025/0017','2025-01-19',64,NULL,'CASH BEFORE DELIVERY',2547000.00,100000.00,0.00,2647000.00,0.00,2647000.00,NULL,NULL,4,'0',0,0,'2025-01-19 17:29:09','2025-01-20 09:23:06',NULL,4,3,NULL),
(18,'SO/ESB-N/12025/0018','2025-01-20',52,NULL,'CASH BEFORE DELIVERY',13482000.00,0.00,0.00,13482000.00,0.00,13482000.00,NULL,NULL,3,'0',0,0,'2025-01-20 10:57:32','2025-01-29 16:22:11',NULL,3,3,NULL),
(19,'SO/ESB-N/12025/0019','2025-01-22',66,NULL,'CASH BEFORE DELIVERY',608500.00,0.00,0.00,608500.00,0.00,608500.00,NULL,NULL,3,'0',0,0,'2025-01-22 21:07:15','2025-01-24 20:53:13',NULL,3,3,NULL),
(20,'SO/ESB-N/12025/0020','2025-01-23',67,NULL,'CASH BEFORE DELIVERY',22626000.00,0.00,0.00,22626000.00,0.00,22626000.00,NULL,NULL,3,'0',0,0,'2025-01-23 10:39:28','2025-01-24 20:49:33',NULL,3,3,NULL),
(21,'SO/ESB-N/12025/0021','2025-01-23',64,NULL,'CASH BEFORE DELIVERY',1512000.00,100000.00,0.00,1612000.00,0.00,1612000.00,NULL,NULL,4,'0',0,0,'2025-01-23 12:52:39','2025-01-27 23:06:53',NULL,4,3,NULL),
(22,'SO/ESB-N/22025/0001','2025-02-10',56,NULL,'TOP 14 HARI',5418000.00,0.00,0.00,5418000.00,5418000.00,0.00,'2025-02-10 11:15:47',3,4,'1',1,1,'2025-02-10 11:06:21','2025-04-15 11:38:55',NULL,4,5,NULL),
(23,'SO/ESB-N/22025/0002','2025-02-11',1,NULL,'CASH BEFORE DELIVERY\nPO #25CO-B-095',100000.00,0.00,0.00,100000.00,0.00,100000.00,NULL,NULL,4,'0',0,1,'2025-02-11 06:24:21','2025-02-11 06:25:55',NULL,4,4,NULL),
(24,'SO/ESB-N/22025/0003','2025-02-12',80,NULL,'CASH BEFORE DELIVERY',12595200.00,200000.00,0.00,12795200.00,12795200.00,0.00,'2025-02-12 14:21:08',3,3,'1',1,1,'2025-02-12 14:16:18','2025-04-11 14:00:48',NULL,3,5,NULL),
(25,'SO/ESB-N/22025/0004','2025-02-13',53,NULL,'CASH BEFORE DELIVERY',11680000.00,0.00,0.00,11680000.00,11680000.00,0.00,'2025-02-13 12:04:50',3,3,'1',1,1,'2025-02-13 12:04:46','2025-03-05 13:16:57',NULL,3,5,NULL),
(26,'SO/ESB-N/22025/0005','2025-02-13',81,NULL,'CASH BEFORE DELIVERY',1818950.00,0.00,0.00,1818950.00,1818950.00,0.00,'2025-02-13 13:29:43',3,3,'1',1,1,'2025-02-13 13:29:38','2025-03-05 13:27:07',NULL,3,5,NULL),
(27,'SO/ESB-N/22025/0006','2025-02-14',70,NULL,'CASH BEFORE DELIVERY',2312500.00,0.00,0.00,2312500.00,2312500.00,0.00,'2025-02-14 09:25:18',3,4,'1',1,1,'2025-02-14 09:21:53','2025-03-05 13:11:39',NULL,4,5,NULL),
(28,'SO/ESB-N/22025/0007','2025-02-15',70,NULL,'DP 20% Sebesar Rp 7.044.900,- TOP 30 HARI',35224500.00,0.00,0.00,35224500.00,35224500.00,0.00,'2025-02-15 10:08:33',3,4,'1',1,1,'2025-02-15 08:56:14','2025-04-17 14:21:46',NULL,4,5,NULL),
(29,'SO/ESB-N/22025/0008','2025-02-15',53,NULL,'CASH BEFORE DELIVERY, SO PENGGANTI PO/ESB/22025/0014',11680000.00,0.00,0.00,11680000.00,0.00,11680000.00,'2025-02-15 18:26:31',3,3,'0',0,1,'2025-02-15 18:26:26','2025-02-15 18:26:31',NULL,3,3,NULL),
(30,'SO/ESB-N/22025/0009','2025-02-15',53,NULL,'CASH BEFORE DELIVERY, SO PENGGANTI SO/ESB/22025/0011',11680000.00,0.00,0.00,11680000.00,0.00,11680000.00,'2025-02-15 18:40:31',3,3,'0',0,1,'2025-02-15 18:40:26','2025-02-15 18:40:31',NULL,3,3,NULL),
(31,'SO/ESB-N/22025/0010','2025-02-15',78,NULL,'CASH BEFORE DELIVERY, SO PENGGANTI SO/ESB/22025/0015',5662500.00,0.00,0.00,5662500.00,0.00,5662500.00,'2025-02-15 19:02:10',3,3,'0',0,1,'2025-02-15 19:02:03','2025-02-15 19:02:10',NULL,3,3,NULL),
(32,'SO/ESB-N/22025/0011','2025-02-15',70,NULL,'CASH BEFORE DELIVERY',5535360.00,0.00,0.00,5535360.00,5535360.00,0.00,'2025-02-15 19:21:56',3,3,'1',1,1,'2025-02-15 19:21:50','2025-03-05 11:39:14',NULL,3,5,NULL),
(33,'SO/ESB-N/22025/0012','2025-02-16',52,NULL,'CASH BEFORE DELIVERY , SO PENGGANTI SO/ESB/22025/0005',5454000.00,100000.00,0.00,5554000.00,0.00,5554000.00,'2025-02-16 01:05:04',3,3,'0',0,1,'2025-02-16 01:04:58','2025-02-16 01:05:04',NULL,3,3,NULL),
(34,'SO/ESB-N/22025/0013','2025-02-18',70,NULL,'DP 30% Sebesar Rp. 30.008.400,-. Sisa pembayaran 30 hari dari tanggal PO',100028000.00,0.00,0.00,100028000.00,100028000.00,0.00,'2025-02-19 16:43:35',3,3,'1',1,1,'2025-02-18 10:24:19','2025-04-17 14:19:18',NULL,3,5,NULL),
(35,'SO/ESB-N/22025/0014','2025-02-19',52,NULL,'CASH BEFORE DELIVERY',1248000.00,100000.00,0.00,1348000.00,0.00,1348000.00,'2025-02-19 10:34:30',3,3,'0',0,1,'2025-02-19 10:34:23','2025-02-19 10:34:30',NULL,3,3,NULL),
(36,'SO/ESB-N/22025/0015','2025-02-20',69,NULL,'CASH BEFORE DELIVERY',10964000.00,100000.00,0.00,11064000.00,11064000.00,0.00,'2025-02-21 08:08:18',3,4,'1',1,1,'2025-02-20 16:12:05','2025-03-05 11:20:16',NULL,4,5,NULL),
(37,'SO/ESB-N/22025/0016','2025-02-21',52,NULL,'CASH BEFORE DELIVERY, UNTUK PROYEK SDH KARAWANG',4139400.00,100000.00,0.00,4239400.00,4239400.00,0.00,'2025-02-21 11:28:12',3,3,'1',1,1,'2025-02-21 10:21:02','2025-03-25 15:55:18',NULL,3,5,NULL),
(38,'SO/ESB-N/22025/0017','2025-02-21',85,NULL,'CASH BEFORE DELIVERY',22528000.00,396000.00,0.00,22924000.00,22924000.00,0.00,'2025-02-21 11:35:41',3,3,'1',1,1,'2025-02-21 11:31:24','2025-03-05 10:57:06',NULL,3,5,NULL),
(39,'SO/ESB-N/22025/0018','2025-02-21',54,NULL,'CASH BEFORE DELIVERY',6464000.00,0.00,0.00,6464000.00,6464000.00,0.00,'2025-02-21 15:07:39',3,3,'1',1,1,'2025-02-21 15:07:31','2025-03-25 16:02:08',NULL,3,5,NULL),
(40,'SO/ESB-N/22025/0019','2025-02-24',70,NULL,'CASH BEFORE DELIVERY',3700500.00,0.00,0.00,3700500.00,3700500.00,0.00,'2025-02-24 10:47:07',3,4,'1',1,1,'2025-02-24 10:26:21','2025-03-05 10:48:53',NULL,4,5,NULL),
(41,'SO/ESB-N/22025/0020','2025-02-25',52,NULL,'CASH BEFORE DELIVERY',1264000.00,150000.00,0.00,1414000.00,1414000.00,0.00,'2025-02-25 13:39:21',3,3,'1',1,1,'2025-02-25 13:39:16','2025-03-05 10:47:05',NULL,3,5,NULL),
(42,'SO/ESB-N/22025/0021','2025-02-28',52,NULL,'CASH BEFORE DELIVERY',9472320.00,0.00,0.00,9472320.00,0.00,9472320.00,NULL,NULL,3,'0',0,0,'2025-02-28 18:13:22','2025-03-07 00:12:51',NULL,3,3,NULL),
(43,'SO/ESB-N/32025/0001','2025-03-05',36,NULL,'CASH BEFORE DELIVERY\ndi kirim ke ASGRAFO - CILEUNGSI',740000.00,0.00,0.00,740000.00,740000.00,0.00,'2025-03-05 11:37:34',3,4,'1',1,1,'2025-03-05 08:02:27','2025-03-07 08:56:28',NULL,4,5,NULL),
(44,'SO/ESB-N/32025/0002','2025-03-06',90,NULL,'CASH BEFORE DELIVERY',3320000.00,100000.00,0.00,3420000.00,3420000.00,0.00,'2025-03-06 15:36:30',3,3,'1',1,1,'2025-03-06 14:34:29','2025-04-11 15:58:48',NULL,3,5,NULL),
(45,'SO/ESB-N/32025/0003','2025-03-07',36,NULL,'CASH BEFORE DELIVERY\n',370000.00,0.00,0.00,370000.00,370000.00,0.00,'2025-03-07 00:11:38',3,4,'1',1,1,'2025-03-07 00:05:54','2025-03-25 15:51:02',NULL,4,5,NULL),
(46,'SO/ESB-N/32025/0004','2025-03-07',91,NULL,'CASH BEFORE DELIVERY',20889600.00,594000.00,0.00,21483600.00,0.00,21483600.00,'2025-03-07 09:57:28',3,3,'0',0,1,'2025-03-07 09:50:28','2025-03-07 09:57:28',NULL,3,3,NULL),
(47,'SO/ESB-N/32025/0005','2025-03-14',54,NULL,'CASH BEFORE DELIVERY',2138750.00,0.00,0.00,2138750.00,0.00,2138750.00,'2025-03-14 11:21:10',3,3,'0',0,1,'2025-03-14 11:21:04','2025-03-14 11:21:10',NULL,3,3,NULL),
(48,'SO/ESB-N/32025/0006','2025-03-15',64,NULL,'CASH BEFORE DELIVERY\n(pengganti SO/ESB/12025/0024)',13047000.00,0.00,0.00,13047000.00,0.00,13047000.00,NULL,NULL,4,'0',0,0,'2025-03-15 16:05:55','2025-03-26 15:11:58',NULL,4,3,NULL),
(49,'SO/ESB-N/32025/0007','2025-03-15',64,NULL,'CASH BEFORE DELIVERY\n(pengganti SO/ESB/12025/0022)',3394000.00,0.00,0.00,3394000.00,0.00,3394000.00,NULL,NULL,4,'0',0,0,'2025-03-15 16:09:55','2025-03-26 15:12:04',NULL,4,3,NULL),
(50,'SO/ESB-N/32025/0008','2025-03-17',70,NULL,'CASH BEFORE DELIVERY',22280000.00,0.00,0.00,22280000.00,0.00,22280000.00,'2025-03-17 16:23:11',3,4,'0',0,1,'2025-03-17 12:26:27','2025-03-17 16:23:11',NULL,4,3,NULL),
(51,'SO/ESB-N/32025/0009','2025-03-19',94,NULL,'CASH BEFORE DELIVERY, Kekurangan bayar Rp. 345.600,-',8150400.00,0.00,0.00,8150400.00,8150400.00,0.00,'2025-03-20 10:34:20',3,3,'1',1,1,'2025-03-19 14:31:45','2025-04-11 16:10:28',NULL,3,5,NULL),
(52,'SO/ESB-N/32025/0010','2025-03-21',95,NULL,'CASH BEFORE DELIVERY',1762560.00,0.00,0.00,1762560.00,0.00,1762560.00,'2025-03-21 09:06:03',3,3,'0',0,1,'2025-03-21 09:05:58','2025-03-21 09:06:03',NULL,3,3,NULL),
(53,'SO/ESB-N/32025/0011','2025-03-26',64,NULL,'DP 50%, ToP 30 hari',16530000.00,0.00,0.00,16530000.00,16530000.00,0.00,'2025-03-26 15:11:48',3,4,'1',1,1,'2025-03-26 15:04:45','2025-04-11 16:20:48',NULL,4,5,NULL),
(54,'SO/ESB-N/42025/0001','2025-04-07',84,NULL,'CASH BEFORE DELIVERY',15545036.00,0.00,0.00,15545036.00,0.00,15545036.00,NULL,NULL,3,'0',0,0,'2025-04-07 11:38:46','2025-04-07 17:03:45',NULL,3,3,NULL),
(55,'SO/ESB-N/42025/0002','2025-04-08',53,NULL,'CASH BEFORE DELIVERY',11680000.00,0.00,0.00,11680000.00,11680000.00,0.00,'2025-04-08 12:42:11',3,3,'1',1,1,'2025-04-08 12:42:01','2025-04-16 08:54:11',NULL,3,6,NULL),
(56,'SO/ESB-N/42025/0003','2025-04-12',52,NULL,'CASH BEFORE DELVERY',532000.00,50000.00,0.00,582000.00,582000.00,0.00,'2025-04-12 15:36:33',3,3,'1',1,1,'2025-04-12 15:36:28','2025-04-22 09:24:15',NULL,3,6,NULL),
(57,'SO/ESB-N/42025/0004','2025-04-15',94,NULL,'Cash Before Delivery',10512000.00,0.00,0.00,10512000.00,10512000.00,0.00,'2025-04-16 15:23:05',3,3,'1',1,1,'2025-04-15 13:16:31','2025-04-24 10:56:09',NULL,3,5,NULL),
(58,'SO/ESB-N/42025/0005','2025-04-15',54,NULL,'CASH BEFORE DELIVERY',5907000.00,0.00,0.00,5907000.00,5907000.00,0.00,'2025-04-15 15:11:25',3,3,'1',1,1,'2025-04-15 15:11:20','2025-04-22 09:20:32',NULL,3,6,NULL),
(59,'SO/ESB-N/42025/0006','2025-04-16',96,NULL,'Cash Before Delivery',2852000.00,0.00,0.00,2852000.00,2852000.00,0.00,'2025-04-16 11:11:07',3,4,'1',1,1,'2025-04-16 08:26:35','2025-04-22 09:17:27',NULL,4,6,NULL),
(60,'SO/ESB-N/42025/0007','2025-04-16',54,NULL,'Cash before delivery',2148000.00,0.00,0.00,2148000.00,2148000.00,0.00,'2025-04-16 11:11:00',3,3,'1',1,1,'2025-04-16 11:10:55','2025-04-22 09:19:15',NULL,3,6,NULL),
(61,'SO/ESB-N/42025/0008','2025-04-21',98,NULL,'Cash Before Delivery',16671000.00,0.00,0.00,16671000.00,16671000.00,0.00,'2025-04-21 09:57:00',3,4,'1',1,1,'2025-04-21 06:07:03','2025-04-22 09:15:41',NULL,4,6,NULL),
(62,'SO/ESB-N/42025/0009','2025-04-21',99,NULL,'CASH BEFORE DELIVERY',5728320.00,0.00,0.00,5728320.00,0.00,5728320.00,'2025-04-21 11:32:11',3,3,'0',0,1,'2025-04-21 10:49:04','2025-04-21 11:32:11',NULL,3,3,NULL),
(63,'SO/ESB-N/42025/0010','2025-04-21',100,NULL,'CASH BEFORE DELIVERY',475200.00,0.00,0.00,475200.00,0.00,475200.00,'2025-04-21 10:55:21',3,3,'0',0,1,'2025-04-21 10:55:15','2025-04-21 10:55:21',NULL,3,3,NULL),
(64,'SO/ESB-N/42025/0011','2025-04-21',89,NULL,'CASH BEFORE DELIVERY',43441000.00,0.00,0.00,43441000.00,43441000.00,0.00,'2025-04-21 11:05:05',3,3,'1',1,1,'2025-04-21 11:04:58','2025-04-22 09:14:09',NULL,3,6,NULL);
/*!40000 ALTER TABLE `tr_sales_non` ENABLE KEYS */;
UNLOCK TABLES;

--
-- Table structure for table `tr_sales_non_details`
--

DROP TABLE IF EXISTS `tr_sales_non_details`;
/*!40101 SET @saved_cs_client     = @@character_set_client */;
/*!40101 SET character_set_client = utf8mb4 */;
CREATE TABLE `tr_sales_non_details` (
  `id` bigint(20) unsigned NOT NULL AUTO_INCREMENT,
  `sales_non_id` bigint(20) NOT NULL,
  `product_code` varchar(191) DEFAULT NULL,
  `product_name` varchar(100) NOT NULL,
  `unit_name` varchar(50) NOT NULL,
  `qty` decimal(18,2) NOT NULL DEFAULT 0.00,
  `rate` decimal(18,2) NOT NULL DEFAULT 0.00,
  `amount` decimal(18,2) NOT NULL DEFAULT 0.00,
  `created_at` timestamp NULL DEFAULT NULL,
  `updated_at` timestamp NULL DEFAULT NULL,
  PRIMARY KEY (`id`),
  KEY `tr_sales_non_details_id_index` (`id`),
  KEY `tr_sales_non_details_sales_non_id_index` (`sales_non_id`),
  KEY `tr_sales_non_details_product_name_index` (`product_name`),
  KEY `tr_sales_non_details_unit_name_index` (`unit_name`),
  KEY `tr_sales_non_details_product_code_index` (`product_code`)
) ENGINE=InnoDB AUTO_INCREMENT=531 DEFAULT CHARSET=utf8mb4 COLLATE=utf8mb4_unicode_ci ROW_FORMAT=DYNAMIC;
/*!40101 SET character_set_client = @saved_cs_client */;

--
-- Dumping data for table `tr_sales_non_details`
--

LOCK TABLES `tr_sales_non_details` WRITE;
/*!40000 ALTER TABLE `tr_sales_non_details` DISABLE KEYS */;
INSERT INTO `tr_sales_non_details` VALUES
(1,1,'Marco','P241237J','Slab',4.00,1825000.00,7300000.00,'2025-01-03 13:27:02','2025-01-03 13:27:02'),
(3,4,'Marco','SM122011 size 20x120','Dus',12.00,420000.00,5040000.00,'2025-01-06 14:26:10','2025-01-06 14:26:10'),
(4,5,'Infiniti','Fidenza Black size 60x120','Dus',19.00,358560.00,6812640.00,'2025-01-08 09:51:15','2025-01-08 09:51:15'),
(45,8,'','Cnp 0.75 Full','btg',20.00,83000.00,1660000.00,'2025-01-09 09:09:55','2025-01-09 09:09:55'),
(46,8,'','Spandek 0.25mm x 3m','lbr',4.00,126500.00,506000.00,'2025-01-09 09:09:55','2025-01-09 09:09:55'),
(47,8,'','GRC Board 4mm 122x244','lbr',8.00,73000.00,584000.00,'2025-01-09 09:09:55','2025-01-09 09:09:55'),
(48,8,'','Asbes 240','lbr',4.00,82500.00,330000.00,'2025-01-09 09:09:55','2025-01-09 09:09:55'),
(49,8,'','Screw Gypsum 6x1 Centro','dus',1.00,72000.00,72000.00,'2025-01-09 09:09:55','2025-01-09 09:09:55'),
(50,9,'','Cnp 0.75 Full','btg',20.00,83000.00,1660000.00,'2025-01-09 09:10:24','2025-01-09 09:10:24'),
(51,9,'','Spandek 0.25mm x 3m','lbr',4.00,126500.00,506000.00,'2025-01-09 09:10:24','2025-01-09 09:10:24'),
(52,9,'','GRC Board 4mm 122x244','lbr',8.00,73000.00,584000.00,'2025-01-09 09:10:24','2025-01-09 09:10:24'),
(53,9,'','Asbes 240','lbr',4.00,82500.00,330000.00,'2025-01-09 09:10:24','2025-01-09 09:10:24'),
(54,9,'','Screw Gypsum 6x1 Centro','dus',1.00,72000.00,72000.00,'2025-01-09 09:10:24','2025-01-09 09:10:24'),
(58,11,'TOTO','Wastafel LW 592 J','Unit',1.00,3600000.00,3600000.00,'2025-01-10 14:44:48','2025-01-10 14:44:48'),
(160,13,'Infiniti','Foxy Dark Grey size 60x60','Dus',5.00,309600.00,1548000.00,'2025-01-14 16:02:18','2025-01-14 16:02:18'),
(161,13,'Infiniti','Fonzy Grey size 60x60','Dus',20.00,309600.00,6192000.00,'2025-01-14 16:02:18','2025-01-14 16:02:18'),
(162,13,'Infiniti','Montecarlo Grey size 60x60','Dus',97.00,223200.00,21650400.00,'2025-01-14 16:02:18','2025-01-14 16:02:18'),
(163,13,'Niro','GWV02 - Wave Grey size 60x60','Dus',17.00,400000.00,6800000.00,'2025-01-14 16:02:18','2025-01-14 16:02:18'),
(164,12,'','PVC BE 5011 R uk 6m x 60 lbr','meter',360.00,13500.00,4860000.00,'2025-01-15 08:49:06','2025-01-15 08:49:06'),
(165,12,'','Cnp 0.75 Full','btg',12.00,80000.00,960000.00,'2025-01-15 08:49:06','2025-01-15 08:49:06'),
(166,12,'','Hollow Galvalume 2x4x0.3mm','btg',12.00,13500.00,162000.00,'2025-01-15 08:49:06','2025-01-15 08:49:06'),
(167,12,'','Hollow Galvalume 4x4x0.3mm','btg',40.00,18500.00,740000.00,'2025-01-15 08:49:06','2025-01-15 08:49:06'),
(168,12,'','Triplek 9mm MC meranti','lbr',22.00,110000.00,2420000.00,'2025-01-15 08:49:06','2025-01-15 08:49:06'),
(169,12,'','Lis Plafond pvc F-US 6cm x 4m','btg',40.00,66000.00,2640000.00,'2025-01-15 08:49:06','2025-01-15 08:49:06'),
(170,12,'','Screw Gypsum 6x1 Centro','dus',1.00,70000.00,70000.00,'2025-01-15 08:49:06','2025-01-15 08:49:06'),
(171,12,'','Screw GRC 6x1','dus',1.00,125000.00,125000.00,'2025-01-15 08:49:06','2025-01-15 08:49:06'),
(172,10,'','Hollow Galvanis Tali Merah 2x4x0.40mm','btg',3.00,28500.00,85500.00,'2025-01-15 08:49:47','2025-01-15 08:49:47'),
(173,10,'','Hollow Galvanis Tali Merah 4x4x0.40mm','btg',3.00,38500.00,115500.00,'2025-01-15 08:49:47','2025-01-15 08:49:47'),
(174,10,'','Lakban Kertas 1 inch','pcs',2.00,6000.00,12000.00,'2025-01-15 08:49:47','2025-01-15 08:49:47'),
(176,15,'QUADRA','Trevi Panna Glossy size 280x120','Slab',2.00,2889600.00,5779200.00,'2025-01-15 13:48:01','2025-01-15 13:48:01'),
(180,16,'Merah putih','Semen @40kg','sak',50.00,50000.00,2500000.00,'2025-01-18 07:04:06','2025-01-18 07:04:06'),
(181,17,'','Firerock D60kg 1.2mx0.6mx25mm','lbr',24.00,46500.00,1116000.00,'2025-01-19 17:29:09','2025-01-19 17:29:09'),
(182,17,'','Firerock D60kg 1.2mx0.6mx50mm','lbr',18.00,79500.00,1431000.00,'2025-01-19 17:29:09','2025-01-19 17:29:09'),
(189,18,'Valentino','Calacatta Silver Matt size 60x120','Dus',18.00,324000.00,5832000.00,'2025-01-21 00:24:30','2025-01-21 00:24:30'),
(190,18,'Roman GT602133CR','dAugusta Grey Matt size 60x60','Dus',27.00,200000.00,5400000.00,'2025-01-21 00:24:30','2025-01-21 00:24:30'),
(191,18,'Niro','GIX07 - Ash Grey Glossy size 60x60','Dus',9.00,250000.00,2250000.00,'2025-01-21 00:24:30','2025-01-21 00:24:30'),
(192,19,'Roman GT632140CR','dStanford Grigio size 30x60','Dus',2.00,219500.00,439000.00,'2025-01-22 21:07:15','2025-01-22 21:07:15'),
(193,19,'Roman GT605528R','dAsmant Charcoal size 60x60','Dus',1.00,169500.00,169500.00,'2025-01-22 21:07:15','2025-01-22 21:07:15'),
(200,20,'Roman GT635525R','dGinostra Charcoal size 30x60','Dus',19.00,221000.00,4199000.00,'2025-01-23 10:44:47','2025-01-23 10:44:47'),
(201,20,'Roman GT609889FR','dPania Continua size 60x60','Dus',74.00,198000.00,14652000.00,'2025-01-23 10:44:47','2025-01-23 10:44:47'),
(202,20,'Roman W63801R','dTube White size 30x60','Dus',25.00,151000.00,3775000.00,'2025-01-23 10:44:47','2025-01-23 10:44:47'),
(203,21,'','Firerock D60kg 1.2mx0.6mx25mm','lbr',12.00,46500.00,558000.00,'2025-01-23 12:52:39','2025-01-23 12:52:39'),
(204,21,'','Firerock D60kg 1.2mx0.6mx50mm','lbr',12.00,79500.00,954000.00,'2025-01-23 12:52:39','2025-01-23 12:52:39'),
(205,14,'QUADRA','CEPPO GRIGIO SIZE 320X160','SLAB',3.00,8652800.00,25958400.00,'2025-01-31 13:56:37','2025-01-31 13:56:37'),
(206,14,'QUADRA','SAVOIE GRIGIO SIZE 320X160','SLAB',1.00,6707200.00,6707200.00,'2025-01-31 13:56:37','2025-01-31 13:56:37'),
(207,7,'Tiga Roda','Semen @50kg','Sak',160.00,73000.00,11680000.00,'2025-01-31 13:56:51','2025-01-31 13:56:51'),
(208,6,'','Kayu 5/7 Albasiah','M3',6.00,1400000.00,8400000.00,'2025-01-31 13:57:01','2025-01-31 13:57:01'),
(209,6,'','Paku 5+7+10','Kg',44.00,15500.00,682000.00,'2025-01-31 13:57:01','2025-01-31 13:57:01'),
(210,6,'','Multiplek 9mm','Lbr',60.00,103000.00,6180000.00,'2025-01-31 13:57:01','2025-01-31 13:57:01'),
(211,6,'','Minyak Bekisting','Ltr',21.00,82000.00,1722000.00,'2025-01-31 13:57:01','2025-01-31 13:57:01'),
(212,6,'','Palu Godam','Pcs',5.00,70000.00,350000.00,'2025-01-31 13:57:01','2025-01-31 13:57:01'),
(213,6,'','Benang Nylon','Roll',25.00,3500.00,87500.00,'2025-01-31 13:57:01','2025-01-31 13:57:01'),
(214,6,'','Ember Cor Besar','Pcs',30.00,12500.00,375000.00,'2025-01-31 13:57:01','2025-01-31 13:57:01'),
(215,6,'','Cangkul + Gagang','Pcs',5.00,63000.00,315000.00,'2025-01-31 13:57:01','2025-01-31 13:57:01'),
(216,6,'','Garpu','Pcs',3.00,85000.00,255000.00,'2025-01-31 13:57:01','2025-01-31 13:57:01'),
(217,6,'','Balincong','Pcs',3.00,63000.00,189000.00,'2025-01-31 13:57:01','2025-01-31 13:57:01'),
(218,6,'','Batu Belah 15/20','M3',218.00,280000.00,61040000.00,'2025-01-31 13:57:01','2025-01-31 13:57:01'),
(219,6,'','Beton K300 Ready Mix NFA','M3',301.00,923000.00,277823000.00,'2025-01-31 13:57:01','2025-01-31 13:57:01'),
(220,6,'Jakarta','Semen @40kg','Sak',1204.00,45800.00,55143200.00,'2025-01-31 13:57:01','2025-01-31 13:57:01'),
(221,6,'','Pasir Cilegon Cuci','M3',157.00,370000.00,58090000.00,'2025-01-31 13:57:01','2025-01-31 13:57:01'),
(222,6,'','Batu Split 1/2','M3',37.00,285000.00,10545000.00,'2025-01-31 13:57:01','2025-01-31 13:57:01'),
(223,6,'','Besi 13mm Ulir Full SNI Sertifikat','Btg',39.00,120000.00,4680000.00,'2025-01-31 13:57:01','2025-01-31 13:57:01'),
(224,6,'','Besi 12mm Ulir Full SNI Sertifikat','Btg',180.00,102500.00,18450000.00,'2025-01-31 13:57:01','2025-01-31 13:57:01'),
(225,6,'','Wiremesh M10 (9.8mm) Full SNI Sertifikat','Lbr',172.00,1009000.00,173548000.00,'2025-01-31 13:57:01','2025-01-31 13:57:01'),
(226,6,'','Besi 8mm Polos Full SNI Sertifikat','Btg',181.00,48500.00,8778500.00,'2025-01-31 13:57:01','2025-01-31 13:57:01'),
(227,6,'','Wiremesh M8 (7.8mm) Full SNI Sertifikat','Lbr',4.00,675000.00,2700000.00,'2025-01-31 13:57:01','2025-01-31 13:57:01'),
(228,6,'KLOFF','Pipa PVC D 8\" P.4m','Btg',91.00,312130.00,28403830.00,'2025-01-31 13:57:01','2025-01-31 13:57:01'),
(229,6,'','Baut Baja 10x19','Pcs',350.00,195.00,68250.00,'2025-01-31 13:57:01','2025-01-31 13:57:01'),
(230,6,'','Canal C75 T.0,75','Btg',59.00,83000.00,4897000.00,'2025-01-31 13:57:01','2025-01-31 13:57:01'),
(231,6,'KLOFF','Pipa PVC D 2\" P.4m	','Btg',321.00,30225.00,9702225.00,'2025-01-31 13:57:02','2025-01-31 13:57:02'),
(232,6,'KLOFF','Pipa 8\" AW P.4m','Btg',18.00,564125.00,10154250.00,'2025-01-31 13:57:02','2025-01-31 13:57:02'),
(233,6,'KLOFF','Pipa 6\" AW P.4m','Btg',120.00,290940.00,34912800.00,'2025-01-31 13:57:02','2025-01-31 13:57:02'),
(234,2,'Tiga Roda','Semen @50kg','sak',160.00,73000.00,11680000.00,'2025-01-31 13:57:08','2025-01-31 13:57:08'),
(235,22,'','Bata Ringan 10cm','kubik',12.60,430000.00,5418000.00,'2025-02-10 11:06:21','2025-02-10 11:06:21'),
(237,23,'','Ongkos Kirim','lot',1.00,100000.00,100000.00,'2025-02-11 06:25:55','2025-02-11 06:25:55'),
(240,24,'QUADRA','PALISANDRO CLASSICO SIZE 320X160','Slab',2.00,6297600.00,12595200.00,'2025-02-12 14:21:01','2025-02-12 14:21:01'),
(241,25,'Tiga Roda','Semen @50kg','Sak',160.00,73000.00,11680000.00,'2025-02-13 12:04:46','2025-02-13 12:04:46'),
(242,26,'Roman GT635540R','dScoria Charcoal size 30x60','Dus',7.00,259850.00,1818950.00,'2025-02-13 13:29:38','2025-02-13 13:29:38'),
(243,27,'DEKKSON','Flush Bolt - FB 508 Black','pcs',1.00,58000.00,58000.00,'2025-02-14 09:21:53','2025-02-14 09:21:53'),
(244,27,'DEKKSON','Deluxe Hinge - ESS DL 4x3x3mm 2BB Black','set',1.00,165000.00,165000.00,'2025-02-14 09:21:53','2025-02-14 09:21:53'),
(245,27,'DEKKSON','Door Closer - DCL 300 ( Hold Open ) Black','bh',1.00,280000.00,280000.00,'2025-02-14 09:21:53','2025-02-14 09:21:53'),
(246,27,'DEKKSON','Mortise Sliding Lock - DL 84100N Black','bh',1.00,150000.00,150000.00,'2025-02-14 09:21:53','2025-02-14 09:21:53'),
(247,27,'DEKKSON','Lever Handle - LHR 0816 Black','set',1.00,143000.00,143000.00,'2025-02-14 09:21:53','2025-02-14 09:21:53'),
(248,27,'DEKKSON','Full Handle C - PH DL801 25x300x325 Black','set',1.00,350000.00,350000.00,'2025-02-14 09:21:53','2025-02-14 09:21:53'),
(249,27,'DEKKSON','Top Hanger 715 2W RL SSS','bh',1.00,390000.00,390000.00,'2025-02-14 09:21:53','2025-02-14 09:21:53'),
(250,27,'DEKKSON','Top Hanger 716 4W SSS','bh',1.00,490000.00,490000.00,'2025-02-14 09:21:53','2025-02-14 09:21:53'),
(251,27,'DEKKSON','Bottom Guide 717 RL SSS','bh',1.00,170500.00,170500.00,'2025-02-14 09:21:53','2025-02-14 09:21:53'),
(252,27,'DEKKSON','Pull Plate - PP 008A 200x37.5x13 Black','set',1.00,116000.00,116000.00,'2025-02-14 09:21:53','2025-02-14 09:21:53'),
(303,28,'DEKKSON','Top Track Besar 300cm','BTG',2.00,781000.00,1562000.00,'2025-02-15 10:46:19','2025-02-15 10:46:19'),
(304,28,'DEKKSON','Deluxe Hinge - ESS DL 4x3x3mm 2BB Black','PRS',41.00,165000.00,6765000.00,'2025-02-15 10:46:19','2025-02-15 10:46:19'),
(305,28,'DEKKSON','Mortise Sliding Lock - DL 84100N Black','BH',1.00,150000.00,150000.00,'2025-02-15 10:46:19','2025-02-15 10:46:19'),
(306,28,'DEKKSON','Cylinder - DC DL 60mm Black','BH',13.00,160000.00,2080000.00,'2025-02-15 10:46:19','2025-02-15 10:46:19'),
(307,28,'DEKKSON','Escutcheon D01 Matt Black','PRS',2.00,50000.00,100000.00,'2025-02-15 10:46:19','2025-02-15 10:46:19'),
(308,28,'DEKKSON','Full Handle C - PH DL801 25x300x325 Black','PRS',3.00,350000.00,1050000.00,'2025-02-15 10:46:19','2025-02-15 10:46:19'),
(309,28,'DEKKSON','Handle Tanam Dekson PP 008A 20cm','PRS',7.00,116000.00,812000.00,'2025-02-15 10:46:19','2025-02-15 10:46:19'),
(310,28,'KARET','Karet Bulat Hitam','ROLL',2.00,66000.00,132000.00,'2025-02-15 10:46:19','2025-02-15 10:46:19'),
(311,28,'DEKKSON','Flush Bolt - FB 508 Black','PRS',17.00,58000.00,986000.00,'2025-02-15 10:46:19','2025-02-15 10:46:19'),
(312,28,'TEROD','Terod Pintu Alumunium','BTG',56.00,15000.00,840000.00,'2025-02-15 10:46:19','2025-02-15 10:46:19'),
(313,28,'DEKKSON','Bottom Channel U Alumunium 300cm (sayap)','BTG',2.00,183000.00,366000.00,'2025-02-15 10:46:19','2025-02-15 10:46:19'),
(314,28,'DEKKSON','Top Hanger 715 2W RL SSS','BH',3.00,390000.00,1170000.00,'2025-02-15 10:46:19','2025-02-15 10:46:19'),
(315,28,'DEKKSON','Bottom Guide 717 RL SSS','BH',3.00,170500.00,511500.00,'2025-02-15 10:46:19','2025-02-15 10:46:19'),
(316,28,'DEKKSON','Door Closer - DCL 300 ( Hold Open ) Black','BH',47.00,280000.00,13160000.00,'2025-02-15 10:46:19','2025-02-15 10:46:19'),
(317,28,'DEKKSON','Lever Handle - LHR 0816 Black','PRS',10.00,143000.00,1430000.00,'2025-02-15 10:46:19','2025-02-15 10:46:19'),
(318,28,'DEKKSON','Mortise Lock 84030 Black','BH',11.00,230000.00,2530000.00,'2025-02-15 10:46:19','2025-02-15 10:46:19'),
(319,28,'DEKKSON','Sleding Set - SR 8901 D4 200cm (100kg)','BTG',4.00,395000.00,1580000.00,'2025-02-15 10:46:19','2025-02-15 10:46:19'),
(320,29,'Tiga Roda','Semen @50kg','Sak',160.00,73000.00,11680000.00,'2025-02-15 18:26:26','2025-02-15 18:26:26'),
(321,30,'Tiga Roda','Semen @50kg','Dus',160.00,73000.00,11680000.00,'2025-02-15 18:40:26','2025-02-15 18:40:26'),
(322,31,'Mulia','White Non Bevel size 10x30 Matt','Dus',75.00,75500.00,5662500.00,'2025-02-15 19:02:03','2025-02-15 19:02:03'),
(323,32,'Infiniti','Briatico Dark Brown size 80x80','Dus',5.00,374400.00,1872000.00,'2025-02-15 19:21:50','2025-02-15 19:21:50'),
(324,32,'Infiniti','Costabrava Cream size 60x120','Dus',12.00,305280.00,3663360.00,'2025-02-15 19:21:50','2025-02-15 19:21:50'),
(325,33,'Roman GT602133CR','dAugusta Grey Matt size 60x60','Dus',27.00,202000.00,5454000.00,'2025-02-16 01:04:58','2025-02-16 01:04:58'),
(331,35,'Mulia','Subway Mulia Bevel Glossy size 10x30','Dus',16.00,78000.00,1248000.00,'2025-02-19 10:34:23','2025-02-19 10:34:23'),
(340,34,'Taco TH872RE','Hazel Chemari','Lbr',30.00,285000.00,8550000.00,'2025-02-19 16:43:29','2025-02-19 16:43:29'),
(341,34,'Taco TH1239FA','Avena Linen','Lbr',45.00,285000.00,12825000.00,'2025-02-19 16:43:29','2025-02-19 16:43:29'),
(342,34,'Taco WP6002PA','Cinnamon','Dus',3.00,1104000.00,3312000.00,'2025-02-19 16:43:29','2025-02-19 16:43:29'),
(343,34,'Taco TV3025','Dark Grey Slate','Dus',60.00,555000.00,33300000.00,'2025-02-19 16:43:29','2025-02-19 16:43:29'),
(344,34,'Taco TV5505SPC','Carson Oak','Dus',20.00,635000.00,12700000.00,'2025-02-19 16:43:29','2025-02-19 16:43:29'),
(345,34,'Taco TH1235FA','Cream Bexter','Lbr',20.00,285000.00,5700000.00,'2025-02-19 16:43:29','2025-02-19 16:43:29'),
(346,34,'Taco TIX0050CM','Acacia Teak','Lbr',50.00,355000.00,17750000.00,'2025-02-19 16:43:29','2025-02-19 16:43:29'),
(347,34,'Taco SI9009VA','Deli Caramel','Lbr',11.00,206000.00,2266000.00,'2025-02-19 16:43:29','2025-02-19 16:43:29'),
(348,34,'','Plywood MC 12mm','Lbr',10.00,125000.00,1250000.00,'2025-02-19 16:43:29','2025-02-19 16:43:29'),
(349,34,'Taco','Lem Active @10kg','Blek',5.00,475000.00,2375000.00,'2025-02-19 16:43:29','2025-02-19 16:43:29'),
(360,36,'','Jotun Antifade Grey 9913','pail',2.00,3240000.00,6480000.00,'2025-02-21 08:07:14','2025-02-21 08:07:14'),
(361,36,'','Dulux Pentalite 40708 Loud Stone Doff','pail',1.00,1885000.00,1885000.00,'2025-02-21 08:07:14','2025-02-21 08:07:14'),
(362,36,'','Dulux Pentalite Light Charcoal 88BG 62/005','pail',1.00,1985000.00,1985000.00,'2025-02-21 08:07:14','2025-02-21 08:07:14'),
(363,36,'','Aquaproof Pro Abu-Abu 4kg','galon',1.00,350000.00,350000.00,'2025-02-21 08:07:14','2025-02-21 08:07:14'),
(364,36,'','Ftalite Permanent Red KF-43','klg',3.00,88000.00,264000.00,'2025-02-21 08:07:14','2025-02-21 08:07:14'),
(371,37,'Infiniti','Cemento White size 60x60','Dus',9.00,201600.00,1814400.00,'2025-02-21 11:28:07','2025-02-21 11:28:07'),
(372,37,'Venus','Cerra Hokkaido White Bone size 30,6x30,6','Dus',5.00,465000.00,2325000.00,'2025-02-21 11:28:07','2025-02-21 11:28:07'),
(374,38,'QUADRA','ARCHANGEL WINGS SIZE 160X320','Slab',2.00,11264000.00,22528000.00,'2025-02-21 11:35:31','2025-02-21 11:35:31'),
(375,39,'Infiniti','Montecarlo Grey Glossy size 60x60','Dus',20.00,223200.00,4464000.00,'2025-02-21 15:07:31','2025-02-21 15:07:31'),
(376,39,'Infiniti','Tarsus Grey Matt size 60x60','Dus',10.00,200000.00,2000000.00,'2025-02-21 15:07:31','2025-02-21 15:07:31'),
(377,40,'DEKKSON','Deluxe Hinge - ESS DL 4x3x3mm 2BB Black','PRS',7.00,165000.00,1155000.00,'2025-02-24 10:26:21','2025-02-24 10:26:21'),
(378,40,'DEKKSON','Mortise Sliding Lock - DL 84100N Black','BH',1.00,150000.00,150000.00,'2025-02-24 10:26:21','2025-02-24 10:26:21'),
(379,40,'DEKKSON','Cylinder - DC DL 60mm Black','BH',3.00,160000.00,480000.00,'2025-02-24 10:26:21','2025-02-24 10:26:21'),
(380,40,'DEKKSON','Top Hanger 715 2W RL SSS','BH',1.00,390000.00,390000.00,'2025-02-24 10:26:21','2025-02-24 10:26:21'),
(381,40,'DEKKSON','Bottom Guide 717 RL SSS','BH',1.00,170500.00,170500.00,'2025-02-24 10:26:21','2025-02-24 10:26:21'),
(382,40,'DEKKSON','Lever Handle - LHTR 0019 Black','PRS',3.00,295000.00,885000.00,'2025-02-24 10:26:21','2025-02-24 10:26:21'),
(383,40,'DEKKSON','Mortise Lock - MTS L DL 8485 Black','BH',2.00,235000.00,470000.00,'2025-02-24 10:26:21','2025-02-24 10:26:21'),
(384,41,'Mulia','Bevel White Glossy size 10x30','Dus',16.00,79000.00,1264000.00,'2025-02-25 13:39:16','2025-02-25 13:39:16'),
(385,42,'Infiniti ','Cemento Grey size 60x60','Dus',46.00,205920.00,9472320.00,'2025-02-28 18:13:22','2025-02-28 18:13:22'),
(388,43,'JOTUN','Jotun Jotasheild Antifade Grey 9911 2.5L','galon',2.00,370000.00,740000.00,'2025-03-05 11:30:27','2025-03-05 11:30:27'),
(391,44,'CHAMPION','SPC CC05','Dus',8.00,415000.00,3320000.00,'2025-03-06 15:36:26','2025-03-06 15:36:26'),
(392,45,'','Jotun Jotasheild Antifade Grey 9911 2.5L','galon',1.00,370000.00,370000.00,'2025-03-07 00:05:55','2025-03-07 00:05:55'),
(395,46,'QUADRA','ARABESCATO BIANCO SIZE 320X160','SLAB',3.00,6963200.00,20889600.00,'2025-03-07 09:57:23','2025-03-07 09:57:23'),
(396,47,'Mozza Tile','Plaza White Glossy size 22mm x 145mm','Pcs',25.00,42550.00,1063750.00,'2025-03-14 11:21:04','2025-03-14 11:21:04'),
(397,47,'Mozza Tile','Plaza Pink Matte size 22mm x 145mm','Pcs',25.00,43000.00,1075000.00,'2025-03-14 11:21:04','2025-03-14 11:21:04'),
(417,49,'','Stiffener besi plat 8mm uk 6x25','pcs',48.00,28000.00,1344000.00,'2025-03-15 16:09:55','2025-03-15 16:09:55'),
(418,49,'','Base plat 10mm uk 30x30','pcs',8.00,160000.00,1280000.00,'2025-03-15 16:09:55','2025-03-15 16:09:55'),
(419,49,'','Anchor besi m16 x 40cm','pcs',36.00,20000.00,720000.00,'2025-03-15 16:09:55','2025-03-15 16:09:55'),
(420,49,'','Handle pintu besi','pcs',2.00,25000.00,50000.00,'2025-03-15 16:09:55','2025-03-15 16:09:55'),
(421,48,'','Kawat Bendrat','kg',1.00,18000.00,18000.00,'2025-03-15 16:10:52','2025-03-15 16:10:52'),
(422,48,'','Amplas 80','mtr',5.00,5500.00,27500.00,'2025-03-15 16:10:52','2025-03-15 16:10:52'),
(423,48,'','Thinner HG + Drigen','drg',9.00,385000.00,3465000.00,'2025-03-15 16:10:52','2025-03-15 16:10:52'),
(424,48,'','Roll Cat Minyak + Gagang','pcs',4.00,12000.00,48000.00,'2025-03-15 16:10:52','2025-03-15 16:10:52'),
(425,48,'','Roll Cat Minyak ( Refill )','pcs',9.00,2500.00,22500.00,'2025-03-15 16:10:52','2025-03-15 16:10:52'),
(426,48,'','Slup besi 8mm, ring 8mm uk 8x12 P3m','btg',22.00,80000.00,1760000.00,'2025-03-15 16:10:52','2025-03-15 16:10:52'),
(427,48,'','Dynabolt 12x7','pcs',10.00,3500.00,35000.00,'2025-03-15 16:10:52','2025-03-15 16:10:52'),
(428,48,'','Lampu Gantung LED 50watt Highbay','unit',10.00,225000.00,2250000.00,'2025-03-15 16:10:52','2025-03-15 16:10:52'),
(429,48,'','Lampu Sorot LED 100watt','unit',6.00,175000.00,1050000.00,'2025-03-15 16:10:52','2025-03-15 16:10:52'),
(430,48,'','Saklar Panasonic Single Outbow','unit',13.00,18000.00,234000.00,'2025-03-15 16:10:52','2025-03-15 16:10:52'),
(431,48,'','Saklar Panasonic Double Outbow','unit',4.00,22000.00,88000.00,'2025-03-15 16:10:52','2025-03-15 16:10:52'),
(432,48,'','Stop Kontak Panasonic Single Outbow','unit',10.00,18000.00,180000.00,'2025-03-15 16:10:52','2025-03-15 16:10:52'),
(433,48,'','MCB box Hagger Outbow 12 group','unit',2.00,235000.00,470000.00,'2025-03-15 16:10:52','2025-03-15 16:10:52'),
(434,48,'','MCB Schneider 10A','unit',6.00,75000.00,450000.00,'2025-03-15 16:10:52','2025-03-15 16:10:52'),
(435,48,'','MCB Schneider 16A','unit',4.00,75000.00,300000.00,'2025-03-15 16:10:52','2025-03-15 16:10:52'),
(436,48,'','Triplek 6mm MC meranti','lbr',16.00,99000.00,1584000.00,'2025-03-15 16:10:52','2025-03-15 16:10:52'),
(437,48,'','Screw SDS 8x25','pcs',200.00,225.00,45000.00,'2025-03-15 16:10:52','2025-03-15 16:10:52'),
(438,48,'','Lampu Philips 12W','unit',4.00,55000.00,220000.00,'2025-03-15 16:10:52','2025-03-15 16:10:52'),
(439,48,'','Exhaust Fan Maspion 10\" Dinding','unit',2.00,400000.00,800000.00,'2025-03-15 16:10:52','2025-03-15 16:10:52'),
(461,50,'','Triplek 9mm MC meranti STD Furniture','lbr',35.00,138000.00,4830000.00,'2025-03-17 16:22:56','2025-03-17 16:22:56'),
(462,50,'','Triplek 3mm MC meranti STD Furniture','lbr',50.00,83000.00,4150000.00,'2025-03-17 16:22:56','2025-03-17 16:22:56'),
(463,50,'','Screw Gypsum 6x1 CML','dus',10.00,55000.00,550000.00,'2025-03-17 16:22:56','2025-03-17 16:22:56'),
(464,50,'','Paku Beton 2\" CML','dus',5.00,46000.00,230000.00,'2025-03-17 16:22:56','2025-03-17 16:22:56'),
(465,50,'','Sosis Neutral Silicone Tranparant 600ml','pcs',40.00,53000.00,2120000.00,'2025-03-17 16:22:56','2025-03-17 16:22:56'),
(466,50,'','Hollow 40x40x0.40 Kotak Full','btg',200.00,52000.00,10400000.00,'2025-03-17 16:22:56','2025-03-17 16:22:56'),
(469,51,'Valentino','Tropez Grey Matt size 60x60','Dus',13.00,201600.00,2620800.00,'2025-03-20 10:34:14','2025-03-20 10:34:14'),
(470,51,'Valentino','Rustico White Matt size 60x60','Dus',24.00,230400.00,5529600.00,'2025-03-20 10:34:14','2025-03-20 10:34:14'),
(471,52,'Valentino','Montreal Light Grey size 60x60','Dus',4.00,203040.00,812160.00,'2025-03-21 09:05:58','2025-03-21 09:05:58'),
(472,52,'Valentino','Slate Graphite size 60x60','Dus',4.00,237600.00,950400.00,'2025-03-21 09:05:58','2025-03-21 09:05:58'),
(473,53,'','Semen Putih Tiga Roda 40kg','zak',30.00,63500.00,1905000.00,'2025-03-26 15:04:45','2025-03-26 15:04:45'),
(474,53,'','Drywall Stud 76mmx28x28 Jaya 0,4mm','btg',250.00,58500.00,14625000.00,'2025-03-26 15:04:45','2025-03-26 15:04:45'),
(484,54,'Oulu ','C633 Complete Set','Set',4.00,720720.72,2882883.00,'2025-04-07 17:02:15','2025-04-07 17:02:15'),
(485,54,'New Soligen','Jet Wasser size 688x410x515mm','Pcs',4.00,90090.10,360360.00,'2025-04-07 17:02:15','2025-04-07 17:02:15'),
(486,54,'','Kran Wastafel Up-Down Small','Pcs',10.00,81981.10,819811.00,'2025-04-07 17:02:15','2025-04-07 17:02:15'),
(487,54,'','Sifon T Inc Drain','Set',10.00,99099.10,990991.00,'2025-04-07 17:02:15','2025-04-07 17:02:15'),
(488,54,'Bozlano','Floor Drain','Pcs',17.00,67567.60,1148649.00,'2025-04-07 17:02:15','2025-04-07 17:02:15'),
(489,54,'Soligen','Kran Janitor','Pcs',2.00,58558.59,117117.00,'2025-04-07 17:02:15','2025-04-07 17:02:15'),
(490,54,'Sandimas - L102','Wall Hung Urinal (Body Only)','Unit',7.00,990991.00,6936937.00,'2025-04-07 17:02:15','2025-04-07 17:02:15'),
(491,54,'','Kran Dinding YG-95N','Pcs',8.00,58558.56,468468.00,'2025-04-07 17:02:15','2025-04-07 17:02:15'),
(492,54,'Yaris','Pegangan Bathup 40cm','Pcs',4.00,94594.60,378378.00,'2025-04-07 17:02:15','2025-04-07 17:02:15'),
(493,54,'FWC','Toilet Jongkok Putih','Unit',8.00,180180.19,1441442.00,'2025-04-07 17:02:15','2025-04-07 17:02:15'),
(494,55,'Tiga Roda','Semen @50kg','Sak',160.00,73000.00,11680000.00,'2025-04-08 12:42:01','2025-04-08 12:42:01'),
(495,56,'Niro - GIX07','Ash Grey size 60x60','Dus',2.00,266000.00,532000.00,'2025-04-12 15:36:28','2025-04-12 15:36:28'),
(498,58,'Taco - TV3015','Vicenza Elm 3mm','Dus',5.00,537000.00,2685000.00,'2025-04-15 15:11:20','2025-04-15 15:11:20'),
(499,58,'Taco - TV3014','Natural Beech 3mm','Dus',4.00,537000.00,2148000.00,'2025-04-15 15:11:20','2025-04-15 15:11:20'),
(500,58,'Taco - TV3010','Warm Cherry 3mm','Dus',2.00,537000.00,1074000.00,'2025-04-15 15:11:20','2025-04-15 15:11:20'),
(501,59,'','Spandek 0.25mm x 1m','lbr',42.00,35000.00,1470000.00,'2025-04-16 08:26:35','2025-04-16 08:26:35'),
(502,59,'','Spandek 0.30mm x 3m','lbr',2.00,132000.00,264000.00,'2025-04-16 08:26:35','2025-04-16 08:26:35'),
(503,59,'','Reng 28.40','btg',14.00,27000.00,378000.00,'2025-04-16 08:26:35','2025-04-16 08:26:35'),
(504,59,'','Cnp 0.60 Full','btg',10.00,61000.00,610000.00,'2025-04-16 08:26:35','2025-04-16 08:26:35'),
(505,59,'','Hollow Galvalume 4x4x0.3mm','btg',3.00,20000.00,60000.00,'2025-04-16 08:26:35','2025-04-16 08:26:35'),
(506,59,'','Screw 10x16','pcs',200.00,200.00,40000.00,'2025-04-16 08:26:35','2025-04-16 08:26:35'),
(507,59,'','Roofing 5cm','pcs',50.00,600.00,30000.00,'2025-04-16 08:26:35','2025-04-16 08:26:35'),
(508,60,'Taco TV3004','Parma Oak 3mm','Dus',4.00,537000.00,2148000.00,'2025-04-16 11:10:55','2025-04-16 11:10:55'),
(512,57,'Valentino','Tropaz Grey Matt size 60x60','Dus',13.00,198000.00,2574000.00,'2025-04-16 15:22:55','2025-04-16 15:22:55'),
(513,57,'Valentino','Rustico White Matt size 60x60','Dus',30.00,225000.00,6750000.00,'2025-04-16 15:22:55','2025-04-16 15:22:55'),
(514,57,'Valentino','Tropaz Grey Matt size 60x60','Dus',6.00,198000.00,1188000.00,'2025-04-16 15:22:55','2025-04-16 15:22:55'),
(515,61,'','Gypsum Jayaboard 9mm','lbr',80.00,66000.00,5280000.00,'2025-04-21 06:07:03','2025-04-21 06:07:03'),
(516,61,'','Hollow Galvanis Tali Hitam Kuning 2x4x0.50mm','btg',250.00,34500.00,8625000.00,'2025-04-21 06:07:03','2025-04-21 06:07:03'),
(517,61,'','Hollow Galvanis Tali Hitam Kuning 4x4x0.50mm','btg',50.00,45000.00,2250000.00,'2025-04-21 06:07:03','2025-04-21 06:07:03'),
(518,61,'','Compound Aplus 20kg','zak',4.00,57500.00,230000.00,'2025-04-21 06:07:03','2025-04-21 06:07:03'),
(519,61,'','Screw Gypsum 6x1 Centro','dus',2.00,70000.00,140000.00,'2025-04-21 06:07:03','2025-04-21 06:07:03'),
(520,61,'','Paku Beton 5cm','ktk',2.00,55000.00,110000.00,'2025-04-21 06:07:03','2025-04-21 06:07:03'),
(521,61,'','Kain Kassa Gypsum','roll',6.00,6000.00,36000.00,'2025-04-21 06:07:03','2025-04-21 06:07:03'),
(523,63,'Valentino','Ticino Light Grey size 60x60','Dus',2.00,237600.00,475200.00,'2025-04-21 10:55:15','2025-04-21 10:55:15'),
(524,64,'Roman GT809856FR','dMarche Nebbia size 80x80','Dus',7.00,370000.00,2590000.00,'2025-04-21 11:04:58','2025-04-21 11:04:58'),
(525,64,'Roman GT1265514R','dShard Grey size 60x120','Dus',7.00,390000.00,2730000.00,'2025-04-21 11:04:58','2025-04-21 11:04:58'),
(526,64,'Roman GT1262505R','dStimento Perla size 60x120','Dus',19.00,360000.00,6840000.00,'2025-04-21 11:04:58','2025-04-21 11:04:58'),
(527,64,'Roman GT1262507R','dStimento Charcoal size 60x120','Dus',10.00,360000.00,3600000.00,'2025-04-21 11:04:58','2025-04-21 11:04:58'),
(528,64,'Roman GT635525R','dGinostra Charcoal size 30x60','Dus',3.00,203000.00,609000.00,'2025-04-21 11:04:58','2025-04-21 11:04:58'),
(529,64,'Wisma Sehati','SPC Sehati Beige Oak size 5mm','Dus',47.00,576000.00,27072000.00,'2025-04-21 11:04:58','2025-04-21 11:04:58'),
(530,62,'Valentino','Pure Black Glossy size 80x80','Dus',13.00,440640.00,5728320.00,'2025-04-21 11:32:05','2025-04-21 11:32:05');
/*!40000 ALTER TABLE `tr_sales_non_details` ENABLE KEYS */;
UNLOCK TABLES;

--
-- Table structure for table `tr_sales_non_files`
--

DROP TABLE IF EXISTS `tr_sales_non_files`;
/*!40101 SET @saved_cs_client     = @@character_set_client */;
/*!40101 SET character_set_client = utf8mb4 */;
CREATE TABLE `tr_sales_non_files` (
  `id` bigint(20) unsigned NOT NULL AUTO_INCREMENT,
  `sales_non_id` bigint(20) NOT NULL,
  `file` varchar(100) NOT NULL,
  `created_at` timestamp NULL DEFAULT NULL,
  `updated_at` timestamp NULL DEFAULT NULL,
  PRIMARY KEY (`id`),
  KEY `tr_sales_non_files_id_index` (`id`),
  KEY `tr_sales_non_files_sales_non_id_index` (`sales_non_id`)
) ENGINE=InnoDB DEFAULT CHARSET=utf8mb4 COLLATE=utf8mb4_unicode_ci ROW_FORMAT=DYNAMIC;
/*!40101 SET character_set_client = @saved_cs_client */;

--
-- Dumping data for table `tr_sales_non_files`
--

LOCK TABLES `tr_sales_non_files` WRITE;
/*!40000 ALTER TABLE `tr_sales_non_files` DISABLE KEYS */;
/*!40000 ALTER TABLE `tr_sales_non_files` ENABLE KEYS */;
UNLOCK TABLES;

--
-- Table structure for table `users`
--

DROP TABLE IF EXISTS `users`;
/*!40101 SET @saved_cs_client     = @@character_set_client */;
/*!40101 SET character_set_client = utf8mb4 */;
CREATE TABLE `users` (
  `id` bigint(20) unsigned NOT NULL AUTO_INCREMENT,
  `name` varchar(191) NOT NULL,
  `username` varchar(50) NOT NULL,
  `email` varchar(191) DEFAULT NULL,
  `email_verified_at` timestamp NULL DEFAULT NULL,
  `password` varchar(191) NOT NULL,
  `phone` varchar(20) DEFAULT NULL,
  `identity_number` varchar(20) DEFAULT NULL,
  `place_of_birth` varchar(50) DEFAULT NULL,
  `date_of_birth` date DEFAULT NULL,
  `address` text DEFAULT NULL,
  `join_date` date DEFAULT NULL,
  `leaving_date` date DEFAULT NULL,
  `role_id` bigint(20) NOT NULL DEFAULT 1,
  `remember_token` varchar(100) DEFAULT NULL,
  `current_team_id` bigint(20) unsigned DEFAULT NULL,
  `profile_photo_path` varchar(2048) DEFAULT NULL,
  `is_status` varchar(1) NOT NULL DEFAULT '1',
  `created_at` timestamp NULL DEFAULT NULL,
  `updated_at` timestamp NULL DEFAULT NULL,
  `deleted_at` timestamp NULL DEFAULT NULL,
  `created_by` bigint(20) DEFAULT NULL,
  `updated_by` bigint(20) DEFAULT NULL,
  `deleted_by` bigint(20) DEFAULT NULL,
  PRIMARY KEY (`id`),
  UNIQUE KEY `users_username_unique` (`username`),
  KEY `users_id_index` (`id`),
  KEY `users_name_index` (`name`),
  KEY `users_email_index` (`email`),
  KEY `users_role_id_index` (`role_id`),
  KEY `users_is_status_index` (`is_status`)
) ENGINE=InnoDB AUTO_INCREMENT=8 DEFAULT CHARSET=utf8mb4 COLLATE=utf8mb4_unicode_ci ROW_FORMAT=DYNAMIC;
/*!40101 SET character_set_client = @saved_cs_client */;

--
-- Dumping data for table `users`
--

LOCK TABLES `users` WRITE;
/*!40000 ALTER TABLE `users` DISABLE KEYS */;
INSERT INTO `users` VALUES
(1,'Administrator','adm','admin@zazara',NULL,'$2y$10$LONpOCNVOWs5UWK6AV/hpe651BldBb635nPvzoI2GIsdefvTefFvG',NULL,NULL,NULL,NULL,NULL,NULL,NULL,1,NULL,NULL,NULL,'1','2024-12-18 16:43:00','2024-12-18 16:43:00',NULL,NULL,NULL,NULL),
(2,'Dicky Armando','dicky','dicky@elliasb.co.id',NULL,'$2y$10$Wq26GGHW29wMxlwCLkVTMuTS1XSUqYeuk5PIif2cBPgXiUUNFHfRq','081291137017',NULL,NULL,NULL,NULL,NULL,NULL,5,NULL,NULL,NULL,'1','2024-12-18 16:45:26','2025-01-30 22:33:51',NULL,1,2,NULL),
(3,'Elvin Julian','elvin','elliasuksesbersama@gmail.com',NULL,'$2y$10$c.UYakpAIEySWX0BczMds.rRBPL.RfAb9pOq2hy.eHnhtfaPs9cr.','081281834191',NULL,NULL,NULL,NULL,NULL,NULL,1,'YaKdbnFKMqb8Pf4ccsKuJJdErZ6WlrHNHJwFBcwQ95TwfYNi6qyjLFJxKZiZ',NULL,NULL,'1','2024-12-22 15:44:41','2025-01-31 09:49:18',NULL,2,1,NULL),
(4,'Soleh','soleh','elliasuksesbersama@gmail.com',NULL,'$2y$10$pM27kG/ATQT8HN9LqdKbwuK0iKcL1u1wcMUuJOot6CYz6Lfnyk0ei','081314539300',NULL,NULL,NULL,NULL,NULL,NULL,2,NULL,NULL,NULL,'1','2024-12-22 15:46:15','2025-01-30 22:33:59',NULL,2,2,NULL),
(5,'Dirin','dirin','elliasuksesbersama@gmail.com',NULL,'$2y$10$GF4FFV3p/d74Vm6q6HSlzOiuusp26FOSjSoigB/hQ1KyHd0x9wA3m','089518579450',NULL,NULL,NULL,NULL,NULL,NULL,3,NULL,NULL,NULL,'1','2024-12-22 15:51:54','2025-01-22 00:59:07',NULL,2,3,NULL),
(6,'Amel','amel','elliasuksesbersama@gmail.com',NULL,'$2y$10$mPr17Zxdo0yL8nf91lYrKuaxp2/rPFFAfz2eFz6BqOcAe7mjgLsKy','0895807452688',NULL,NULL,NULL,NULL,NULL,NULL,5,'0zolEvC0xBbgsDhnURJw6JAHyEp515klxZDnBRrYSQRcSNRS7AjSazYg5eMJ',NULL,NULL,'1','2024-12-22 15:53:56','2025-01-30 11:22:38',NULL,2,2,NULL),
(7,'Alfi','alfi','elliasuksesbersama@gmail.com',NULL,'$2y$10$lLsu2yrgz9UWRZzwWpauxum8zEmAShduGp3M1tWHrLm6fuAD9JDe6','087889167995',NULL,NULL,NULL,NULL,NULL,NULL,4,NULL,NULL,NULL,'1','2024-12-23 10:05:17','2025-01-22 00:58:46',NULL,2,3,NULL);
/*!40000 ALTER TABLE `users` ENABLE KEYS */;
UNLOCK TABLES;
/*!40103 SET TIME_ZONE=@OLD_TIME_ZONE */;

/*!40101 SET SQL_MODE=@OLD_SQL_MODE */;
/*!40014 SET FOREIGN_KEY_CHECKS=@OLD_FOREIGN_KEY_CHECKS */;
/*!40014 SET UNIQUE_CHECKS=@OLD_UNIQUE_CHECKS */;
/*!40101 SET CHARACTER_SET_CLIENT=@OLD_CHARACTER_SET_CLIENT */;
/*!40101 SET CHARACTER_SET_RESULTS=@OLD_CHARACTER_SET_RESULTS */;
/*!40101 SET COLLATION_CONNECTION=@OLD_COLLATION_CONNECTION */;
/*!40111 SET SQL_NOTES=@OLD_SQL_NOTES */;

-- Dump completed on 2025-04-26 14:20:53
